	0	1	2	3
cell1	NA	0.0	NA	NA
cell2	NA	0.02704346366226673	NA	NA
cell3	0.6637113690376282	NA	NA	NA
cell4	0.8578919768333435	NA	NA	NA
cell5	0.6520645618438721	NA	NA	NA
cell6	0.815094530582428	NA	NA	NA
cell7	0.7775140404701233	NA	NA	NA
cell8	0.9586501121520996	NA	NA	NA
cell9	NA	NA	0.5240329504013062	NA
cell10	0.8496938943862915	NA	NA	NA
cell11	NA	NA	0.4906150698661804	NA
cell12	0.7368895411491394	NA	NA	NA
cell13	NA	0.02904895320534706	NA	NA
cell14	0.8747214078903198	NA	NA	NA
cell15	NA	NA	0.5212934017181396	NA
cell16	NA	NA	0.5164356231689453	NA
cell17	0.6692659854888916	NA	NA	NA
cell18	0.7833077907562256	NA	NA	NA
cell19	0.8281691074371338	NA	NA	NA
cell20	NA	0.07984212785959244	NA	NA
cell21	NA	0.4679967761039734	NA	NA
cell22	0.7762202620506287	NA	NA	NA
cell23	NA	NA	0.5185999870300293	NA
cell24	0.9668654799461365	NA	NA	NA
cell25	0.740310788154602	NA	NA	NA
cell26	0.979195773601532	NA	NA	NA
cell27	0.7548989653587341	NA	NA	NA
cell28	NA	NA	0.5170784592628479	NA
cell29	0.7814365029335022	NA	NA	NA
cell30	0.8302780389785767	NA	NA	NA
cell31	0.766309380531311	NA	NA	NA
cell32	NA	0.07479797303676605	NA	NA
cell33	0.9651814699172974	NA	NA	NA
cell34	0.8354895710945129	NA	NA	NA
cell35	0.7680403590202332	NA	NA	NA
cell36	NA	NA	0.49630215764045715	NA
cell37	0.7640195488929749	NA	NA	NA
cell38	NA	0.03259100019931793	NA	NA
cell39	0.862759530544281	NA	NA	NA
cell40	0.9841850996017456	NA	NA	NA
cell41	0.7329179644584656	NA	NA	NA
cell42	0.867328941822052	NA	NA	NA
cell43	0.6597941517829895	NA	NA	NA
cell44	NA	0.07844549417495728	NA	NA
cell45	0.7882316708564758	NA	NA	NA
cell46	0.7382387518882751	NA	NA	NA
cell47	0.8607288599014282	NA	NA	NA
cell48	0.7408517003059387	NA	NA	NA
cell49	0.7698952555656433	NA	NA	NA
cell50	0.9656935930252075	NA	NA	NA
cell51	0.970516562461853	NA	NA	NA
cell52	0.8264445662498474	NA	NA	NA
cell53	0.6863994598388672	NA	NA	NA
cell54	0.7783541083335876	NA	NA	NA
cell55	NA	NA	0.48828500509262085	NA
cell56	0.7452856302261353	NA	NA	NA
cell57	NA	0.06938975304365158	NA	NA
cell58	NA	NA	0.509520411491394	NA
cell59	NA	NA	0.5114896893501282	NA
cell60	0.7752445936203003	NA	NA	NA
cell61	0.7567975521087646	NA	NA	NA
cell62	NA	0.3725311756134033	NA	NA
cell63	0.7527874708175659	NA	NA	NA
cell64	0.8553963899612427	NA	NA	NA
cell65	0.8075001239776611	NA	NA	NA
cell66	NA	NA	0.5080480575561523	NA
cell67	0.9723345041275024	NA	NA	NA
cell68	0.885013997554779	NA	NA	NA
cell69	0.7443909049034119	NA	NA	NA
cell70	NA	0.041706014424562454	NA	NA
cell71	NA	NA	0.5048468112945557	NA
cell72	NA	0.009777011349797249	NA	NA
cell73	0.7844856977462769	NA	NA	NA
cell74	0.9620017409324646	NA	NA	NA
cell75	0.9715943932533264	NA	NA	NA
cell76	0.7564820647239685	NA	NA	NA
cell77	0.8018771409988403	NA	NA	NA
cell78	NA	0.024156605824828148	NA	NA
cell79	0.9546593427658081	NA	NA	NA
cell80	0.9431090354919434	NA	NA	NA
cell81	NA	0.003545151324942708	NA	NA
cell82	0.8328078985214233	NA	NA	NA
cell83	0.7909808158874512	NA	NA	NA
cell84	NA	0.055813975632190704	NA	NA
cell85	NA	NA	0.5056292414665222	NA
cell86	0.8531234264373779	NA	NA	NA
cell87	0.7386997938156128	NA	NA	NA
cell88	0.7506524324417114	NA	NA	NA
cell89	NA	NA	0.49044957756996155	NA
cell90	0.9561082124710083	NA	NA	NA
cell91	NA	NA	0.5005499124526978	NA
cell92	0.7747596502304077	NA	NA	NA
cell93	NA	0.015880335122346878	NA	NA
cell94	0.829584002494812	NA	NA	NA
cell95	0.8326864242553711	NA	NA	NA
cell96	0.8608755469322205	NA	NA	NA
cell97	NA	0.10577569901943207	NA	NA
cell98	0.866659939289093	NA	NA	NA
cell99	NA	0.04816942662000656	NA	NA
cell100	0.7673839330673218	NA	NA	NA
cell101	0.943457305431366	NA	NA	NA
cell102	0.8141793012619019	NA	NA	NA
cell103	NA	0.022698992863297462	NA	NA
cell104	0.9675976037979126	NA	NA	NA
cell105	NA	NA	0.4884933531284332	NA
cell106	0.7696887254714966	NA	NA	NA
cell107	NA	0.38727977871894836	NA	NA
cell108	0.7730167508125305	NA	NA	NA
cell109	0.6782481670379639	NA	NA	NA
cell110	0.7595800757408142	NA	NA	NA
cell111	NA	0.32924187183380127	NA	NA
cell112	0.6570538282394409	NA	NA	NA
cell113	0.7311308979988098	NA	NA	NA
cell114	0.7674658298492432	NA	NA	NA
cell115	NA	NA	0.4935951232910156	NA
cell116	NA	NA	0.4974059760570526	NA
cell117	0.722200334072113	NA	NA	NA
cell118	NA	NA	0.5053269863128662	NA
cell119	NA	NA	0.5170360207557678	NA
cell120	NA	NA	0.5155265927314758	NA
cell121	0.774549663066864	NA	NA	NA
cell122	0.7243019342422485	NA	NA	NA
cell123	0.6714338660240173	NA	NA	NA
cell124	NA	NA	0.5281166434288025	NA
cell125	0.9397023320198059	NA	NA	NA
cell126	NA	0.42658349871635437	NA	NA
cell127	NA	0.002399794990196824	NA	NA
cell128	0.6565869450569153	NA	NA	NA
cell129	NA	NA	0.5163875818252563	NA
cell130	NA	0.01219000294804573	NA	NA
cell131	0.8188946843147278	NA	NA	NA
cell132	0.85134357213974	NA	NA	NA
cell133	0.7418855428695679	NA	NA	NA
cell134	0.9549550414085388	NA	NA	NA
cell135	0.8188685178756714	NA	NA	NA
cell136	NA	NA	0.5243706107139587	NA
cell137	0.7611731886863708	NA	NA	NA
cell138	0.8361373543739319	NA	NA	NA
cell139	NA	0.4302240014076233	NA	NA
cell140	0.8766910433769226	NA	NA	NA
cell141	NA	NA	0.49053964018821716	NA
cell142	0.77089524269104	NA	NA	NA
cell143	0.9844821095466614	NA	NA	NA
cell144	0.8508792519569397	NA	NA	NA
cell145	0.9742423892021179	NA	NA	NA
cell146	NA	0.03238260746002197	NA	NA
cell147	0.7571336030960083	NA	NA	NA
cell148	NA	0.04784158989787102	NA	NA
cell149	0.773261308670044	NA	NA	NA
cell150	0.8067789673805237	NA	NA	NA
cell151	0.7785487771034241	NA	NA	NA
cell152	0.7681721448898315	NA	NA	NA
cell153	0.7675431966781616	NA	NA	NA
cell154	0.7385786175727844	NA	NA	NA
cell155	NA	NA	0.5010229349136353	NA
cell156	0.749140739440918	NA	NA	NA
cell157	NA	NA	0.51417475938797	NA
cell158	NA	NA	0.5828108787536621	NA
cell159	0.942780077457428	NA	NA	NA
cell160	0.7537814974784851	NA	NA	NA
cell161	NA	NA	0.6404600739479065	NA
cell162	0.7225207090377808	NA	NA	NA
cell163	NA	NA	NA	0.9315407276153564
cell164	0.7646477222442627	NA	NA	NA
cell165	0.6937138438224792	NA	NA	NA
cell166	0.8565816879272461	NA	NA	NA
cell167	0.7807510495185852	NA	NA	NA
cell168	0.7387193441390991	NA	NA	NA
cell169	0.7718803286552429	NA	NA	NA
cell170	0.6747302412986755	NA	NA	NA
cell171	0.7631768584251404	NA	NA	NA
cell172	NA	NA	0.48577168583869934	NA
cell173	NA	0.44919076561927795	NA	NA
cell174	0.7587816119194031	NA	NA	NA
cell175	NA	NA	0.5062307715415955	NA
cell176	0.6631235480308533	NA	NA	NA
cell177	0.7595189809799194	NA	NA	NA
cell178	NA	NA	0.5122961401939392	NA
cell179	0.8798984289169312	NA	NA	NA
cell180	0.8924961090087891	NA	NA	NA
cell181	NA	NA	0.49160340428352356	NA
cell182	NA	NA	0.5207728147506714	NA
cell183	0.7757660746574402	NA	NA	NA
cell184	NA	NA	0.48645687103271484	NA
cell185	NA	NA	0.5244035124778748	NA
cell186	NA	NA	0.4787898659706116	NA
cell187	0.8735985159873962	NA	NA	NA
cell188	0.8945541381835938	NA	NA	NA
cell189	0.7661001086235046	NA	NA	NA
cell190	0.7480000257492065	NA	NA	NA
cell191	NA	0.04366222769021988	NA	NA
cell192	0.7596521973609924	NA	NA	NA
cell193	0.837415337562561	NA	NA	NA
cell194	NA	NA	0.5162064433097839	NA
cell195	0.7715373039245605	NA	NA	NA
cell196	NA	NA	0.49032366275787354	NA
cell197	0.7754589319229126	NA	NA	NA
cell198	0.8705845475196838	NA	NA	NA
cell199	0.9798048138618469	NA	NA	NA
cell200	0.7650390267372131	NA	NA	NA
cell201	0.7671505212783813	NA	NA	NA
cell202	0.6709161400794983	NA	NA	NA
cell203	NA	NA	NA	0.9214271306991577
cell204	0.7994339466094971	NA	NA	NA
cell205	0.8059315085411072	NA	NA	NA
cell206	0.9334834814071655	NA	NA	NA
cell207	NA	0.010738914832472801	NA	NA
cell208	0.767363429069519	NA	NA	NA
cell209	0.7447848916053772	NA	NA	NA
cell210	0.7821210622787476	NA	NA	NA
cell211	0.8606775403022766	NA	NA	NA
cell212	0.7737677693367004	NA	NA	NA
cell213	NA	0.054893188178539276	NA	NA
cell214	NA	0.029827121645212173	NA	NA
cell215	NA	0.36954325437545776	NA	NA
cell216	NA	NA	0.4838393032550812	NA
cell217	0.7838829755783081	NA	NA	NA
cell218	0.8297378420829773	NA	NA	NA
cell219	0.7435197234153748	NA	NA	NA
cell220	NA	0.4144965410232544	NA	NA
cell221	NA	0.3731464743614197	NA	NA
cell222	NA	NA	0.5158326625823975	NA
cell223	0.7509194016456604	NA	NA	NA
cell224	0.7533074617385864	NA	NA	NA
cell225	0.761390745639801	NA	NA	NA
cell226	0.6614084243774414	NA	NA	NA
cell227	0.9216074347496033	NA	NA	NA
cell228	0.754956841468811	NA	NA	NA
cell229	NA	NA	0.5109893083572388	NA
cell230	NA	0.03135433793067932	NA	NA
cell231	0.8924230337142944	NA	NA	NA
cell232	0.7644535899162292	NA	NA	NA
cell233	0.8290407061576843	NA	NA	NA
cell234	NA	NA	0.4978032410144806	NA
cell235	0.8343738317489624	NA	NA	NA
cell236	0.8458318114280701	NA	NA	NA
cell237	NA	0.40440279245376587	NA	NA
cell238	0.7745441794395447	NA	NA	NA
cell239	0.7482000589370728	NA	NA	NA
cell240	NA	0.03812740370631218	NA	NA
cell241	0.7770132422447205	NA	NA	NA
cell242	NA	0.015747791156172752	NA	NA
cell243	0.7742393016815186	NA	NA	NA
cell244	NA	NA	0.5664951205253601	NA
cell245	0.8645541071891785	NA	NA	NA
cell246	NA	0.06987195461988449	NA	NA
cell247	0.8188340067863464	NA	NA	NA
cell248	NA	NA	0.4830080568790436	NA
cell249	0.7701752781867981	NA	NA	NA
cell250	NA	NA	0.5176296830177307	NA
cell251	NA	NA	NA	0.9293585419654846
cell252	0.7833537459373474	NA	NA	NA
cell253	NA	0.008888947777450085	NA	NA
cell254	0.676956057548523	NA	NA	NA
cell255	0.9927209615707397	NA	NA	NA
cell256	NA	NA	0.5079928040504456	NA
cell257	0.7517887949943542	NA	NA	NA
cell258	NA	0.0334792286157608	NA	NA
cell259	NA	NA	NA	0.9009619355201721
cell260	0.8198375105857849	NA	NA	NA
cell261	0.7650932669639587	NA	NA	NA
cell262	NA	0.41492947936058044	NA	NA
cell263	0.7689263224601746	NA	NA	NA
cell264	0.8457470536231995	NA	NA	NA
cell265	0.7553194165229797	NA	NA	NA
cell266	NA	0.013012506999075413	NA	NA
cell267	NA	NA	0.5046722888946533	NA
cell268	NA	NA	0.46928778290748596	NA
cell269	0.9510384798049927	NA	NA	NA
cell270	0.8589223623275757	NA	NA	NA
cell271	0.7934112548828125	NA	NA	NA
cell272	NA	NA	0.634303092956543	NA
cell273	0.8659009337425232	NA	NA	NA
cell274	NA	NA	0.5145328044891357	NA
cell275	0.8709409832954407	NA	NA	NA
cell276	NA	NA	0.6393097639083862	NA
cell277	0.8084525465965271	NA	NA	NA
cell278	0.9612985253334045	NA	NA	NA
cell279	0.9594625234603882	NA	NA	NA
cell280	0.7700575590133667	NA	NA	NA
cell281	0.8114314675331116	NA	NA	NA
cell282	0.8583788871765137	NA	NA	NA
cell283	0.7735341787338257	NA	NA	NA
cell284	0.7449992299079895	NA	NA	NA
cell285	NA	NA	0.5144622921943665	NA
cell286	0.827701985836029	NA	NA	NA
cell287	0.7609724998474121	NA	NA	NA
cell288	0.8305628895759583	NA	NA	NA
cell289	0.7410888075828552	NA	NA	NA
cell290	NA	0.033795565366744995	NA	NA
cell291	0.7676775455474854	NA	NA	NA
cell292	NA	0.4049654006958008	NA	NA
cell293	0.8859494924545288	NA	NA	NA
cell294	0.7667024731636047	NA	NA	NA
cell295	0.998783528804779	NA	NA	NA
cell296	0.9748490452766418	NA	NA	NA
cell297	0.7516099810600281	NA	NA	NA
cell298	NA	NA	0.5169417858123779	NA
cell299	0.7533882260322571	NA	NA	NA
cell300	NA	NA	0.5115770101547241	NA
cell301	0.9567349553108215	NA	NA	NA
cell302	0.7591236233711243	NA	NA	NA
cell303	0.9411133527755737	NA	NA	NA
cell304	0.9513429999351501	NA	NA	NA
cell305	NA	NA	0.5213619470596313	NA
cell306	0.7904666066169739	NA	NA	NA
cell307	0.9271852970123291	NA	NA	NA
cell308	0.9695000648498535	NA	NA	NA
cell309	NA	NA	0.5128682851791382	NA
cell310	NA	0.05540701746940613	NA	NA
cell311	0.796163022518158	NA	NA	NA
cell312	0.7424467206001282	NA	NA	NA
cell313	NA	NA	0.6513015031814575	NA
cell314	0.9585305452346802	NA	NA	NA
cell315	0.7668969035148621	NA	NA	NA
cell316	0.7693790793418884	NA	NA	NA
cell317	NA	0.37469160556793213	NA	NA
cell318	0.9035016298294067	NA	NA	NA
cell319	0.8568314909934998	NA	NA	NA
cell320	NA	NA	0.5154885053634644	NA
cell321	NA	0.00490458682179451	NA	NA
cell322	NA	NA	0.5029731392860413	NA
cell323	0.7693946361541748	NA	NA	NA
cell324	NA	NA	0.4940541088581085	NA
cell325	0.7777957916259766	NA	NA	NA
cell326	NA	0.03401336073875427	NA	NA
cell327	NA	NA	0.4928450286388397	NA
cell328	0.7361495494842529	NA	NA	NA
cell329	0.879944920539856	NA	NA	NA
cell330	NA	0.02695956826210022	NA	NA
cell331	NA	NA	0.4887370467185974	NA
cell332	NA	0.05125422030687332	NA	NA
cell333	0.9563483595848083	NA	NA	NA
cell334	NA	0.3897474408149719	NA	NA
cell335	NA	0.10543159395456314	NA	NA
cell336	0.8442370295524597	NA	NA	NA
cell337	NA	NA	0.5020539164543152	NA
cell338	0.9346638321876526	NA	NA	NA
cell339	0.8278154730796814	NA	NA	NA
cell340	0.6641731262207031	NA	NA	NA
cell341	0.7856677174568176	NA	NA	NA
cell342	0.7450132369995117	NA	NA	NA
cell343	0.9132518172264099	NA	NA	NA
cell344	0.9730803370475769	NA	NA	NA
cell345	0.7424710392951965	NA	NA	NA
cell346	0.7785888910293579	NA	NA	NA
cell347	0.7902447581291199	NA	NA	NA
cell348	0.8048028349876404	NA	NA	NA
cell349	0.7599393129348755	NA	NA	NA
cell350	0.7812609076499939	NA	NA	NA
cell351	NA	0.034371476620435715	NA	NA
cell352	0.7615702748298645	NA	NA	NA
cell353	0.6737911105155945	NA	NA	NA
cell354	0.8104944825172424	NA	NA	NA
cell355	0.7421131730079651	NA	NA	NA
cell356	0.7590979933738708	NA	NA	NA
cell357	NA	NA	NA	0.9061315655708313
cell358	NA	NA	0.503101646900177	NA
cell359	0.7397766709327698	NA	NA	NA
cell360	0.8542108535766602	NA	NA	NA
cell361	0.7495577931404114	NA	NA	NA
cell362	NA	NA	0.5202158689498901	NA
cell363	NA	NA	0.4887665808200836	NA
cell364	0.7524533271789551	NA	NA	NA
cell365	NA	NA	0.515889048576355	NA
cell366	NA	NA	0.5481305718421936	NA
cell367	0.7433602213859558	NA	NA	NA
cell368	0.7713322639465332	NA	NA	NA
cell369	0.8314406871795654	NA	NA	NA
cell370	NA	NA	0.4937596917152405	NA
cell371	NA	NA	0.5176085233688354	NA
cell372	0.7428076863288879	NA	NA	NA
cell373	0.6595125198364258	NA	NA	NA
cell374	0.7800349593162537	NA	NA	NA
cell375	0.6989248394966125	NA	NA	NA
cell376	0.8154938220977783	NA	NA	NA
cell377	NA	NA	NA	0.9183785915374756
cell378	NA	NA	0.5193392038345337	NA
cell379	NA	0.04908928647637367	NA	NA
cell380	NA	NA	0.4984198212623596	NA
cell381	NA	NA	0.5171170234680176	NA
cell382	0.8410657048225403	NA	NA	NA
cell383	0.7489641904830933	NA	NA	NA
cell384	0.8561878204345703	NA	NA	NA
cell385	NA	0.36404141783714294	NA	NA
cell386	NA	NA	0.48817870020866394	NA
cell387	NA	NA	0.5017468333244324	NA
cell388	0.7641435265541077	NA	NA	NA
cell389	0.8226554989814758	NA	NA	NA
cell390	0.7760875821113586	NA	NA	NA
cell391	NA	0.028810864314436913	NA	NA
cell392	NA	NA	0.6324315071105957	NA
cell393	NA	NA	0.48800626397132874	NA
cell394	0.6560223698616028	NA	NA	NA
cell395	NA	NA	0.5128286480903625	NA
cell396	0.7377316951751709	NA	NA	NA
cell397	0.8963315486907959	NA	NA	NA
cell398	0.8683832287788391	NA	NA	NA
cell399	0.694214940071106	NA	NA	NA
cell400	0.7650368809700012	NA	NA	NA
cell401	0.837912917137146	NA	NA	NA
cell402	NA	0.08674599975347519	NA	NA
cell403	0.9804765582084656	NA	NA	NA
cell404	0.939914345741272	NA	NA	NA
cell405	0.8833374977111816	NA	NA	NA
cell406	0.7407130002975464	NA	NA	NA
cell407	0.7459908723831177	NA	NA	NA
cell408	NA	0.037169449031353	NA	NA
cell409	NA	0.04016229137778282	NA	NA
cell410	NA	0.050368063151836395	NA	NA
cell411	0.7493658065795898	NA	NA	NA
cell412	0.7691038250923157	NA	NA	NA
cell413	0.8708000183105469	NA	NA	NA
cell414	0.8365417122840881	NA	NA	NA
cell415	0.7515193223953247	NA	NA	NA
cell416	0.7516046166419983	NA	NA	NA
cell417	NA	0.07398064434528351	NA	NA
cell418	0.8437311053276062	NA	NA	NA
cell419	0.8898158073425293	NA	NA	NA
cell420	NA	NA	NA	0.9262773394584656
cell421	NA	NA	0.5105808973312378	NA
cell422	0.9444255828857422	NA	NA	NA
cell423	NA	0.02682671695947647	NA	NA
cell424	0.8888514637947083	NA	NA	NA
cell425	NA	0.057015951722860336	NA	NA
cell426	NA	NA	0.5313141345977783	NA
cell427	0.8504488468170166	NA	NA	NA
cell428	0.8034685850143433	NA	NA	NA
cell429	0.8860810399055481	NA	NA	NA
cell430	0.8577843904495239	NA	NA	NA
cell431	0.6746636033058167	NA	NA	NA
cell432	0.7858884930610657	NA	NA	NA
cell433	0.7438238859176636	NA	NA	NA
cell434	0.829170286655426	NA	NA	NA
cell435	NA	0.029002495110034943	NA	NA
cell436	NA	NA	0.5092445611953735	NA
cell437	NA	NA	0.5141100883483887	NA
cell438	NA	0.034861668944358826	NA	NA
cell439	NA	NA	0.5225751399993896	NA
cell440	0.7834108471870422	NA	NA	NA
cell441	0.9342340230941772	NA	NA	NA
cell442	NA	NA	0.5200983285903931	NA
cell443	NA	NA	0.4959416687488556	NA
cell444	0.9772584438323975	NA	NA	NA
cell445	NA	NA	0.523296594619751	NA
cell446	NA	0.019680341705679893	NA	NA
cell447	NA	0.035757508128881454	NA	NA
cell448	0.7335129976272583	NA	NA	NA
cell449	0.9928774237632751	NA	NA	NA
cell450	0.8208110928535461	NA	NA	NA
cell451	NA	NA	0.5146970748901367	NA
cell452	NA	NA	0.4778122007846832	NA
cell453	0.7495599389076233	NA	NA	NA
cell454	NA	NA	NA	0.910283625125885
cell455	0.8764775395393372	NA	NA	NA
cell456	0.9799304604530334	NA	NA	NA
cell457	0.8804301023483276	NA	NA	NA
cell458	0.9767376184463501	NA	NA	NA
cell459	0.6752601265907288	NA	NA	NA
cell460	NA	NA	0.509786069393158	NA
cell461	0.7787891626358032	NA	NA	NA
cell462	0.9000710844993591	NA	NA	NA
cell463	NA	0.009382979944348335	NA	NA
cell464	NA	0.39233556389808655	NA	NA
cell465	0.7999563813209534	NA	NA	NA
cell466	NA	NA	0.483444482088089	NA
cell467	NA	0.0858832448720932	NA	NA
cell468	0.9874656200408936	NA	NA	NA
cell469	0.6630522608757019	NA	NA	NA
cell470	NA	NA	NA	0.9128685593605042
cell471	0.9789323806762695	NA	NA	NA
cell472	NA	NA	0.49453645944595337	NA
cell473	NA	0.002253168262541294	NA	NA
cell474	NA	NA	NA	0.8866986632347107
cell475	0.8772483468055725	NA	NA	NA
cell476	NA	0.02300388365983963	NA	NA
cell477	0.7819627523422241	NA	NA	NA
cell478	NA	0.09428644180297852	NA	NA
cell479	NA	0.00971260853111744	NA	NA
cell480	NA	0.050707876682281494	NA	NA
cell481	0.8996983170509338	NA	NA	NA
cell482	0.8436212539672852	NA	NA	NA
cell483	0.7944739460945129	NA	NA	NA
cell484	NA	0.4182010591030121	NA	NA
cell485	0.6780497431755066	NA	NA	NA
cell486	0.7695319652557373	NA	NA	NA
cell487	0.8651768565177917	NA	NA	NA
cell488	NA	0.013517254032194614	NA	NA
cell489	0.7000442743301392	NA	NA	NA
cell490	NA	NA	0.49774181842803955	NA
cell491	0.6771228313446045	NA	NA	NA
cell492	0.8664714694023132	NA	NA	NA
cell493	0.7436173558235168	NA	NA	NA
cell494	NA	0.047623347491025925	NA	NA
cell495	NA	0.038055144250392914	NA	NA
cell496	0.7642397880554199	NA	NA	NA
cell497	0.7450739145278931	NA	NA	NA
cell498	0.7849490642547607	NA	NA	NA
cell499	NA	0.08955312520265579	NA	NA
cell500	0.8792176246643066	NA	NA	NA
cell501	NA	0.06553400307893753	NA	NA
cell502	0.7449932098388672	NA	NA	NA
cell503	0.8322102427482605	NA	NA	NA
cell504	0.8427057862281799	NA	NA	NA
cell505	0.666602611541748	NA	NA	NA
cell506	0.7330568432807922	NA	NA	NA
cell507	0.7631258368492126	NA	NA	NA
cell508	0.7379484176635742	NA	NA	NA
cell509	NA	0.43243730068206787	NA	NA
cell510	0.8898189663887024	NA	NA	NA
cell511	NA	NA	0.49665865302085876	NA
cell512	0.8650065064430237	NA	NA	NA
cell513	NA	NA	0.5200573801994324	NA
cell514	0.9585965275764465	NA	NA	NA
cell515	0.6648910641670227	NA	NA	NA
cell516	0.7326053380966187	NA	NA	NA
cell517	0.8565617203712463	NA	NA	NA
cell518	0.9663226008415222	NA	NA	NA
cell519	NA	NA	NA	0.935431957244873
cell520	0.6820565462112427	NA	NA	NA
cell521	NA	NA	0.5157732367515564	NA
cell522	NA	0.03608095273375511	NA	NA
cell523	0.9723363518714905	NA	NA	NA
cell524	0.899583101272583	NA	NA	NA
cell525	0.8255804181098938	NA	NA	NA
cell526	0.7721673846244812	NA	NA	NA
cell527	0.8593973517417908	NA	NA	NA
cell528	0.9459568858146667	NA	NA	NA
cell529	0.755857527256012	NA	NA	NA
cell530	0.9794809818267822	NA	NA	NA
cell531	NA	NA	0.5222378373146057	NA
cell532	0.7655644416809082	NA	NA	NA
cell533	NA	NA	0.5181738138198853	NA
cell534	0.7357035279273987	NA	NA	NA
cell535	0.8201065063476562	NA	NA	NA
cell536	NA	0.03157150372862816	NA	NA
cell537	NA	NA	0.5012314915657043	NA
cell538	NA	0.02985442616045475	NA	NA
cell539	0.7784715294837952	NA	NA	NA
cell540	0.8289210796356201	NA	NA	NA
cell541	0.7358437776565552	NA	NA	NA
cell542	NA	0.4125306010246277	NA	NA
cell543	NA	0.04060057923197746	NA	NA
cell544	0.7690883278846741	NA	NA	NA
cell545	0.6639937162399292	NA	NA	NA
cell546	0.846817135810852	NA	NA	NA
cell547	0.8120330572128296	NA	NA	NA
cell548	NA	NA	0.5137403607368469	NA
cell549	0.7431381344795227	NA	NA	NA
cell550	0.9454694986343384	NA	NA	NA
cell551	0.7690382599830627	NA	NA	NA
cell552	0.7895157933235168	NA	NA	NA
cell553	0.7887585759162903	NA	NA	NA
cell554	0.6888644695281982	NA	NA	NA
cell555	NA	NA	0.5196074843406677	NA
cell556	NA	NA	0.5219770669937134	NA
cell557	0.8080419301986694	NA	NA	NA
cell558	0.7530771493911743	NA	NA	NA
cell559	0.75221848487854	NA	NA	NA
cell560	NA	0.0226192157715559	NA	NA
cell561	0.9674628376960754	NA	NA	NA
cell562	0.8876822590827942	NA	NA	NA
cell563	0.7608519792556763	NA	NA	NA
cell564	NA	NA	0.5194278359413147	NA
cell565	NA	NA	0.5117006897926331	NA
cell566	0.7447029948234558	NA	NA	NA
cell567	NA	NA	NA	0.9157994389533997
cell568	0.748603105545044	NA	NA	NA
cell569	NA	NA	0.498989999294281	NA
cell570	0.7551705837249756	NA	NA	NA
cell571	0.6598434448242188	NA	NA	NA
cell572	0.9662971496582031	NA	NA	NA
cell573	0.8428754210472107	NA	NA	NA
cell574	NA	NA	0.5187110304832458	NA
cell575	0.7349140048027039	NA	NA	NA
cell576	0.7596961855888367	NA	NA	NA
cell577	0.8554655909538269	NA	NA	NA
cell578	NA	0.3950594365596771	NA	NA
cell579	0.7629645466804504	NA	NA	NA
cell580	0.6757547855377197	NA	NA	NA
cell581	0.7394407987594604	NA	NA	NA
cell582	0.7524251937866211	NA	NA	NA
cell583	0.8863071203231812	NA	NA	NA
cell584	0.7639018893241882	NA	NA	NA
cell585	0.7821593880653381	NA	NA	NA
cell586	NA	NA	0.5158904790878296	NA
cell587	NA	0.05057366564869881	NA	NA
cell588	0.7247759699821472	NA	NA	NA
cell589	NA	0.443908154964447	NA	NA
cell590	NA	NA	0.49300509691238403	NA
cell591	0.8409135937690735	NA	NA	NA
cell592	0.9684774875640869	NA	NA	NA
cell593	NA	0.06456093490123749	NA	NA
cell594	NA	NA	0.5298117995262146	NA
cell595	0.8348515033721924	NA	NA	NA
cell596	NA	NA	NA	0.9444252252578735
cell597	NA	NA	0.5235236287117004	NA
cell598	0.7784364819526672	NA	NA	NA
cell599	0.7372682690620422	NA	NA	NA
cell600	0.7824491858482361	NA	NA	NA
cell601	0.8385551571846008	NA	NA	NA
cell602	NA	0.3826439380645752	NA	NA
cell603	0.8418192863464355	NA	NA	NA
cell604	0.875853955745697	NA	NA	NA
cell605	NA	0.01161963865160942	NA	NA
cell606	NA	0.027173742651939392	NA	NA
cell607	0.865233302116394	NA	NA	NA
cell608	0.7883632183074951	NA	NA	NA
cell609	0.952455461025238	NA	NA	NA
cell610	NA	0.032661858946084976	NA	NA
cell611	NA	0.025887690484523773	NA	NA
cell612	0.9630023837089539	NA	NA	NA
cell613	0.7648723721504211	NA	NA	NA
cell614	0.7937504053115845	NA	NA	NA
cell615	NA	NA	0.5154968500137329	NA
cell616	0.9697292447090149	NA	NA	NA
cell617	NA	0.4071125090122223	NA	NA
cell618	0.8596831560134888	NA	NA	NA
cell619	NA	0.4082048237323761	NA	NA
cell620	NA	0.4166032075881958	NA	NA
cell621	0.8946350812911987	NA	NA	NA
cell622	0.7535393834114075	NA	NA	NA
cell623	NA	NA	0.49908575415611267	NA
cell624	0.8462647795677185	NA	NA	NA
cell625	0.8309165239334106	NA	NA	NA
cell626	NA	NA	0.5353763699531555	NA
cell627	0.7072105407714844	NA	NA	NA
cell628	0.7474477887153625	NA	NA	NA
cell629	0.749904990196228	NA	NA	NA
cell630	0.7887716889381409	NA	NA	NA
cell631	NA	0.042333636432886124	NA	NA
cell632	0.9753055572509766	NA	NA	NA
cell633	0.7613155245780945	NA	NA	NA
cell634	0.78937828540802	NA	NA	NA
cell635	NA	NA	NA	0.919226348400116
cell636	NA	NA	0.4965687394142151	NA
cell637	NA	0.045821573585271835	NA	NA
cell638	0.7486017942428589	NA	NA	NA
cell639	NA	0.010721920989453793	NA	NA
cell640	0.7573322057723999	NA	NA	NA
cell641	0.7449119687080383	NA	NA	NA
cell642	NA	NA	0.5083714127540588	NA
cell643	0.7191438674926758	NA	NA	NA
cell644	0.6797473430633545	NA	NA	NA
cell645	0.7721826434135437	NA	NA	NA
cell646	NA	NA	0.5163524150848389	NA
cell647	0.9555884003639221	NA	NA	NA
cell648	0.7768639922142029	NA	NA	NA
cell649	0.8824461102485657	NA	NA	NA
cell650	NA	NA	0.5817642211914062	NA
cell651	0.884567379951477	NA	NA	NA
cell652	0.7592976093292236	NA	NA	NA
cell653	0.8625843524932861	NA	NA	NA
cell654	NA	0.046461302787065506	NA	NA
cell655	0.7512860298156738	NA	NA	NA
cell656	0.7869044542312622	NA	NA	NA
cell657	NA	0.034212857484817505	NA	NA
cell658	NA	0.015963872894644737	NA	NA
cell659	0.7693729996681213	NA	NA	NA
cell660	0.6735187768936157	NA	NA	NA
cell661	NA	NA	0.5025660991668701	NA
cell662	0.7698140144348145	NA	NA	NA
cell663	NA	0.04934338852763176	NA	NA
cell664	0.7596571445465088	NA	NA	NA
cell665	0.8530829548835754	NA	NA	NA
cell666	0.7338624596595764	NA	NA	NA
cell667	0.9517245888710022	NA	NA	NA
cell668	NA	0.018510865047574043	NA	NA
cell669	NA	NA	0.5124040842056274	NA
cell670	0.9346326589584351	NA	NA	NA
cell671	0.8058371543884277	NA	NA	NA
cell672	0.6582449078559875	NA	NA	NA
cell673	NA	NA	0.49069926142692566	NA
cell674	NA	NA	0.5162338018417358	NA
cell675	NA	0.421995609998703	NA	NA
cell676	NA	NA	0.49711936712265015	NA
cell677	0.9937509298324585	NA	NA	NA
cell678	0.7524802088737488	NA	NA	NA
cell679	0.8380326628684998	NA	NA	NA
cell680	0.8536437749862671	NA	NA	NA
cell681	NA	0.0024144677445292473	NA	NA
cell682	NA	NA	NA	0.9076813459396362
cell683	0.859329104423523	NA	NA	NA
cell684	NA	NA	0.5225807428359985	NA
cell685	0.7682992815971375	NA	NA	NA
cell686	0.7517432570457458	NA	NA	NA
cell687	0.8422329425811768	NA	NA	NA
cell688	NA	NA	0.5060481429100037	NA
cell689	NA	NA	NA	0.9222061634063721
cell690	0.7518045902252197	NA	NA	NA
cell691	0.69670170545578	NA	NA	NA
cell692	NA	0.04813463240861893	NA	NA
cell693	0.7762262225151062	NA	NA	NA
cell694	0.6735939383506775	NA	NA	NA
cell695	NA	0.38384416699409485	NA	NA
cell696	0.7516863942146301	NA	NA	NA
cell697	NA	NA	NA	0.9184702634811401
cell698	0.7723022103309631	NA	NA	NA
cell699	0.8203970193862915	NA	NA	NA
cell700	0.870753288269043	NA	NA	NA
cell701	0.7427123188972473	NA	NA	NA
cell702	0.7591813802719116	NA	NA	NA
cell703	0.7393612265586853	NA	NA	NA
cell704	NA	NA	0.5142728686332703	NA
cell705	0.7669227719306946	NA	NA	NA
cell706	0.736709475517273	NA	NA	NA
cell707	0.7771034836769104	NA	NA	NA
cell708	0.9765597581863403	NA	NA	NA
cell709	0.7743740081787109	NA	NA	NA
cell710	0.7751726508140564	NA	NA	NA
cell711	0.6667059659957886	NA	NA	NA
cell712	NA	NA	0.49463412165641785	NA
cell713	NA	0.3920888602733612	NA	NA
cell714	0.9217085838317871	NA	NA	NA
cell715	0.822127640247345	NA	NA	NA
cell716	0.854771614074707	NA	NA	NA
cell717	0.8919852375984192	NA	NA	NA
cell718	NA	NA	0.47908464074134827	NA
cell719	0.792881965637207	NA	NA	NA
cell720	0.7821739315986633	NA	NA	NA
cell721	NA	0.0559038482606411	NA	NA
cell722	0.7463921904563904	NA	NA	NA
cell723	NA	NA	0.6415237188339233	NA
cell724	0.8594928979873657	NA	NA	NA
cell725	NA	NA	NA	0.8962858319282532
cell726	0.8902450203895569	NA	NA	NA
cell727	NA	0.3969414532184601	NA	NA
cell728	0.6632780432701111	NA	NA	NA
cell729	0.7543368339538574	NA	NA	NA
cell730	NA	NA	0.5166333317756653	NA
cell731	NA	0.08881524950265884	NA	NA
cell732	NA	NA	0.48113903403282166	NA
cell733	0.8311538696289062	NA	NA	NA
cell734	0.7606328725814819	NA	NA	NA
cell735	0.8283841609954834	NA	NA	NA
cell736	NA	0.038554515689611435	NA	NA
cell737	0.7582034468650818	NA	NA	NA
cell738	0.7895670533180237	NA	NA	NA
cell739	0.745974063873291	NA	NA	NA
cell740	0.9712579846382141	NA	NA	NA
cell741	0.7752374410629272	NA	NA	NA
cell742	NA	NA	0.5021601319313049	NA
cell743	NA	0.005906096193939447	NA	NA
cell744	0.7661616802215576	NA	NA	NA
cell745	NA	0.02801111340522766	NA	NA
cell746	NA	NA	0.5214511752128601	NA
cell747	NA	NA	0.49208271503448486	NA
cell748	0.7818611860275269	NA	NA	NA
cell749	0.8643349409103394	NA	NA	NA
cell750	NA	NA	0.49765634536743164	NA
cell751	0.8612605333328247	NA	NA	NA
cell752	NA	0.005055934656411409	NA	NA
cell753	0.8384932279586792	NA	NA	NA
cell754	0.8394602537155151	NA	NA	NA
cell755	NA	NA	0.4887543022632599	NA
cell756	0.7177242636680603	NA	NA	NA
cell757	NA	0.046375572681427	NA	NA
cell758	NA	NA	0.49180448055267334	NA
cell759	0.7463444471359253	NA	NA	NA
cell760	0.7970908284187317	NA	NA	NA
cell761	0.7761213779449463	NA	NA	NA
cell762	0.841202974319458	NA	NA	NA
cell763	0.9403207898139954	NA	NA	NA
cell764	NA	NA	0.516687273979187	NA
cell765	NA	NA	0.5458453297615051	NA
cell766	0.9257997870445251	NA	NA	NA
cell767	0.9627823829650879	NA	NA	NA
cell768	NA	0.4257233440876007	NA	NA
cell769	0.9719021320343018	NA	NA	NA
cell770	0.9505708813667297	NA	NA	NA
cell771	0.9450782537460327	NA	NA	NA
cell772	0.8213024139404297	NA	NA	NA
cell773	0.8337562680244446	NA	NA	NA
cell774	0.7568686604499817	NA	NA	NA
cell775	0.811648428440094	NA	NA	NA
cell776	NA	NA	0.5233021378517151	NA
cell777	NA	0.3752504289150238	NA	NA
cell778	0.7626626491546631	NA	NA	NA
cell779	NA	0.013212534599006176	NA	NA
cell780	NA	NA	0.5083714127540588	NA
cell781	0.7367751598358154	NA	NA	NA
cell782	NA	NA	0.5183584094047546	NA
cell783	0.6592348217964172	NA	NA	NA
cell784	NA	0.06848013401031494	NA	NA
cell785	0.6880274415016174	NA	NA	NA
cell786	0.7665109634399414	NA	NA	NA
cell787	0.7455428242683411	NA	NA	NA
cell788	0.8194212913513184	NA	NA	NA
cell789	NA	NA	0.5192805528640747	NA
cell790	0.9658947587013245	NA	NA	NA
cell791	NA	0.07183318585157394	NA	NA
cell792	0.8679400086402893	NA	NA	NA
cell793	0.7633011341094971	NA	NA	NA
cell794	0.7767746448516846	NA	NA	NA
cell795	0.7527967691421509	NA	NA	NA
cell796	0.7843401432037354	NA	NA	NA
cell797	NA	NA	0.5320374965667725	NA
cell798	0.7614001035690308	NA	NA	NA
cell799	NA	NA	0.5043980479240417	NA
cell800	0.7677615880966187	NA	NA	NA
cell801	NA	0.048369698226451874	NA	NA
cell802	0.8462299108505249	NA	NA	NA
cell803	0.8279426097869873	NA	NA	NA
cell804	0.7570973634719849	NA	NA	NA
cell805	NA	0.3762148320674896	NA	NA
cell806	0.7681263089179993	NA	NA	NA
cell807	0.7408261895179749	NA	NA	NA
cell808	NA	0.06172742694616318	NA	NA
cell809	0.8268288969993591	NA	NA	NA
cell810	0.7364435791969299	NA	NA	NA
cell811	NA	0.0013708081096410751	NA	NA
cell812	NA	NA	0.5123722553253174	NA
cell813	NA	0.0564839243888855	NA	NA
cell814	0.8343091011047363	NA	NA	NA
cell815	0.9741154313087463	NA	NA	NA
cell816	NA	0.015269300900399685	NA	NA
cell817	0.6931498646736145	NA	NA	NA
cell818	NA	0.45056799054145813	NA	NA
cell819	0.9914818406105042	NA	NA	NA
cell820	NA	0.020756592974066734	NA	NA
cell821	0.8855665326118469	NA	NA	NA
cell822	0.7822232842445374	NA	NA	NA
cell823	NA	0.018278971314430237	NA	NA
cell824	0.7537907361984253	NA	NA	NA
cell825	0.7013652324676514	NA	NA	NA
cell826	0.6615280508995056	NA	NA	NA
cell827	0.9405660033226013	NA	NA	NA
cell828	0.7308064103126526	NA	NA	NA
cell829	NA	0.0043221814557909966	NA	NA
cell830	0.8658494353294373	NA	NA	NA
cell831	0.7668284177780151	NA	NA	NA
cell832	0.9174823760986328	NA	NA	NA
cell833	NA	0.01385990995913744	NA	NA
cell834	NA	NA	0.49530255794525146	NA
cell835	0.6615933775901794	NA	NA	NA
cell836	NA	0.03134623169898987	NA	NA
cell837	0.7808412909507751	NA	NA	NA
cell838	0.7535362243652344	NA	NA	NA
cell839	NA	NA	0.500004768371582	NA
cell840	0.737424373626709	NA	NA	NA
cell841	NA	NA	NA	0.8994559645652771
cell842	NA	0.39536693692207336	NA	NA
cell843	0.8440203070640564	NA	NA	NA
cell844	NA	NA	0.4976419508457184	NA
cell845	0.9472910761833191	NA	NA	NA
cell846	NA	NA	0.5007210969924927	NA
cell847	NA	NA	0.510918378829956	NA
cell848	0.8466460108757019	NA	NA	NA
cell849	0.8790627121925354	NA	NA	NA
cell850	NA	NA	0.5129027962684631	NA
cell851	0.7478641271591187	NA	NA	NA
cell852	NA	0.024890108034014702	NA	NA
cell853	0.7569120526313782	NA	NA	NA
cell854	0.7514804601669312	NA	NA	NA
cell855	NA	0.4544210135936737	NA	NA
cell856	0.7397661209106445	NA	NA	NA
cell857	0.9353118538856506	NA	NA	NA
cell858	0.7682744860649109	NA	NA	NA
cell859	0.7990978956222534	NA	NA	NA
cell860	NA	NA	0.49579960107803345	NA
cell861	0.8475873470306396	NA	NA	NA
cell862	NA	NA	0.47185900807380676	NA
cell863	NA	0.05916538089513779	NA	NA
cell864	0.7522755265235901	NA	NA	NA
cell865	NA	0.05686791613698006	NA	NA
cell866	0.8177831768989563	NA	NA	NA
cell867	NA	NA	0.6285566687583923	NA
cell868	0.8566807508468628	NA	NA	NA
cell869	0.7585169672966003	NA	NA	NA
cell870	0.8959211111068726	NA	NA	NA
cell871	0.7576791048049927	NA	NA	NA
cell872	NA	NA	NA	0.9160973429679871
cell873	0.7564532160758972	NA	NA	NA
cell874	0.7861693501472473	NA	NA	NA
cell875	NA	NA	0.486985445022583	NA
cell876	0.7713253498077393	NA	NA	NA
cell877	0.7798508405685425	NA	NA	NA
cell878	NA	NA	NA	0.9315887093544006
cell879	0.7701727747917175	NA	NA	NA
cell880	0.7823207378387451	NA	NA	NA
cell881	0.6786586046218872	NA	NA	NA
cell882	0.741000235080719	NA	NA	NA
cell883	0.8714593648910522	NA	NA	NA
cell884	NA	0.00364992069080472	NA	NA
cell885	NA	NA	0.5089012384414673	NA
cell886	0.8042141199111938	NA	NA	NA
cell887	0.745995819568634	NA	NA	NA
cell888	NA	0.06833386421203613	NA	NA
cell889	0.8401056528091431	NA	NA	NA
cell890	NA	NA	0.525032103061676	NA
cell891	0.8405384421348572	NA	NA	NA
cell892	NA	NA	NA	0.9206423759460449
cell893	NA	0.007602249272167683	NA	NA
cell894	0.7773168087005615	NA	NA	NA
cell895	0.8445778489112854	NA	NA	NA
cell896	0.7631127834320068	NA	NA	NA
cell897	0.7682280540466309	NA	NA	NA
cell898	0.8653393387794495	NA	NA	NA
cell899	0.7743842601776123	NA	NA	NA
cell900	NA	NA	0.5096494555473328	NA
cell901	0.9965613484382629	NA	NA	NA
cell902	0.8060663938522339	NA	NA	NA
cell903	NA	NA	0.5209549069404602	NA
cell904	0.6827327013015747	NA	NA	NA
cell905	0.840596079826355	NA	NA	NA
cell906	NA	NA	0.48901060223579407	NA
cell907	0.7587769031524658	NA	NA	NA
cell908	NA	0.06739524751901627	NA	NA
cell909	NA	0.06327363848686218	NA	NA
cell910	0.9788990616798401	NA	NA	NA
cell911	0.7788447141647339	NA	NA	NA
cell912	NA	NA	0.4827984571456909	NA
cell913	0.7288690209388733	NA	NA	NA
cell914	NA	0.020784791558980942	NA	NA
cell915	0.7626986503601074	NA	NA	NA
cell916	NA	NA	0.4981946349143982	NA
cell917	0.7815592885017395	NA	NA	NA
cell918	NA	NA	0.4900423288345337	NA
cell919	0.7822220325469971	NA	NA	NA
cell920	0.9143803715705872	NA	NA	NA
cell921	0.7802174091339111	NA	NA	NA
cell922	0.7886046767234802	NA	NA	NA
cell923	NA	0.032042257487773895	NA	NA
cell924	0.7726503014564514	NA	NA	NA
cell925	0.7552649974822998	NA	NA	NA
cell926	0.755830705165863	NA	NA	NA
cell927	0.6814066767692566	NA	NA	NA
cell928	NA	NA	0.4881850779056549	NA
cell929	0.9027836918830872	NA	NA	NA
cell930	0.9930329322814941	NA	NA	NA
cell931	0.7703385353088379	NA	NA	NA
cell932	NA	0.38046491146087646	NA	NA
cell933	0.6804602742195129	NA	NA	NA
cell934	NA	0.3968186378479004	NA	NA
cell935	0.6862131953239441	NA	NA	NA
cell936	0.9116025567054749	NA	NA	NA
cell937	0.7503842115402222	NA	NA	NA
cell938	0.8199053406715393	NA	NA	NA
cell939	NA	NA	0.4905734062194824	NA
cell940	NA	NA	0.4943368434906006	NA
cell941	0.9710859060287476	NA	NA	NA
cell942	0.7876432538032532	NA	NA	NA
cell943	0.8714391589164734	NA	NA	NA
cell944	0.7418733835220337	NA	NA	NA
cell945	0.9522271752357483	NA	NA	NA
cell946	NA	NA	0.4968852996826172	NA
cell947	0.8506346344947815	NA	NA	NA
cell948	NA	NA	0.49888545274734497	NA
cell949	NA	0.034524813294410706	NA	NA
cell950	0.8315468430519104	NA	NA	NA
cell951	0.7412541508674622	NA	NA	NA
cell952	NA	NA	0.5204169750213623	NA
cell953	0.9408023953437805	NA	NA	NA
cell954	0.9314925670623779	NA	NA	NA
cell955	NA	0.33980444073677063	NA	NA
cell956	0.8541159629821777	NA	NA	NA
cell957	0.8521723747253418	NA	NA	NA
cell958	0.7564269304275513	NA	NA	NA
cell959	0.7512292861938477	NA	NA	NA
cell960	0.6700907945632935	NA	NA	NA
cell961	0.7479669451713562	NA	NA	NA
cell962	0.9764160513877869	NA	NA	NA
cell963	0.7590532898902893	NA	NA	NA
cell964	NA	NA	0.5154207944869995	NA
cell965	NA	NA	0.48909077048301697	NA
cell966	NA	NA	0.4807148277759552	NA
cell967	0.7910127639770508	NA	NA	NA
cell968	NA	NA	NA	0.9163362383842468
cell969	0.7830491662025452	NA	NA	NA
cell970	NA	0.39207735657691956	NA	NA
cell971	0.7819492816925049	NA	NA	NA
cell972	0.8314687609672546	NA	NA	NA
cell973	NA	NA	0.5002283453941345	NA
cell974	NA	NA	0.5063613057136536	NA
cell975	NA	NA	0.5009958148002625	NA
cell976	0.7597923874855042	NA	NA	NA
cell977	0.7998729944229126	NA	NA	NA
cell978	0.889592170715332	NA	NA	NA
cell979	0.6750622391700745	NA	NA	NA
cell980	0.7919337153434753	NA	NA	NA
cell981	0.9209070205688477	NA	NA	NA
cell982	0.733466386795044	NA	NA	NA
cell983	0.7713059186935425	NA	NA	NA
cell984	0.9033741354942322	NA	NA	NA
cell985	0.8465155959129333	NA	NA	NA
cell986	NA	0.03575220704078674	NA	NA
cell987	0.7121507525444031	NA	NA	NA
cell988	0.9955915212631226	NA	NA	NA
cell989	0.7425912022590637	NA	NA	NA
cell990	NA	NA	0.48607781529426575	NA
cell991	0.7689058780670166	NA	NA	NA
cell992	NA	NA	0.49573931097984314	NA
cell993	0.8635817766189575	NA	NA	NA
cell994	0.8594141602516174	NA	NA	NA
cell995	NA	NA	NA	0.9187679290771484
cell996	NA	NA	0.5176963210105896	NA
cell997	NA	0.10790205001831055	NA	NA
cell998	0.7297711968421936	NA	NA	NA
cell999	0.7628332376480103	NA	NA	NA
cell1000	0.8628138303756714	NA	NA	NA
cell1001	0.8136698603630066	NA	NA	NA
cell1002	0.7639970183372498	NA	NA	NA
cell1003	NA	NA	0.524795651435852	NA
cell1004	0.7690821290016174	NA	NA	NA
cell1005	NA	NA	0.5139456987380981	NA
cell1006	0.7580540180206299	NA	NA	NA
cell1007	0.7557904720306396	NA	NA	NA
cell1008	NA	NA	0.4840966463088989	NA
cell1009	0.961644172668457	NA	NA	NA
cell1010	0.8141957521438599	NA	NA	NA
cell1011	0.8061283826828003	NA	NA	NA
cell1012	NA	NA	0.5105843544006348	NA
cell1013	0.7177573442459106	NA	NA	NA
cell1014	0.8134467601776123	NA	NA	NA
cell1015	0.7832321524620056	NA	NA	NA
cell1016	NA	0.41396364569664	NA	NA
cell1017	0.7768285870552063	NA	NA	NA
cell1018	0.8675625324249268	NA	NA	NA
cell1019	0.9670447111129761	NA	NA	NA
cell1020	0.7832285165786743	NA	NA	NA
cell1021	0.7515856623649597	NA	NA	NA
cell1022	0.8919963240623474	NA	NA	NA
cell1023	0.7869654297828674	NA	NA	NA
cell1024	0.815760612487793	NA	NA	NA
cell1025	NA	NA	0.5204364061355591	NA
cell1026	NA	NA	0.5142713785171509	NA
cell1027	0.7612455487251282	NA	NA	NA
cell1028	NA	NA	NA	0.9097105264663696
cell1029	0.7457208037376404	NA	NA	NA
cell1030	0.8959569334983826	NA	NA	NA
cell1031	0.7457289099693298	NA	NA	NA
cell1032	0.8910179734230042	NA	NA	NA
cell1033	0.7560827732086182	NA	NA	NA
cell1034	0.850970983505249	NA	NA	NA
cell1035	NA	0.020544644445180893	NA	NA
cell1036	0.9547634124755859	NA	NA	NA
cell1037	NA	NA	NA	0.9226449131965637
cell1038	0.7501285076141357	NA	NA	NA
cell1039	NA	NA	0.5137840509414673	NA
cell1040	NA	0.06988650560379028	NA	NA
cell1041	NA	0.04886440932750702	NA	NA
cell1042	NA	0.033970464020967484	NA	NA
cell1043	0.7612226009368896	NA	NA	NA
cell1044	0.6817002892494202	NA	NA	NA
cell1045	0.7862111926078796	NA	NA	NA
cell1046	0.6787173748016357	NA	NA	NA
cell1047	NA	NA	0.4953126013278961	NA
cell1048	0.850820004940033	NA	NA	NA
cell1049	NA	NA	0.4917149841785431	NA
cell1050	0.7265050411224365	NA	NA	NA
cell1051	0.787193238735199	NA	NA	NA
cell1052	0.655549943447113	NA	NA	NA
cell1053	0.7686290144920349	NA	NA	NA
cell1054	NA	0.04762880131602287	NA	NA
cell1055	0.7594906091690063	NA	NA	NA
cell1056	NA	NA	0.5153314471244812	NA
cell1057	0.8932524919509888	NA	NA	NA
cell1058	0.766287624835968	NA	NA	NA
cell1059	0.7432939410209656	NA	NA	NA
cell1060	NA	NA	0.4856403172016144	NA
cell1061	NA	NA	0.5028285980224609	NA
cell1062	0.7537774443626404	NA	NA	NA
cell1063	0.7362058162689209	NA	NA	NA
cell1064	0.9776571393013	NA	NA	NA
cell1065	0.8197087645530701	NA	NA	NA
cell1066	0.8808686137199402	NA	NA	NA
cell1067	0.8562811017036438	NA	NA	NA
cell1068	0.7743310928344727	NA	NA	NA
cell1069	0.7553476095199585	NA	NA	NA
cell1070	0.7985500693321228	NA	NA	NA
cell1071	NA	0.023060142993927002	NA	NA
cell1072	0.7840853929519653	NA	NA	NA
cell1073	0.8688826560974121	NA	NA	NA
cell1074	NA	0.40732336044311523	NA	NA
cell1075	0.8824425339698792	NA	NA	NA
cell1076	NA	NA	NA	0.926755964756012
cell1077	0.9585156440734863	NA	NA	NA
cell1078	NA	NA	0.516805112361908	NA
cell1079	0.9727854132652283	NA	NA	NA
cell1080	0.9483516812324524	NA	NA	NA
cell1081	NA	NA	0.5239503383636475	NA
cell1082	NA	0.035071756690740585	NA	NA
cell1083	0.8283531665802002	NA	NA	NA
cell1084	0.7604916095733643	NA	NA	NA
cell1085	NA	0.05004595220088959	NA	NA
cell1086	NA	NA	NA	0.9060731530189514
cell1087	0.6574084162712097	NA	NA	NA
cell1088	0.8551884889602661	NA	NA	NA
cell1089	0.7498838901519775	NA	NA	NA
cell1090	NA	0.0205719992518425	NA	NA
cell1091	0.8160257339477539	NA	NA	NA
cell1092	NA	NA	0.5251191854476929	NA
cell1093	0.6883215308189392	NA	NA	NA
cell1094	NA	0.03823491558432579	NA	NA
cell1095	NA	NA	0.4891781210899353	NA
cell1096	NA	NA	0.5065234899520874	NA
cell1097	NA	NA	0.5169267058372498	NA
cell1098	0.7844222187995911	NA	NA	NA
cell1099	0.9406232237815857	NA	NA	NA
cell1100	NA	NA	NA	0.8988563418388367
cell1101	NA	NA	0.5267309546470642	NA
cell1102	0.8455266356468201	NA	NA	NA
cell1103	NA	NA	0.48625174164772034	NA
cell1104	0.8358721137046814	NA	NA	NA
cell1105	NA	NA	0.49164000153541565	NA
cell1106	NA	NA	NA	0.9258660078048706
cell1107	0.7805726528167725	NA	NA	NA
cell1108	NA	0.015352866612374783	NA	NA
cell1109	0.7841758728027344	NA	NA	NA
cell1110	0.7661988735198975	NA	NA	NA
cell1111	NA	NA	0.6443057060241699	NA
cell1112	0.9751235842704773	NA	NA	NA
cell1113	0.8874068260192871	NA	NA	NA
cell1114	0.7828623056411743	NA	NA	NA
cell1115	0.7635216116905212	NA	NA	NA
cell1116	NA	0.031831905245780945	NA	NA
cell1117	0.6767231822013855	NA	NA	NA
cell1118	0.9153636693954468	NA	NA	NA
cell1119	0.8168432712554932	NA	NA	NA
cell1120	0.7495315670967102	NA	NA	NA
cell1121	NA	0.21769897639751434	NA	NA
cell1122	0.7574982047080994	NA	NA	NA
cell1123	0.8604786396026611	NA	NA	NA
cell1124	0.881668746471405	NA	NA	NA
cell1125	0.8103441596031189	NA	NA	NA
cell1126	0.9840867519378662	NA	NA	NA
cell1127	0.9522591829299927	NA	NA	NA
cell1128	0.9786232113838196	NA	NA	NA
cell1129	NA	0.0259183868765831	NA	NA
cell1130	NA	0.009665221907198429	NA	NA
cell1131	0.7467129826545715	NA	NA	NA
cell1132	0.7867487668991089	NA	NA	NA
cell1133	0.7866360545158386	NA	NA	NA
cell1134	0.782021164894104	NA	NA	NA
cell1135	0.7408068776130676	NA	NA	NA
cell1136	NA	0.0228575412184	NA	NA
cell1137	0.961122453212738	NA	NA	NA
cell1138	0.8785810470581055	NA	NA	NA
cell1139	0.7713305950164795	NA	NA	NA
cell1140	0.7516375184059143	NA	NA	NA
cell1141	0.7336592674255371	NA	NA	NA
cell1142	0.8322882056236267	NA	NA	NA
cell1143	0.6820799708366394	NA	NA	NA
cell1144	0.9746751189231873	NA	NA	NA
cell1145	NA	0.40853893756866455	NA	NA
cell1146	NA	NA	0.5058102011680603	NA
cell1147	0.6773333549499512	NA	NA	NA
cell1148	NA	0.02410648763179779	NA	NA
cell1149	0.741797685623169	NA	NA	NA
cell1150	0.7704180479049683	NA	NA	NA
cell1151	0.7435734868049622	NA	NA	NA
cell1152	NA	0.05353045463562012	NA	NA
cell1153	0.7034147381782532	NA	NA	NA
cell1154	0.9821059703826904	NA	NA	NA
cell1155	0.930387556552887	NA	NA	NA
cell1156	NA	NA	0.5169153809547424	NA
cell1157	0.9258787035942078	NA	NA	NA
cell1158	NA	0.01062626764178276	NA	NA
cell1159	0.9711353778839111	NA	NA	NA
cell1160	0.9225612878799438	NA	NA	NA
cell1161	0.7847057580947876	NA	NA	NA
cell1162	0.860614538192749	NA	NA	NA
cell1163	0.8336723446846008	NA	NA	NA
cell1164	NA	NA	0.5044666528701782	NA
cell1165	0.7861613631248474	NA	NA	NA
cell1166	0.8779211044311523	NA	NA	NA
cell1167	NA	0.36878788471221924	NA	NA
cell1168	0.9004033803939819	NA	NA	NA
cell1169	NA	0.0464644618332386	NA	NA
cell1170	0.8606013655662537	NA	NA	NA
cell1171	0.7833985090255737	NA	NA	NA
cell1172	NA	NA	0.49852368235588074	NA
cell1173	NA	NA	0.49045729637145996	NA
cell1174	0.8478881120681763	NA	NA	NA
cell1175	NA	0.060489993542432785	NA	NA
cell1176	0.8415038585662842	NA	NA	NA
cell1177	0.7741509079933167	NA	NA	NA
cell1178	0.7569932341575623	NA	NA	NA
cell1179	NA	NA	NA	0.938179612159729
cell1180	0.8964579701423645	NA	NA	NA
cell1181	NA	0.03627428784966469	NA	NA
cell1182	NA	0.023635385558009148	NA	NA
cell1183	0.9478487968444824	NA	NA	NA
cell1184	0.7459996342658997	NA	NA	NA
cell1185	0.9475566148757935	NA	NA	NA
cell1186	NA	NA	0.5254404544830322	NA
cell1187	0.8422189354896545	NA	NA	NA
cell1188	0.7458499670028687	NA	NA	NA
cell1189	0.746972382068634	NA	NA	NA
cell1190	NA	0.39881205558776855	NA	NA
cell1191	0.7825815081596375	NA	NA	NA
cell1192	0.7622564435005188	NA	NA	NA
cell1193	NA	NA	0.49195346236228943	NA
cell1194	NA	0.02224729023873806	NA	NA
cell1195	0.76984041929245	NA	NA	NA
cell1196	0.8466590046882629	NA	NA	NA
cell1197	NA	0.44944822788238525	NA	NA
cell1198	NA	0.04179524630308151	NA	NA
cell1199	NA	NA	0.49440914392471313	NA
cell1200	0.8341094255447388	NA	NA	NA
cell1201	0.777470588684082	NA	NA	NA
cell1202	0.7737073302268982	NA	NA	NA
cell1203	NA	0.03578322008252144	NA	NA
cell1204	NA	0.06529653072357178	NA	NA
cell1205	0.8008037209510803	NA	NA	NA
cell1206	NA	NA	0.48976919054985046	NA
cell1207	NA	NA	0.4949815571308136	NA
cell1208	0.9665106534957886	NA	NA	NA
cell1209	0.6723861694335938	NA	NA	NA
cell1210	0.8590309023857117	NA	NA	NA
cell1211	0.772325336933136	NA	NA	NA
cell1212	0.9554951786994934	NA	NA	NA
cell1213	0.7662073373794556	NA	NA	NA
cell1214	NA	NA	0.4985409080982208	NA
cell1215	NA	NA	0.521125078201294	NA
cell1216	0.7772183418273926	NA	NA	NA
cell1217	0.7772743701934814	NA	NA	NA
cell1218	0.7895104289054871	NA	NA	NA
cell1219	NA	NA	0.5128336548805237	NA
cell1220	NA	NA	0.5186209082603455	NA
cell1221	0.9706150889396667	NA	NA	NA
cell1222	0.7515594363212585	NA	NA	NA
cell1223	0.7654309868812561	NA	NA	NA
cell1224	NA	NA	0.5087268948554993	NA
cell1225	NA	NA	0.507987380027771	NA
cell1226	0.8183566331863403	NA	NA	NA
cell1227	NA	0.009512532502412796	NA	NA
cell1228	NA	NA	0.48587289452552795	NA
cell1229	0.7524025440216064	NA	NA	NA
cell1230	0.8649741411209106	NA	NA	NA
cell1231	NA	NA	0.5280012488365173	NA
cell1232	0.9432418942451477	NA	NA	NA
cell1233	NA	0.05261604115366936	NA	NA
cell1234	NA	NA	0.5120519399642944	NA
cell1235	0.7797238826751709	NA	NA	NA
cell1236	0.6947377324104309	NA	NA	NA
cell1237	0.8584733605384827	NA	NA	NA
cell1238	0.6661723256111145	NA	NA	NA
cell1239	NA	0.10568267107009888	NA	NA
cell1240	0.7948774099349976	NA	NA	NA
cell1241	0.905635416507721	NA	NA	NA
cell1242	NA	0.016236579045653343	NA	NA
cell1243	0.7552884221076965	NA	NA	NA
cell1244	0.8648654222488403	NA	NA	NA
cell1245	0.7582025527954102	NA	NA	NA
cell1246	0.7451943159103394	NA	NA	NA
cell1247	0.6685256361961365	NA	NA	NA
cell1248	0.7805038094520569	NA	NA	NA
cell1249	0.9888260960578918	NA	NA	NA
cell1250	NA	NA	0.4962846040725708	NA
cell1251	NA	0.0353936105966568	NA	NA
cell1252	0.7503814697265625	NA	NA	NA
cell1253	NA	0.033018141984939575	NA	NA
cell1254	0.7543978095054626	NA	NA	NA
cell1255	NA	0.01599476858973503	NA	NA
cell1256	0.7615095973014832	NA	NA	NA
cell1257	0.7487828135490417	NA	NA	NA
cell1258	NA	0.05685831978917122	NA	NA
cell1259	0.7391101717948914	NA	NA	NA
cell1260	0.7416545748710632	NA	NA	NA
cell1261	0.7814503908157349	NA	NA	NA
cell1262	NA	NA	0.4954380393028259	NA
cell1263	0.7433153390884399	NA	NA	NA
cell1264	0.741089403629303	NA	NA	NA
cell1265	NA	0.0226474367082119	NA	NA
cell1266	0.6993560791015625	NA	NA	NA
cell1267	0.9705427885055542	NA	NA	NA
cell1268	0.7799735069274902	NA	NA	NA
cell1269	NA	0.016512291505932808	NA	NA
cell1270	NA	0.01943870820105076	NA	NA
cell1271	0.757757306098938	NA	NA	NA
cell1272	NA	NA	0.5185753107070923	NA
cell1273	NA	NA	0.6469824910163879	NA
cell1274	NA	0.03005240112543106	NA	NA
cell1275	NA	NA	NA	0.9215318560600281
cell1276	0.9815067648887634	NA	NA	NA
cell1277	NA	0.4273744821548462	NA	NA
cell1278	0.820961058139801	NA	NA	NA
cell1279	NA	NA	0.5225569605827332	NA
cell1280	0.8711569905281067	NA	NA	NA
cell1281	NA	NA	0.5135795474052429	NA
cell1282	NA	0.4071153402328491	NA	NA
cell1283	0.7454025149345398	NA	NA	NA
cell1284	0.7692006826400757	NA	NA	NA
cell1285	0.8469051718711853	NA	NA	NA
cell1286	NA	0.0644945278763771	NA	NA
cell1287	0.7909046411514282	NA	NA	NA
cell1288	NA	NA	0.49098706245422363	NA
cell1289	NA	0.4014316201210022	NA	NA
cell1290	NA	0.03831454738974571	NA	NA
cell1291	NA	NA	0.5164893269538879	NA
cell1292	0.7883372902870178	NA	NA	NA
cell1293	0.9555012583732605	NA	NA	NA
cell1294	NA	0.00712729524821043	NA	NA
cell1295	0.7998371720314026	NA	NA	NA
cell1296	0.7625027894973755	NA	NA	NA
cell1297	NA	NA	0.4927861988544464	NA
cell1298	NA	0.0762639194726944	NA	NA
cell1299	0.7027748227119446	NA	NA	NA
cell1300	0.9426626563072205	NA	NA	NA
cell1301	0.7321866154670715	NA	NA	NA
cell1302	0.7719501256942749	NA	NA	NA
cell1303	0.9737119078636169	NA	NA	NA
cell1304	0.7466809749603271	NA	NA	NA
cell1305	0.7696077227592468	NA	NA	NA
cell1306	NA	0.43015187978744507	NA	NA
cell1307	0.7520220875740051	NA	NA	NA
cell1308	NA	0.04763109236955643	NA	NA
cell1309	0.7712832689285278	NA	NA	NA
cell1310	0.7728939652442932	NA	NA	NA
cell1311	0.6672972440719604	NA	NA	NA
cell1312	NA	0.40720266103744507	NA	NA
cell1313	NA	0.10835853219032288	NA	NA
cell1314	0.7525250911712646	NA	NA	NA
cell1315	NA	0.019825518131256104	NA	NA
cell1316	0.958653450012207	NA	NA	NA
cell1317	0.9648207426071167	NA	NA	NA
cell1318	0.7380884885787964	NA	NA	NA
cell1319	0.732185959815979	NA	NA	NA
cell1320	0.736327588558197	NA	NA	NA
cell1321	NA	0.013141260482370853	NA	NA
cell1322	NA	0.4258292615413666	NA	NA
cell1323	NA	0.14101843535900116	NA	NA
cell1324	0.9157001376152039	NA	NA	NA
cell1325	0.7605898380279541	NA	NA	NA
cell1326	0.8453675508499146	NA	NA	NA
cell1327	NA	0.019500045105814934	NA	NA
cell1328	0.7677492499351501	NA	NA	NA
cell1329	0.7656255960464478	NA	NA	NA
cell1330	0.8647170662879944	NA	NA	NA
cell1331	NA	NA	0.5040030479431152	NA
cell1332	NA	0.0017100936966016889	NA	NA
cell1333	NA	0.03168414160609245	NA	NA
cell1334	0.7501608729362488	NA	NA	NA
cell1335	NA	0.40295863151550293	NA	NA
cell1336	0.7209119200706482	NA	NA	NA
cell1337	0.7860626578330994	NA	NA	NA
cell1338	0.8550418019294739	NA	NA	NA
cell1339	0.7511211633682251	NA	NA	NA
cell1340	0.7375852465629578	NA	NA	NA
cell1341	0.8702465891838074	NA	NA	NA
cell1342	0.7648786902427673	NA	NA	NA
cell1343	0.7810207605361938	NA	NA	NA
cell1344	NA	0.02244909666478634	NA	NA
cell1345	0.8968613147735596	NA	NA	NA
cell1346	NA	0.03883272781968117	NA	NA
cell1347	NA	NA	0.49420174956321716	NA
cell1348	0.7643142938613892	NA	NA	NA
cell1349	0.7742506265640259	NA	NA	NA
cell1350	0.7644732594490051	NA	NA	NA
cell1351	NA	NA	0.48996734619140625	NA
cell1352	NA	0.3945569097995758	NA	NA
cell1353	0.9128589034080505	NA	NA	NA
cell1354	NA	0.03794438764452934	NA	NA
cell1355	0.8154422640800476	NA	NA	NA
cell1356	NA	0.01245882362127304	NA	NA
cell1357	0.8279710412025452	NA	NA	NA
cell1358	NA	NA	0.4926527142524719	NA
cell1359	NA	0.0011293101124465466	NA	NA
cell1360	0.8613500595092773	NA	NA	NA
cell1361	0.7554715871810913	NA	NA	NA
cell1362	0.7593696713447571	NA	NA	NA
cell1363	0.7382591962814331	NA	NA	NA
cell1364	0.9620755314826965	NA	NA	NA
cell1365	0.6572273969650269	NA	NA	NA
cell1366	NA	NA	0.48647546768188477	NA
cell1367	0.7776258587837219	NA	NA	NA
cell1368	0.8025984168052673	NA	NA	NA
cell1369	NA	NA	0.49478936195373535	NA
cell1370	0.7491481900215149	NA	NA	NA
cell1371	0.7128778100013733	NA	NA	NA
cell1372	NA	NA	NA	0.9188744425773621
cell1373	0.7976948022842407	NA	NA	NA
cell1374	0.8084982633590698	NA	NA	NA
cell1375	0.8960531949996948	NA	NA	NA
cell1376	0.7395052313804626	NA	NA	NA
cell1377	NA	NA	0.5012780427932739	NA
cell1378	NA	0.020892521366477013	NA	NA
cell1379	NA	NA	0.5214584469795227	NA
cell1380	0.8554803133010864	NA	NA	NA
cell1381	NA	0.0694848895072937	NA	NA
cell1382	NA	0.3868471384048462	NA	NA
cell1383	NA	NA	0.5059120655059814	NA
cell1384	0.7893843650817871	NA	NA	NA
cell1385	0.7518790364265442	NA	NA	NA
cell1386	NA	NA	0.5106350779533386	NA
cell1387	NA	NA	0.5219436287879944	NA
cell1388	0.7493500709533691	NA	NA	NA
cell1389	NA	0.0627385750412941	NA	NA
cell1390	0.7317430377006531	NA	NA	NA
cell1391	0.7582248449325562	NA	NA	NA
cell1392	NA	0.01528747659176588	NA	NA
cell1393	NA	NA	NA	0.9329376816749573
cell1394	0.719569981098175	NA	NA	NA
cell1395	0.663528561592102	NA	NA	NA
cell1396	NA	0.05172362178564072	NA	NA
cell1397	0.6699545383453369	NA	NA	NA
cell1398	NA	NA	0.49688708782196045	NA
cell1399	0.67850261926651	NA	NA	NA
cell1400	0.7818770408630371	NA	NA	NA
cell1401	0.8575246334075928	NA	NA	NA
cell1402	NA	0.06353450566530228	NA	NA
cell1403	0.8414373993873596	NA	NA	NA
cell1404	0.7621377110481262	NA	NA	NA
cell1405	0.7704249024391174	NA	NA	NA
cell1406	NA	0.43712562322616577	NA	NA
cell1407	0.8491712212562561	NA	NA	NA
cell1408	0.8532403707504272	NA	NA	NA
cell1409	0.7596411108970642	NA	NA	NA
cell1410	NA	NA	0.5109697580337524	NA
cell1411	0.7873585224151611	NA	NA	NA
cell1412	NA	NA	0.5019305944442749	NA
cell1413	0.8827676177024841	NA	NA	NA
cell1414	0.9208401441574097	NA	NA	NA
cell1415	0.7840116024017334	NA	NA	NA
cell1416	NA	NA	0.5230327248573303	NA
cell1417	NA	NA	0.49223440885543823	NA
cell1418	0.7537104487419128	NA	NA	NA
cell1419	0.6715830564498901	NA	NA	NA
cell1420	NA	NA	0.5169258117675781	NA
cell1421	NA	NA	NA	0.9472373127937317
cell1422	0.7683532238006592	NA	NA	NA
cell1423	NA	0.05876219645142555	NA	NA
cell1424	NA	NA	0.4968509078025818	NA
cell1425	0.9054427146911621	NA	NA	NA
cell1426	0.8924950957298279	NA	NA	NA
cell1427	0.774462878704071	NA	NA	NA
cell1428	NA	NA	NA	0.9075058102607727
cell1429	0.8477550745010376	NA	NA	NA
cell1430	0.7777549624443054	NA	NA	NA
cell1431	NA	0.01116167288273573	NA	NA
cell1432	NA	0.05975603312253952	NA	NA
cell1433	0.8083476424217224	NA	NA	NA
cell1434	0.8750097155570984	NA	NA	NA
cell1435	0.9760131239891052	NA	NA	NA
cell1436	0.8361940979957581	NA	NA	NA
cell1437	NA	NA	0.519727885723114	NA
cell1438	0.8642166256904602	NA	NA	NA
cell1439	NA	NA	NA	0.9196112155914307
cell1440	0.8472796082496643	NA	NA	NA
cell1441	0.7491984367370605	NA	NA	NA
cell1442	0.7767144441604614	NA	NA	NA
cell1443	0.837934136390686	NA	NA	NA
cell1444	0.7453401684761047	NA	NA	NA
cell1445	NA	0.07774250954389572	NA	NA
cell1446	NA	NA	0.5120388865470886	NA
cell1447	0.7537710070610046	NA	NA	NA
cell1448	0.957123339176178	NA	NA	NA
cell1449	NA	0.026235736906528473	NA	NA
cell1450	0.7951502203941345	NA	NA	NA
cell1451	0.7859060168266296	NA	NA	NA
cell1452	NA	NA	NA	0.9159829020500183
cell1453	0.7890344858169556	NA	NA	NA
cell1454	NA	0.06888005137443542	NA	NA
cell1455	0.8900635242462158	NA	NA	NA
cell1456	NA	0.02818155847489834	NA	NA
cell1457	NA	NA	NA	0.9133206009864807
cell1458	NA	0.03828740492463112	NA	NA
cell1459	0.7435208559036255	NA	NA	NA
cell1460	0.8649263978004456	NA	NA	NA
cell1461	NA	0.03298605978488922	NA	NA
cell1462	0.9821932911872864	NA	NA	NA
cell1463	NA	0.009573436342179775	NA	NA
cell1464	0.9209312200546265	NA	NA	NA
cell1465	0.866527795791626	NA	NA	NA
cell1466	0.8272241353988647	NA	NA	NA
cell1467	0.7590826749801636	NA	NA	NA
cell1468	0.8482229709625244	NA	NA	NA
cell1469	0.7351087927818298	NA	NA	NA
cell1470	NA	0.02837059274315834	NA	NA
cell1471	NA	0.04485893249511719	NA	NA
cell1472	0.8494918942451477	NA	NA	NA
cell1473	NA	NA	0.507455050945282	NA
cell1474	0.7488475441932678	NA	NA	NA
cell1475	0.7813280820846558	NA	NA	NA
cell1476	NA	0.023393943905830383	NA	NA
cell1477	0.8167901039123535	NA	NA	NA
cell1478	0.7638182640075684	NA	NA	NA
cell1479	0.781104326248169	NA	NA	NA
cell1480	0.7680546045303345	NA	NA	NA
cell1481	NA	0.02837510220706463	NA	NA
cell1482	0.8888635635375977	NA	NA	NA
cell1483	NA	NA	NA	0.9260739088058472
cell1484	NA	NA	0.5689933896064758	NA
cell1485	0.9890260696411133	NA	NA	NA
cell1486	NA	NA	0.4935166835784912	NA
cell1487	NA	0.03904798999428749	NA	NA
cell1488	0.9500990509986877	NA	NA	NA
cell1489	0.7497521638870239	NA	NA	NA
cell1490	NA	NA	0.5084742307662964	NA
cell1491	0.7477879524230957	NA	NA	NA
cell1492	NA	0.08695048093795776	NA	NA
cell1493	NA	0.07706212997436523	NA	NA
cell1494	NA	0.008820817805826664	NA	NA
cell1495	NA	NA	0.5435681343078613	NA
cell1496	NA	0.043839387595653534	NA	NA
cell1497	0.6618267297744751	NA	NA	NA
cell1498	NA	0.03702079877257347	NA	NA
cell1499	0.8883336186408997	NA	NA	NA
cell1500	0.897786021232605	NA	NA	NA
cell1501	0.8411175608634949	NA	NA	NA
cell1502	0.9811859130859375	NA	NA	NA
cell1503	0.8425506353378296	NA	NA	NA
cell1504	NA	NA	0.5290676951408386	NA
cell1505	0.8169581890106201	NA	NA	NA
cell1506	NA	0.06491468846797943	NA	NA
cell1507	0.823257565498352	NA	NA	NA
cell1508	NA	0.04750892147421837	NA	NA
cell1509	0.7352738380432129	NA	NA	NA
cell1510	0.7928643822669983	NA	NA	NA
cell1511	NA	NA	0.4853297173976898	NA
cell1512	0.8094119429588318	NA	NA	NA
cell1513	0.7624163031578064	NA	NA	NA
cell1514	0.7718313932418823	NA	NA	NA
cell1515	0.9907371997833252	NA	NA	NA
cell1516	NA	0.08272230625152588	NA	NA
cell1517	0.8064417243003845	NA	NA	NA
cell1518	NA	0.010737359523773193	NA	NA
cell1519	0.7513951063156128	NA	NA	NA
cell1520	0.8770709037780762	NA	NA	NA
cell1521	NA	NA	0.518865168094635	NA
cell1522	0.8014520406723022	NA	NA	NA
cell1523	0.8501408696174622	NA	NA	NA
cell1524	NA	NA	0.5053685307502747	NA
cell1525	0.7665532231330872	NA	NA	NA
cell1526	NA	NA	0.49221813678741455	NA
cell1527	0.8741856813430786	NA	NA	NA
cell1528	NA	0.04773886129260063	NA	NA
cell1529	0.7653030753135681	NA	NA	NA
cell1530	0.8587887287139893	NA	NA	NA
cell1531	0.9471635818481445	NA	NA	NA
cell1532	0.6599364876747131	NA	NA	NA
cell1533	NA	0.08096153289079666	NA	NA
cell1534	0.676886796951294	NA	NA	NA
cell1535	NA	NA	0.48413509130477905	NA
cell1536	0.7504780888557434	NA	NA	NA
cell1537	0.7814493179321289	NA	NA	NA
cell1538	0.7334973812103271	NA	NA	NA
cell1539	0.7337135076522827	NA	NA	NA
cell1540	0.8402447700500488	NA	NA	NA
cell1541	0.7505993247032166	NA	NA	NA
cell1542	NA	NA	0.518541693687439	NA
cell1543	NA	NA	0.495892733335495	NA
cell1544	0.8467552065849304	NA	NA	NA
cell1545	NA	NA	0.5152626633644104	NA
cell1546	0.749428391456604	NA	NA	NA
cell1547	NA	0.0035305065102875233	NA	NA
cell1548	NA	0.005984344519674778	NA	NA
cell1549	NA	NA	0.48056069016456604	NA
cell1550	0.8934676647186279	NA	NA	NA
cell1551	0.8399782180786133	NA	NA	NA
cell1552	0.8394134044647217	NA	NA	NA
cell1553	NA	NA	0.5130172371864319	NA
cell1554	0.8954468965530396	NA	NA	NA
cell1555	NA	NA	0.519637942314148	NA
cell1556	NA	0.4097663462162018	NA	NA
cell1557	0.751280665397644	NA	NA	NA
cell1558	0.7444690465927124	NA	NA	NA
cell1559	0.9220314025878906	NA	NA	NA
cell1560	0.8375002145767212	NA	NA	NA
cell1561	NA	0.36337825655937195	NA	NA
cell1562	NA	NA	0.5071179270744324	NA
cell1563	NA	NA	0.5134662389755249	NA
cell1564	NA	0.03149936720728874	NA	NA
cell1565	0.769856870174408	NA	NA	NA
cell1566	0.8289294242858887	NA	NA	NA
cell1567	0.8314002156257629	NA	NA	NA
cell1568	NA	NA	0.5304589867591858	NA
cell1569	0.7631816864013672	NA	NA	NA
cell1570	0.9438422322273254	NA	NA	NA
cell1571	0.7527273893356323	NA	NA	NA
cell1572	0.7473186254501343	NA	NA	NA
cell1573	0.8566626310348511	NA	NA	NA
cell1574	NA	NA	0.5120021104812622	NA
cell1575	NA	0.021696411073207855	NA	NA
cell1576	0.7704713940620422	NA	NA	NA
cell1577	0.7857313752174377	NA	NA	NA
cell1578	0.8427729606628418	NA	NA	NA
cell1579	0.8336433172225952	NA	NA	NA
cell1580	NA	NA	0.5189059376716614	NA
cell1581	0.9273956418037415	NA	NA	NA
cell1582	NA	NA	0.5028151273727417	NA
cell1583	0.7410455942153931	NA	NA	NA
cell1584	NA	NA	0.48866260051727295	NA
cell1585	0.8291581273078918	NA	NA	NA
cell1586	0.8149981498718262	NA	NA	NA
cell1587	NA	NA	0.4931291937828064	NA
cell1588	NA	NA	0.48316290974617004	NA
cell1589	NA	NA	0.49248814582824707	NA
cell1590	NA	NA	0.48498326539993286	NA
cell1591	0.849345862865448	NA	NA	NA
cell1592	0.8523844480514526	NA	NA	NA
cell1593	0.9434386491775513	NA	NA	NA
cell1594	NA	NA	NA	0.924586832523346
cell1595	0.7812688946723938	NA	NA	NA
cell1596	0.8400172591209412	NA	NA	NA
cell1597	0.947460412979126	NA	NA	NA
cell1598	0.8826606273651123	NA	NA	NA
cell1599	0.8384343385696411	NA	NA	NA
cell1600	0.7803801894187927	NA	NA	NA
cell1601	0.7341693639755249	NA	NA	NA
cell1602	0.8580588102340698	NA	NA	NA
cell1603	0.6647772192955017	NA	NA	NA
cell1604	0.740911066532135	NA	NA	NA
cell1605	0.7932880520820618	NA	NA	NA
cell1606	0.7638099193572998	NA	NA	NA
cell1607	0.8241943717002869	NA	NA	NA
cell1608	0.7894008755683899	NA	NA	NA
cell1609	0.7632643580436707	NA	NA	NA
cell1610	0.7837975025177002	NA	NA	NA
cell1611	0.7761313915252686	NA	NA	NA
cell1612	0.8263759613037109	NA	NA	NA
cell1613	0.8472025394439697	NA	NA	NA
cell1614	0.7734326720237732	NA	NA	NA
cell1615	NA	0.034541696310043335	NA	NA
cell1616	NA	0.08144485950469971	NA	NA
cell1617	0.7869768142700195	NA	NA	NA
cell1618	0.9451075792312622	NA	NA	NA
cell1619	0.7769532203674316	NA	NA	NA
cell1620	NA	NA	0.5105971693992615	NA
cell1621	0.7624559998512268	NA	NA	NA
cell1622	0.7682265639305115	NA	NA	NA
cell1623	0.7505666017532349	NA	NA	NA
cell1624	0.8942351937294006	NA	NA	NA
cell1625	NA	NA	0.51663738489151	NA
cell1626	NA	NA	0.5107862949371338	NA
cell1627	0.7398201823234558	NA	NA	NA
cell1628	NA	NA	0.4857107698917389	NA
cell1629	NA	NA	0.4786175489425659	NA
cell1630	0.7438150644302368	NA	NA	NA
cell1631	NA	0.0859273374080658	NA	NA
cell1632	NA	NA	NA	0.9143588542938232
cell1633	NA	NA	0.5197997689247131	NA
cell1634	0.8300532102584839	NA	NA	NA
cell1635	0.8502114415168762	NA	NA	NA
cell1636	0.6661596298217773	NA	NA	NA
cell1637	NA	0.4618300795555115	NA	NA
cell1638	0.7619348764419556	NA	NA	NA
cell1639	0.7696640491485596	NA	NA	NA
cell1640	0.7624015212059021	NA	NA	NA
cell1641	0.7517992854118347	NA	NA	NA
cell1642	0.7560401558876038	NA	NA	NA
cell1643	0.771989107131958	NA	NA	NA
cell1644	0.7617769837379456	NA	NA	NA
cell1645	NA	0.02591932751238346	NA	NA
cell1646	0.9819821119308472	NA	NA	NA
cell1647	NA	0.03241419047117233	NA	NA
cell1648	0.7333037853240967	NA	NA	NA
cell1649	NA	0.01911860518157482	NA	NA
cell1650	NA	0.026931609958410263	NA	NA
cell1651	0.746412456035614	NA	NA	NA
cell1652	0.9637286067008972	NA	NA	NA
cell1653	0.8265811800956726	NA	NA	NA
cell1654	0.7442061901092529	NA	NA	NA
cell1655	0.7359115481376648	NA	NA	NA
cell1656	0.7870649099349976	NA	NA	NA
cell1657	0.6804389953613281	NA	NA	NA
cell1658	0.9717715978622437	NA	NA	NA
cell1659	0.6642926931381226	NA	NA	NA
cell1660	0.8379803895950317	NA	NA	NA
cell1661	NA	0.013910115696489811	NA	NA
cell1662	0.8078069090843201	NA	NA	NA
cell1663	0.951032817363739	NA	NA	NA
cell1664	0.7808709144592285	NA	NA	NA
cell1665	0.8974778056144714	NA	NA	NA
cell1666	0.8524513840675354	NA	NA	NA
cell1667	NA	0.4567466676235199	NA	NA
cell1668	NA	0.3681146502494812	NA	NA
cell1669	0.7836354374885559	NA	NA	NA
cell1670	NA	0.029118657112121582	NA	NA
cell1671	0.7526112794876099	NA	NA	NA
cell1672	NA	0.05972675979137421	NA	NA
cell1673	NA	NA	0.5224788784980774	NA
cell1674	0.8681888580322266	NA	NA	NA
cell1675	NA	0.4149976074695587	NA	NA
cell1676	NA	NA	0.5174276828765869	NA
cell1677	NA	0.012413203716278076	NA	NA
cell1678	0.7688053250312805	NA	NA	NA
cell1679	NA	NA	0.5235233902931213	NA
cell1680	0.9111115336418152	NA	NA	NA
cell1681	0.7684487104415894	NA	NA	NA
cell1682	0.9240680932998657	NA	NA	NA
cell1683	NA	0.01141900010406971	NA	NA
cell1684	0.7762185335159302	NA	NA	NA
cell1685	0.9777591228485107	NA	NA	NA
cell1686	0.7889711856842041	NA	NA	NA
cell1687	0.7382580637931824	NA	NA	NA
cell1688	0.9766805171966553	NA	NA	NA
cell1689	0.7605973482131958	NA	NA	NA
cell1690	0.660765528678894	NA	NA	NA
cell1691	0.788151741027832	NA	NA	NA
cell1692	0.8199805021286011	NA	NA	NA
cell1693	NA	NA	0.49462273716926575	NA
cell1694	0.7658784985542297	NA	NA	NA
cell1695	0.7483837604522705	NA	NA	NA
cell1696	NA	NA	0.509619951248169	NA
cell1697	0.7324270009994507	NA	NA	NA
cell1698	NA	0.03383917734026909	NA	NA
cell1699	NA	NA	0.49610665440559387	NA
cell1700	0.7888556718826294	NA	NA	NA
cell1701	NA	0.014822612516582012	NA	NA
cell1702	NA	NA	0.5243350863456726	NA
cell1703	0.6620295643806458	NA	NA	NA
cell1704	0.8038915991783142	NA	NA	NA
cell1705	0.850256085395813	NA	NA	NA
cell1706	0.8614822030067444	NA	NA	NA
cell1707	0.9299158453941345	NA	NA	NA
cell1708	0.8338714241981506	NA	NA	NA
cell1709	NA	NA	0.514115571975708	NA
cell1710	0.9168349504470825	NA	NA	NA
cell1711	0.8885841369628906	NA	NA	NA
cell1712	0.8385957479476929	NA	NA	NA
cell1713	0.9387665390968323	NA	NA	NA
cell1714	0.7495810985565186	NA	NA	NA
cell1715	0.7427853941917419	NA	NA	NA
cell1716	0.7404633164405823	NA	NA	NA
cell1717	0.9687069654464722	NA	NA	NA
cell1718	NA	0.016851531341671944	NA	NA
cell1719	NA	NA	0.5003153085708618	NA
cell1720	NA	NA	NA	0.9302266240119934
cell1721	NA	NA	0.5199567675590515	NA
cell1722	0.8589452505111694	NA	NA	NA
cell1723	0.7674833536148071	NA	NA	NA
cell1724	0.7712773680686951	NA	NA	NA
cell1725	0.7509027123451233	NA	NA	NA
cell1726	0.8147892951965332	NA	NA	NA
cell1727	0.7547014951705933	NA	NA	NA
cell1728	0.8473020195960999	NA	NA	NA
cell1729	NA	0.3874358832836151	NA	NA
cell1730	0.7510606050491333	NA	NA	NA
cell1731	0.9152480959892273	NA	NA	NA
cell1732	0.8744080066680908	NA	NA	NA
cell1733	0.8704182505607605	NA	NA	NA
cell1734	0.7540984749794006	NA	NA	NA
cell1735	NA	0.03722114488482475	NA	NA
cell1736	0.6703678965568542	NA	NA	NA
cell1737	NA	NA	0.5116060376167297	NA
cell1738	NA	NA	0.515781581401825	NA
cell1739	0.8727440237998962	NA	NA	NA
cell1740	0.7531054019927979	NA	NA	NA
cell1741	NA	NA	0.49505531787872314	NA
cell1742	NA	NA	0.5100453495979309	NA
cell1743	0.7851444482803345	NA	NA	NA
cell1744	NA	NA	0.5344212055206299	NA
cell1745	0.7518019676208496	NA	NA	NA
cell1746	NA	0.013705996796488762	NA	NA
cell1747	0.8395664095878601	NA	NA	NA
cell1748	0.8554224371910095	NA	NA	NA
cell1749	0.7793170213699341	NA	NA	NA
cell1750	0.9265912175178528	NA	NA	NA
cell1751	0.9620752930641174	NA	NA	NA
cell1752	NA	0.014929642900824547	NA	NA
cell1753	0.9235020279884338	NA	NA	NA
cell1754	NA	NA	0.49508044123649597	NA
cell1755	0.858213484287262	NA	NA	NA
cell1756	0.9747512936592102	NA	NA	NA
cell1757	NA	0.07446112483739853	NA	NA
cell1758	0.96004319190979	NA	NA	NA
cell1759	0.6925839781761169	NA	NA	NA
cell1760	0.6655625104904175	NA	NA	NA
cell1761	0.7731191515922546	NA	NA	NA
cell1762	0.7539138197898865	NA	NA	NA
cell1763	0.7568401098251343	NA	NA	NA
cell1764	1.0	NA	NA	NA
cell1765	NA	0.008149747736752033	NA	NA
cell1766	0.6769562363624573	NA	NA	NA
cell1767	NA	NA	0.5127988457679749	NA
cell1768	NA	NA	0.5219433903694153	NA
cell1769	NA	NA	0.5227299928665161	NA
cell1770	0.9768039584159851	NA	NA	NA
cell1771	0.7496514320373535	NA	NA	NA
cell1772	0.9823499321937561	NA	NA	NA
cell1773	0.78313148021698	NA	NA	NA
cell1774	0.8787567019462585	NA	NA	NA
cell1775	NA	NA	0.5318951606750488	NA
cell1776	0.6626913547515869	NA	NA	NA
cell1777	0.7732023596763611	NA	NA	NA
cell1778	NA	0.03116118162870407	NA	NA
cell1779	0.9744486808776855	NA	NA	NA
cell1780	0.9236467480659485	NA	NA	NA
cell1781	0.7347818613052368	NA	NA	NA
cell1782	0.8525721430778503	NA	NA	NA
cell1783	0.7693248987197876	NA	NA	NA
cell1784	NA	NA	NA	0.9362719058990479
cell1785	NA	NA	0.5183742046356201	NA
cell1786	NA	NA	0.6265453100204468	NA
cell1787	0.783984899520874	NA	NA	NA
cell1788	0.8402139544487	NA	NA	NA
cell1789	0.9544314742088318	NA	NA	NA
cell1790	0.7564760446548462	NA	NA	NA
cell1791	0.9817065000534058	NA	NA	NA
cell1792	0.7654747366905212	NA	NA	NA
cell1793	0.8585895299911499	NA	NA	NA
cell1794	0.7850174903869629	NA	NA	NA
cell1795	0.9912309050559998	NA	NA	NA
cell1796	0.8230977058410645	NA	NA	NA
cell1797	0.7175800800323486	NA	NA	NA
cell1798	0.7270908355712891	NA	NA	NA
cell1799	0.9392629861831665	NA	NA	NA
cell1800	NA	NA	0.4975220859050751	NA
cell1801	0.7520368695259094	NA	NA	NA
cell1802	0.7486528158187866	NA	NA	NA
cell1803	NA	0.0838080570101738	NA	NA
cell1804	0.7529134154319763	NA	NA	NA
cell1805	NA	NA	0.5162689089775085	NA
cell1806	0.8392201066017151	NA	NA	NA
cell1807	NA	NA	NA	0.9139655232429504
cell1808	NA	NA	0.4878162443637848	NA
cell1809	0.8059809803962708	NA	NA	NA
cell1810	0.9359024167060852	NA	NA	NA
cell1811	0.8528081178665161	NA	NA	NA
cell1812	0.8796274065971375	NA	NA	NA
cell1813	0.8376882076263428	NA	NA	NA
cell1814	0.7624951004981995	NA	NA	NA
cell1815	0.9065837264060974	NA	NA	NA
cell1816	0.7825053334236145	NA	NA	NA
cell1817	NA	0.058916784822940826	NA	NA
cell1818	NA	0.018144764006137848	NA	NA
cell1819	NA	0.4599553048610687	NA	NA
cell1820	0.7717161774635315	NA	NA	NA
cell1821	0.6683057546615601	NA	NA	NA
cell1822	0.8917835354804993	NA	NA	NA
cell1823	NA	NA	0.510487973690033	NA
cell1824	NA	NA	0.49160900712013245	NA
cell1825	0.9653176665306091	NA	NA	NA
cell1826	0.7460817694664001	NA	NA	NA
cell1827	0.9598281383514404	NA	NA	NA
cell1828	NA	NA	0.5097746253013611	NA
cell1829	0.967390775680542	NA	NA	NA
cell1830	NA	NA	0.5269009470939636	NA
cell1831	0.9219934940338135	NA	NA	NA
cell1832	NA	0.016814973205327988	NA	NA
cell1833	NA	NA	0.5150909423828125	NA
cell1834	NA	NA	NA	0.9200983643531799
cell1835	0.7298167943954468	NA	NA	NA
cell1836	0.8078760504722595	NA	NA	NA
cell1837	NA	0.0114922309294343	NA	NA
cell1838	NA	0.43533480167388916	NA	NA
cell1839	0.7655418515205383	NA	NA	NA
cell1840	0.7463193535804749	NA	NA	NA
cell1841	NA	0.007095499895513058	NA	NA
cell1842	0.8176040053367615	NA	NA	NA
cell1843	0.7598094344139099	NA	NA	NA
cell1844	0.7717264890670776	NA	NA	NA
cell1845	0.7402240037918091	NA	NA	NA
cell1846	0.7854349613189697	NA	NA	NA
cell1847	0.8710408210754395	NA	NA	NA
cell1848	0.7576262354850769	NA	NA	NA
cell1849	0.7353108525276184	NA	NA	NA
cell1850	NA	0.06708552688360214	NA	NA
cell1851	0.8598059415817261	NA	NA	NA
cell1852	NA	NA	0.5218694806098938	NA
cell1853	0.8650093078613281	NA	NA	NA
cell1854	0.830733060836792	NA	NA	NA
cell1855	NA	0.022343330085277557	NA	NA
cell1856	0.7511326670646667	NA	NA	NA
cell1857	NA	NA	0.49036771059036255	NA
cell1858	NA	0.01622917875647545	NA	NA
cell1859	0.736751914024353	NA	NA	NA
cell1860	0.8500112891197205	NA	NA	NA
cell1861	0.7907696962356567	NA	NA	NA
cell1862	NA	NA	0.4995688498020172	NA
cell1863	0.8291946053504944	NA	NA	NA
cell1864	0.8838284015655518	NA	NA	NA
cell1865	0.7734636068344116	NA	NA	NA
cell1866	0.76303631067276	NA	NA	NA
cell1867	0.7617804408073425	NA	NA	NA
cell1868	NA	NA	0.5112113356590271	NA
cell1869	NA	0.3885950446128845	NA	NA
cell1870	0.9841508269309998	NA	NA	NA
cell1871	0.7912052273750305	NA	NA	NA
cell1872	NA	0.023177286610007286	NA	NA
cell1873	NA	NA	0.4999876022338867	NA
cell1874	NA	0.08359914273023605	NA	NA
cell1875	0.7535336017608643	NA	NA	NA
cell1876	NA	0.38270777463912964	NA	NA
cell1877	0.7504220604896545	NA	NA	NA
cell1878	0.8308767676353455	NA	NA	NA
cell1879	NA	0.0029892853926867247	NA	NA
cell1880	NA	NA	0.4987920820713043	NA
cell1881	0.8427489995956421	NA	NA	NA
cell1882	NA	0.4338054060935974	NA	NA
cell1883	0.7670851945877075	NA	NA	NA
cell1884	0.7768616080284119	NA	NA	NA
cell1885	0.8919649720191956	NA	NA	NA
cell1886	0.7801096439361572	NA	NA	NA
cell1887	0.8116340041160583	NA	NA	NA
cell1888	0.7692387104034424	NA	NA	NA
cell1889	0.8410091400146484	NA	NA	NA
cell1890	NA	NA	0.47438958287239075	NA
cell1891	0.7871719002723694	NA	NA	NA
cell1892	0.7942667603492737	NA	NA	NA
cell1893	0.6662330627441406	NA	NA	NA
cell1894	0.8003783822059631	NA	NA	NA
cell1895	0.8588537573814392	NA	NA	NA
cell1896	0.7635127305984497	NA	NA	NA
cell1897	0.7539670467376709	NA	NA	NA
cell1898	0.7484307885169983	NA	NA	NA
cell1899	0.8670993447303772	NA	NA	NA
cell1900	0.9887146353721619	NA	NA	NA
cell1901	NA	0.026903457939624786	NA	NA
cell1902	NA	NA	0.487995982170105	NA
cell1903	0.9067532420158386	NA	NA	NA
cell1904	NA	0.0309214536100626	NA	NA
cell1905	0.7915245890617371	NA	NA	NA
cell1906	0.7466922402381897	NA	NA	NA
cell1907	0.8316788673400879	NA	NA	NA
cell1908	0.7551543116569519	NA	NA	NA
cell1909	NA	NA	0.5124812126159668	NA
cell1910	0.8648170232772827	NA	NA	NA
cell1911	0.7577351331710815	NA	NA	NA
cell1912	0.887897789478302	NA	NA	NA
cell1913	0.7647590637207031	NA	NA	NA
cell1914	NA	0.030237289145588875	NA	NA
cell1915	NA	NA	0.5280740261077881	NA
cell1916	0.989121675491333	NA	NA	NA
cell1917	NA	NA	0.5005461573600769	NA
cell1918	0.870177149772644	NA	NA	NA
cell1919	NA	0.4185504913330078	NA	NA
cell1920	0.6955611109733582	NA	NA	NA
cell1921	0.6929570436477661	NA	NA	NA
cell1922	NA	NA	0.492323100566864	NA
cell1923	0.7634946703910828	NA	NA	NA
cell1924	NA	0.07185143977403641	NA	NA
cell1925	0.8278514742851257	NA	NA	NA
cell1926	NA	0.4598248600959778	NA	NA
cell1927	0.996914267539978	NA	NA	NA
cell1928	0.9586096405982971	NA	NA	NA
cell1929	NA	0.0338556244969368	NA	NA
cell1930	0.9461814165115356	NA	NA	NA
cell1931	0.674457311630249	NA	NA	NA
cell1932	NA	0.022873150184750557	NA	NA
cell1933	0.6821180582046509	NA	NA	NA
cell1934	NA	NA	0.519462525844574	NA
cell1935	NA	NA	0.4998358488082886	NA
cell1936	NA	NA	0.5172964334487915	NA
cell1937	0.7646105885505676	NA	NA	NA
cell1938	0.8521357178688049	NA	NA	NA
cell1939	0.8662972450256348	NA	NA	NA
cell1940	0.7866976261138916	NA	NA	NA
cell1941	0.9762164950370789	NA	NA	NA
cell1942	NA	NA	0.49362489581108093	NA
cell1943	NA	NA	0.5033230185508728	NA
cell1944	0.9578741192817688	NA	NA	NA
cell1945	0.7519761323928833	NA	NA	NA
cell1946	NA	NA	0.5180660486221313	NA
cell1947	NA	NA	0.5223928689956665	NA
cell1948	0.7721126675605774	NA	NA	NA
cell1949	0.8583109974861145	NA	NA	NA
cell1950	0.6746610999107361	NA	NA	NA
cell1951	0.7624387145042419	NA	NA	NA
cell1952	NA	0.05132313072681427	NA	NA
cell1953	NA	NA	0.5249742269515991	NA
cell1954	NA	NA	0.5207875967025757	NA
cell1955	0.7640058994293213	NA	NA	NA
cell1956	0.6609845757484436	NA	NA	NA
cell1957	0.7686366438865662	NA	NA	NA
cell1958	NA	0.05717015266418457	NA	NA
cell1959	NA	NA	0.5002730488777161	NA
cell1960	0.9397531151771545	NA	NA	NA
cell1961	0.9638635516166687	NA	NA	NA
cell1962	NA	0.01751975156366825	NA	NA
cell1963	0.7518535852432251	NA	NA	NA
cell1964	0.8242437839508057	NA	NA	NA
cell1965	NA	NA	0.5098328590393066	NA
cell1966	0.7544212937355042	NA	NA	NA
cell1967	0.9027743339538574	NA	NA	NA
cell1968	NA	0.02930029295384884	NA	NA
cell1969	0.743525505065918	NA	NA	NA
cell1970	NA	NA	NA	0.925600528717041
cell1971	NA	NA	0.5118046998977661	NA
cell1972	NA	NA	0.5172601938247681	NA
cell1973	0.7563017010688782	NA	NA	NA
cell1974	NA	0.3929215669631958	NA	NA
cell1975	0.700081467628479	NA	NA	NA
cell1976	0.8450334668159485	NA	NA	NA
cell1977	0.7419522404670715	NA	NA	NA
cell1978	NA	NA	0.5067077279090881	NA
cell1979	NA	NA	0.4960838258266449	NA
cell1980	0.7460972666740417	NA	NA	NA
cell1981	0.9446605443954468	NA	NA	NA
cell1982	NA	0.3737472891807556	NA	NA
cell1983	NA	NA	0.4891548454761505	NA
cell1984	NA	NA	0.5131998062133789	NA
cell1985	0.7635823488235474	NA	NA	NA
cell1986	NA	0.01852422207593918	NA	NA
cell1987	NA	NA	0.5181108117103577	NA
cell1988	0.6584610939025879	NA	NA	NA
cell1989	NA	0.012983632273972034	NA	NA
cell1990	NA	NA	0.5131711363792419	NA
cell1991	0.7664960622787476	NA	NA	NA
cell1992	0.7597366571426392	NA	NA	NA
cell1993	0.758933424949646	NA	NA	NA
cell1994	NA	0.027158210054039955	NA	NA
cell1995	0.8411367535591125	NA	NA	NA
cell1996	NA	NA	0.5151017904281616	NA
cell1997	0.8841042518615723	NA	NA	NA
cell1998	0.7684805393218994	NA	NA	NA
cell1999	0.7377768158912659	NA	NA	NA
cell2000	0.7482160925865173	NA	NA	NA
