6.84597423737369	6.87210773449225	6.87492172922534
NA	NA	31.5856724839339
46.177140786006	NA	NA
6.47919581243346	6.49474435712677	6.4966764727661
NA	46.8677101101732	NA
27.149534755414	NA	27.7430759558863
1.89530313325304	1.8959250916222	1.89586993036946
17.388427289408	17.0797618896802	17.4177648474986
5.39801450183592	5.35129348967738	5.3986099481094
NA	NA	34.8880908285318
NA	NA	40.5775924926791
20.6444818280798	20.2723664528136	20.6753914253689
NA	34.8984260304517	NA
24.3323038139341	23.5692683795679	24.301966017502
NA	29.4456700679403	NA
NA	NA	38.3968613772085
24.989517824867	24.1271183802042	25.1441276716413
20.1422256384613	19.7275651266653	20.1912825505579
NA	41.9444937271469	NA
35.1807919604489	NA	NA
NA	NA	36.8328885605993
2.71708567573261	2.7178750536277	2.71470071039225
NA	39.9817640627136	NA
21.1662361427643	20.6846377628594	21.1784043788731
25.2523545081773	24.4410396562496	25.5111258789968
NA	NA	37.5978049357921
7.77245182087096	7.79793730740074	7.79983538275241
7.31879768969466	7.30070558077909	7.31920196930507
26.9986600850129	26.8003155962758	26.9045737571109
22.674483126566	21.9720671498768	22.6540957654182
0.102701545605897	0.102701545605897	0.102701545605897
24.2434459529971	23.498176406316	24.0712379582026
19.8923593410377	19.5098429722905	19.9219493274783
23.6921712163032	23.0063730264014	23.6608744450504
NA	46.7605093346475	NA
24.0172566923239	23.2242444642422	24.1276215914582
37.1118311958364	NA	NA
NA	29.0272620202495	NA
4.67380407120736	4.6831275083591	4.67012457746466
NA	28.0256491990119	NA
36.1043459517177	NA	NA
NA	NA	43.4591302967548
46.2005619961371	NA	NA
7.30703368449747	7.23693956266432	7.25205566075257
6.34967670022534	6.283060404613	6.30297878530965
NA	27.0077589306235	NA
25.0991533774396	24.3156003374449	25.2458653710591
25.1383857956444	24.393635773075	25.3703965275324
23.9698632136176	23.1296979559336	23.9125734321478
11.6883291693355	11.5141983653509	11.6742907090543
1.57257356229431	1.57589952548402	1.57515320611486
NA	NA	40.7792802190327
NA	NA	33.6736435650647
0.363658036406288	0.363643685091691	0.363611142412751
12.181428120835	11.979191822549	12.2171391706262
NA	NA	43.7352659019461
0.204441943972332	0.204441943972332	0.204441943972331
NA	NA	32.4742380316174
0.250584162426412	0.250584162426412	0.250584162426412
23.717245435657	22.9355951355704	23.6663026493191
NA	44.2969229340614	NA
22.8980236367939	22.1917898286597	22.9509337678822
NA	45.8983541186786	NA
0.368953861430329	0.368940326549112	0.368909635192376
NA	38.1038169528952	NA
6.24960013542296	6.25933987783216	6.2634143308952
3.68424550933106	3.68561516832935	3.68190043437347
24.3871992818267	23.5687811841637	24.3583687121367
6.82202911335139	6.85060058332973	6.85677731410192
44.5197473217899	NA	NA
22.6048415277451	21.9183629932963	22.6017697929276
2.49706009451934	2.49713696931089	2.49660721291734
NA	NA	42.4751946999105
NA	36.8620538955693	NA
NA	30.0708806449526	NA
25.9149793629118	25.3155260629533	25.6561563955538
NA	NA	29.6049712279175
NA	43.0527478364104	NA
NA	41.7878633564073	NA
45.9564447217016	NA	NA
NA	43.9837779740492	NA
NA	46.4020842518164	NA
6.51069827808131	6.52675309411119	6.52865713757269
0.269571692062337	0.269571692062338	0.269571692062338
31.8632094616192	NA	NA
24.3262486654733	23.6088503268455	24.2051510779491
23.1679980270029	22.4352954191041	23.1733120874472
24.8089778023456	24.1271183802042	25.0542456884055
24.0090887156782	23.2033858886812	23.9302318987127
5.09390967482253	5.08785907792127	5.10395563112047
6.91595776916573	6.88713057104512	6.90197213811444
24.116753772372	23.4431508443813	24.0314617464177
NA	30.6960798168202	NA
26.525468469371	26.0065812303362	26.5161460458381
41.4549953203027	NA	NA
6.94263228239973	6.88713057104512	6.90197213811444
2.08535633771558	2.08570496621957	2.08678706341286
23.3603106715965	22.5516631133998	23.3582296761188
NA	NA	40.7400183701328
6.49071270719872	6.50867467086123	6.50944152401971
NA	NA	42.0436185691292
27.5067380567922	26.6318613728612	27.9429022580258
NA	40.6930585857584	NA
22.6968535279958	21.992372076733	22.7049915277479
NA	36.241002344902	NA
4.55625529728733	4.56724920847606	4.5517757781642
3.35232175209008	3.35360664942965	3.34950188815167
4.71249691184221	4.69221509706389	4.70972707866483
NA	NA	42.3574360378664
44.3837734800128	NA	NA
4.66038363258972	4.66941173594796	4.65673434286802
26.4007787820598	25.2243406231603	26.970108864261
NA	NA	29.5527057586642
NA	34.9867895903795	NA
3.53921562887794	3.53983052597364	3.5417753511353
26.4938920291254	26.0611797652895	26.2647167012528
NA	27.3989691986772	NA
NA	34.7602749997173	NA
11.2195806296667	11.1172608198056	11.2369597270142
NA	31.8005794067647	NA
7.01385877608844	7.03816652607286	7.05098689307037
7.46762297197147	7.49901429728489	7.50063205976645
NA	32.0435290224087	NA
7.10047314523232	7.12828870638528	7.14447317018487
NA	44.7353601629803	NA
NA	35.0729045716328	NA
22.3313802329674	21.7571867664475	22.2854559283503
23.74410163879	22.9430864694174	23.6344672023172
27.2144631382292	26.6385192308334	27.3691577497764
22.9922815184139	22.2352467426737	23.0178448628148
NA	42.7333736026838	NA
25.5266782472632	24.754664051751	25.7126686648676
NA	38.6891791072456	NA
17.6158858398339	17.3240499911737	17.6280219494024
4.82856867236281	4.84323449377261	4.8266360017211
NA	NA	34.4251846319738
40.2440305805737	NA	NA
23.4721935604228	22.7122490862744	23.4745904619097
NA	41.4973308116138	NA
22.0555544595047	21.4732292341163	22.0595911615491
NA	29.7582763546763	NA
24.9073544966075	24.2269628185545	24.6857845169732
27.5067380567922	26.5077946721308	27.7328146983836
6.75883227500629	6.77603983614596	6.78271304374581
5.48299393025751	5.49421903859676	5.48640854215178
NA	NA	30.6675843629073
46.1763150480824	NA	NA
1.59476410618133	1.59432293803901	1.59357037487759
NA	NA	35.7603628556774
17.8287352928562	17.5485763640865	17.8645804158222
23.293918620683	22.5516631133998	23.2376897989123
NA	NA	30.8185341565879
46.3715284269785	NA	NA
45.6007816357179	NA	NA
NA	31.6552177000481	NA
NA	46.0538588323685	NA
NA	30.3834810129919	NA
NA	NA	28.6706780930396
4.77881096010099	4.78837828485651	4.80398966220199
4.14003940603777	4.14438167048877	4.15724813766108
NA	NA	40.6798865775971
46.5359396868811	NA	NA
44.036245010882	NA	NA
NA	NA	32.749650684125
7.63630835777794	7.5743723837873	7.60204185583624
NA	29.3297881682732	NA
NA	39.4687743600241	NA
NA	29.5390007248196	NA
3.31023067358992	3.31091724923314	3.30850318943134
23.2838605022032	22.4682646521084	23.3103525139765
25.6313942798718	24.9454912831582	25.9180456940456
14.2738124293494	14.0304271699018	14.3367485165613
0.194251569091878	0.194251569091878	0.194251569091877
4.14936241449659	4.15380072261709	4.16650076706666
25.2981633000052	25.0436919350999	NA
NA	45.960796273164	NA
NA	NA	44.2025439405107
NA	33.9011441833582	NA
NA	38.293686227852	NA
NA	31.7437239238117	NA
2.27591351672194	2.27704147597313	2.27852131973378
11.7412419920232	11.5608764542752	11.7000630064925
17.4217753408506	17.1251830501494	17.5022472849637
24.1186741451767	23.2196725224782	24.0715408553055
22.1154038701623	21.6010119387514	22.136260833094
23.8594744087343	23.1831085904154	23.6799551091487
2.90023675035596	2.90172039356631	2.90631287261472
NA	35.9909867060994	NA
23.0808002331719	22.3104545689854	23.1083186618585
NA	NA	38.915577158382
NA	43.5782257740764	NA
NA	NA	29.2088167552474
24.3262486654733	23.498176406316	24.2101946600986
0.53829928786625	0.538289012763884	0.53826571316489
14.5552646451594	14.1976851673576	14.5885899608829
NA	28.6302429442429	NA
NA	36.010803596208	NA
NA	30.0234186593186	NA
17.9783332345784	17.6699147380996	17.9994474767538
NA	NA	38.5684035596893
NA	46.8485131251938	NA
42.9791566015712	NA	NA
NA	46.3781571658645	NA
27.153774930098	26.8459362022904	26.9206839588426
NA	42.1473448220322	NA
NA	28.820418038685	NA
NA	27.1437149007562	NA
12.6535127635028	12.4402099442301	12.6393882835546
6.26748453975003	6.25933987783216	6.27774030140571
24.3250111145392	23.5751148929395	24.3063224726312
23.3118326390415	22.5516631133998	23.2750024408855
15.6609911927833	15.3762497202012	15.718182153649
NA	NA	33.7442989672145
NA	32.3223955559939	NA
24.4842397044172	23.8609093341494	24.2369299043014
34.5103093840874	NA	NA
23.7499935862569	22.938057407346	23.7165571543977
23.8173288234669	22.9925927125542	23.7727377228622
NA	38.868319470838	NA
5.03290192470484	5.00544567223261	5.03079945663842
1.7138267628372	1.7134582166957	1.71285420105901
6.74341443684353	6.76574327485526	6.77050475023479
21.9926820604866	21.3889166466268	22.022308417479
12.2232467000485	12.0336233121447	12.255695327705
11.120027599572	10.9939317862559	11.136852008152
25.7286659709155	24.9203137567614	26.0042016852131
26.5679981531639	26.4140226021235	26.4683254742502
NA	NA	30.2750664531427
NA	33.8199017315323	NA
NA	41.5569611245639	NA
NA	28.9985848034815	NA
NA	NA	42.0843673319012
NA	44.6128653887532	NA
NA	28.5379320736242	NA
NA	46.7543518479225	NA
NA	NA	36.5312011273544
6.35783318610951	6.28498250966923	6.30297878530965
NA	37.9170218104671	NA
NA	35.6981727794996	NA
13.2962097137805	13.0754663847453	13.2910618681823
5.85064601735648	5.86313721582513	5.85764299393629
3.36262132983517	3.36301166318097	3.36159019202175
NA	35.527312917505	NA
NA	29.4456700679403	NA
0.530643410837236	0.53063285578564	0.530608921382476
24.8533646808813	24.1271183802042	25.1674486467698
NA	28.9326932972297	NA
23.3962269041596	22.618451983251	23.4225660952503
24.6923786614445	23.984861833268	24.609647339437
5.63482931512929	5.63217889432502	5.63819823375867
22.890470211639	22.2352467426737	22.8752850898652
NA	45.1705052613375	NA
NA	29.3279580157173	NA
0.310576137104553	0.310576137104553	0.310636946695829
NA	27.5976212223353	NA
NA	27.0959724435996	NA
6.48013693650488	6.49326203119533	6.49532328855604
NA	30.6021243988704	NA
4.02105674788388	4.02524981442142	4.01387540381581
NA	27.5063603973737	NA
NA	NA	37.5804323096192
46.7270600672947	NA	NA
NA	NA	43.5492885187537
14.2687465481975	14.0128135881892	14.3367485165613
45.9740825544727	NA	NA
6.68348593311005	6.64804986606607	6.65362185510856
NA	44.534722591759	NA
NA	44.8149541348808	NA
13.456049828459	13.2318433323627	13.4725419852484
6.24108362219621	6.25616678266111	6.25489387523999
16.395468075585	16.0857676163512	16.3964660285612
NA	44.2394878937728	NA
4.97004502627532	4.98331575602664	4.96828422779265
5.89976938656947	5.91243621571501	5.90660643358545
32.269006730357	NA	NA
4.43279035405734	4.40683669985846	4.42517790602152
31.2007311063209	30.7453160124083	NA
32.9966194419373	NA	NA
3.62726142602149	3.62851481984588	3.62509209509128
7.522447375119	7.5158195140211	7.50063205976645
NA	39.1886741039519	NA
18.7465547718915	18.4561832672354	18.7758226879389
23.7988503995034	22.9974797644728	23.7702997760577
12.1267257048492	11.950228618818	12.1674790783856
NA	NA	31.7708676488568
NA	29.1586475834648	NA
NA	32.1146599051147	NA
2.48518306890476	2.48689017647472	2.48092087929911
5.76635192095537	5.77664336070721	5.77214710007019
17.0888670746143	16.7849060541406	17.1228958217536
24.0708761711239	23.1878358301692	24.0846144115655
10.6491793393118	10.5420669903219	10.6626591071173
NA	44.561931429894	NA
24.9118697738911	24.1271183802042	25.0774734285552
23.0591716294673	22.2980862323311	23.0933936281941
2.06895137068304	2.06871502645532	2.06855708913166
NA	35.1871503000586	NA
25.4371317047222	24.9291102861937	25.4005325893461
7.58590110692679	7.5158195140211	7.53013871505672
NA	43.3140615449066	NA
24.0347179538033	23.2099920387634	24.0147518595659
5.82946016251782	5.8386851279853	5.83457749581867
13.8486616701948	13.5533799116179	13.8703804479268
23.9525682980871	23.1831085904154	23.9760026576565
13.3261837607948	13.0528054787174	13.3661800526035
27.1582727313334	26.2739708845115	27.4369669790094
24.0168571760676	23.0994817091352	24.1300113722602
6.33664159489443	6.29494969018898	6.30297878530965
NA	NA	44.3569589186987
1.94003197719693	1.93991004659691	1.93989298350073
23.9391295226303	23.0942217084414	23.8293716763211
0.431716737708328	0.431704698372512	0.431677398263813
NA	NA	29.0573502374164
26.4453096400479	25.6938611901567	26.6999288127309
3.78427706727762	3.77376527713592	3.78113512539885
47.0606533138384	NA	NA
NA	NA	30.1365333620411
NA	NA	44.415642762754
NA	30.7608132457819	NA
NA	27.2119448624369	NA
25.1223116697495	24.1716432731262	25.4703276075752
42.0448510585558	NA	NA
NA	NA	39.1498837046596
44.4061419962856	NA	NA
NA	NA	38.4805367588367
0.100178114653332	0.100178114653333	0.100178114653333
NA	27.2475675767634	NA
NA	43.6215150991202	NA
2.73457689574743	2.73627655180058	2.73001062619796
4.6154955020168	4.62487099130782	4.61175838941293
NA	39.8036578711208	NA
12.1426168758075	11.9572864230393	12.1866003206629
23.9787178330093	23.164209122127	23.831642042472
NA	35.0913714149733	NA
5.58627607356091	5.59733977104365	5.58958496472567
24.0090887156782	23.2055341974764	24.0117951299073
35.3580769505134	NA	NA
NA	NA	41.1833967478089
25.0070882684691	24.2403232237849	24.8764573053681
NA	46.1112919247938	NA
NA	28.9003058231783	NA
4.84409371786569	4.85619890717386	4.84247337624182
4.13928182855609	4.13138305581321	4.14343591135337
24.4321312023434	23.6036520367338	24.3254338210674
28.0465500377593	NA	28.5194865773969
7.00118978849695	6.95324721426208	6.96792601343368
7.26469096490309	7.201346330999	7.21086956637607
NA	NA	39.9765876241033
19.798345771178	19.4438574441992	19.8471840396349
31.3070544463617	NA	NA
10.2245989081193	10.1659264813679	10.2290760468562
27.379246403688	27.2571522901093	NA
22.7845356103058	22.1223658320432	22.8020401561769
23.5176611030374	22.6715007631522	23.5091915327703
7.62956162245619	7.54664923723105	7.57783752795123
NA	30.8724467811273	NA
25.1251071714906	24.3206708611694	25.1748909017819
22.8233275242538	22.1719314088056	22.8182770538563
6.49394760817656	6.50929412940773	6.51156975426841
NA	31.9465119225215	NA
NA	NA	42.4242300265376
NA	44.6981802866668	NA
NA	NA	38.0005121231325
NA	28.4543326891731	NA
7.00680774313601	7.03999988982997	7.05530199539805
12.3783338285404	12.1844274904943	12.3638135035918
24.0090887156782	23.1831085904154	23.9006026501567
NA	40.9828935596275	NA
15.6500085829968	15.3832389625799	15.6960304773675
3.93010420098399	3.93260444522577	3.92598448869428
46.2995003214756	NA	NA
NA	39.3786194448658	NA
NA	46.4626645551049	NA
NA	NA	43.4954931669358
38.2109060330936	NA	NA
46.8382398616209	NA	NA
23.4127216251981	22.7037310516127	23.4098488877231
24.3262486654733	23.498176406316	24.2273700404452
15.042423917299	14.7892046832491	15.0795960539682
NA	40.9734527928798	NA
1.40620829829825	1.40594800588518	1.40545792203447
37.3780832136806	NA	NA
5.72995283019973	5.73893123700069	5.73494626826686
NA	35.4602485304104	NA
NA	NA	40.8039051318815
3.11959808363033	3.1208129305667	3.11590339240439
NA	NA	40.0422147731621
NA	39.7125785040503	NA
42.4332027432553	NA	NA
NA	45.6341210477693	NA
10.9853701047835	10.8528622012434	10.9999476008948
NA	41.1858298869373	NA
11.7513337718721	11.5988958097183	11.7509681910688
16.1496719320005	15.8469294997751	16.2164588624109
27.3390008026615	26.6318613728612	27.6581128645811
21.0154086061738	20.6221913162863	21.0619384148307
24.397732700664	23.7373579457367	24.3165956703379
2.575154842153	2.57495780377606	2.57517996883833
5.96681629810796	5.9456948267987	5.97457111821732
NA	NA	28.8838728475499
32.2355648957241	NA	NA
44.927315129813	NA	NA
NA	38.4571596631532	NA
NA	NA	42.4602628217185
NA	28.7098012057779	NA
11.1157198440637	10.9939317862559	11.0826179918572
24.0666524623462	23.3283706152517	23.9915180934664
24.8420360888114	24.2162136354411	24.7189699487398
2.8936260666792	2.89312965583771	2.89208237205837
44.9931126663548	NA	NA
35.5415006167998	NA	NA
NA	30.6960798168202	NA
19.2566733872531	18.8898898828584	19.3038004325973
NA	30.5657131400311	NA
NA	38.2138150161407	NA
2.94454076781191	2.94536258892851	2.94801686236191
19.555877271733	19.1620949730343	19.598848895563
2.68391606454846	2.68405399607859	2.68506888674049
8.58807601665621	8.5355025313902	8.56586125851974
22.5616411313539	21.9185220813961	22.5525988206106
24.908011820295	24.1271183802042	24.8551868272303
5.54500196974797	5.55847846808038	5.54901518241808
14.2687465481975	14.0156350733378	14.3358361683084
NA	30.7742686678991	NA
11.280980864398	11.1716332699659	11.3000060648165
25.14178492922	24.3630615373759	25.2802719610626
23.0591716294673	22.3282358020672	23.1157966879763
NA	34.4201846033354	NA
23.3418244285163	22.564399181786	23.2922093108481
5.01039705360234	5.00544567223261	5.00863593955044
NA	34.7602749997173	NA
NA	NA	28.8705146783616
21.89851878038	21.3495464183376	21.9090499029705
NA	27.6302438987785	NA
4.24027820775255	4.24535943160983	4.23361277193403
11.9995049820533	11.8330848401939	11.9797338164125
24.5895153744737	23.873102880303	24.6359398087118
22.6252436031097	21.9635509463515	22.6043713190265
5.41197220681121	5.37379181116412	5.4038398392904
9.30492011593916	9.28118425351101	9.29943529176881
1.75642295127612	1.75635510167669	1.75632569828457
12.6968340054481	12.5096671775114	12.7248189548347
NA	34.2718846366747	NA
43.4104456701286	NA	NA
27.4237664570169	27.2571522901093	27.3235681750041
13.7127785747384	13.489506181445	13.7466457371828
24.3059863789946	23.498176406316	24.1105152118821
22.021199821081	21.4608777762489	22.0058588438632
NA	46.796709676135	NA
NA	38.2145247660563	NA
NA	30.4974521957242	NA
18.7169590436437	18.400378596371	18.7572196040613
NA	38.5871552899229	NA
NA	NA	28.146217960379
NA	45.1571893783015	NA
NA	NA	40.9258719583863
11.1780036638066	11.0612491859557	11.1910305303077
NA	46.1225840908504	NA
37.0550430794504	NA	NA
6.55182374746383	6.56443577908935	6.56663857220836
25.9149793629118	25.1493164753401	26.1426937874122
13.3274257158497	13.1150275673794	13.4017494115186
15.8364790102751	15.5072969183698	15.8644221272807
6.79259863475434	6.81452189724706	6.81823282138071
NA	35.7690215466566	NA
4.83766887267692	4.84878261269303	4.83622966029134
NA	32.2591490327151	NA
5.64200069919857	5.63217889432502	5.64591072633672
NA	NA	38.1899641037373
0.68041558303987	0.680349992250346	0.680201263112841
7.63630835777794	7.63049680038319	7.65090075387136
NA	NA	36.7822889323472
24.2419379311905	23.4796160270001	24.2793198927446
NA	NA	43.0703613488338
0.722018302328639	0.721947019264742	0.721785382241274
NA	NA	34.4399986712204
23.1305692672157	22.3797402720094	23.1222818444012
34.9925701590945	NA	NA
0.0326334548723431	0.032633454872344	0.0326334548723431
0.285841528276611	0.285841528276612	0.28584152827661
19.0341147262337	18.7225479886722	19.0713871230456
23.2233688982454	22.5167500897341	23.198734064903
NA	28.2497411746683	NA
NA	45.4814005007818	NA
2.37266564247697	2.37337025076833	2.37465893038961
NA	42.6415302700471	NA
14.4235450533829	14.1644968620995	14.4562475202535
NA	45.95144533157	NA
NA	27.7651249812083	NA
4.74399428532815	4.71040514222797	4.73947514488614
22.409518938667	21.6545183261354	22.4346217254347
46.7671138861398	NA	NA
46.058614423673	NA	NA
NA	30.5587125033308	NA
22.447010680315	21.8327327777761	22.4868357217053
23.825311037658	23.1591866735297	23.7628549687519
23.6906907020306	22.9031849967852	23.6310961934965
NA	NA	39.0811685674856
4.04841322230561	4.052308422276	4.04180364632875
6.9772001038309	6.92124476067816	6.93501266712437
4.64999789270072	4.65861492281959	4.64663575120719
25.5535684314702	24.754664051751	25.6649648375203
NA	NA	28.279778584592
NA	NA	39.9390745359416
4.1825514698282	4.18760634003537	4.20328266639795
2.84685302693154	2.84047056162669	2.84386261156387
0.439541084359306	0.439529527868829	0.439503322646229
19.281430124064	19.0212233153221	19.3334750607152
14.7630392050224	14.4882635671893	14.8041038423899
35.9734816363922	NA	NA
23.6458493052077	22.8676117145549	23.4984555395785
NA	30.3834810129919	NA
NA	NA	29.7714161498871
6.48595339790852	6.50606908959646	6.50388538439623
2.74859952234182	2.74944739076527	2.74582748053073
44.6935464656324	NA	NA
46.4877586641644	NA	NA
23.2702686090193	22.4590852346386	23.2785914801104
5.72995283019973	5.71644270218671	5.71148268723914
NA	NA	44.2025191011421
5.60511429928594	5.61334541764736	5.60736496827029
4.12146694085914	4.10469724423385	4.11591008826851
9.23459181243836	9.22245821330752	9.26456604860195
18.6282751239343	18.3108376258821	18.6633042743227
10.3772739699958	10.3281189519244	10.3779594910472
NA	NA	28.2699610791373
46.635868427106	NA	NA
NA	46.7702019515956	NA
23.6170819229123	22.8676117145549	23.5603220559129
10.7474721845576	10.6330895571066	10.7589478167999
11.7513337718721	11.6241307697791	11.7524067217801
NA	31.2980342567089	NA
6.04786116871172	6.00946265593512	6.0045338842399
NA	28.820418038685	NA
NA	NA	40.8700345950262
2.8567472100326	2.84414858962043	2.85080171492775
11.8691293923635	11.6775863577223	11.9140867418312
47.0157326746519	NA	NA
26.7840943162437	25.9482449174904	27.0688795526453
NA	NA	43.5208629828218
6.18739404064442	6.20491041581772	6.20132880809355
7.31879768969466	7.24776503491806	7.26737731543032
26.5826589155147	26.6432620801934	26.1028960464466
27.8251353416972	NA	28.1189521967461
21.3615111766765	20.8442885501698	21.3970331327175
NA	NA	42.4585576504835
NA	42.9546823782121	NA
23.0300311257751	22.2748217406631	23.099433533076
NA	44.0304159915146	NA
6.62250970839183	6.57314017152791	6.60251804577191
24.3560506044091	23.7036112044268	24.2362201284123
25.2968339752438	24.481752751975	25.6096465325626
40.954537660163	NA	NA
46.5374685297889	NA	NA
4.09281787276068	4.07579406198026	4.08706378413779
19.55388281885	19.1884280115276	19.5939832266001
0.615351221869941	0.615334367279928	0.616228154334891
NA	34.8954747873913	NA
34.80542557036	NA	NA
27.2954902606784	26.4670467001513	27.6199733199433
NA	39.1672616787093	NA
27.822458026416	27.6584048697413	NA
NA	37.8866393844637	NA
NA	32.4140119990479	NA
24.9357813210439	24.1432176557695	25.027847541158
NA	NA	37.2772786142162
7.23573752895583	7.201346330999	7.20134359099469
NA	46.8637232852711	NA
23.002975061423	22.2599949645877	22.9675868061918
3.2115706949062	3.21218592799375	3.21468991359879
24.6282396338285	23.9552661823275	24.3691598997454
27.2734191189615	26.1456347847232	27.7508727894199
24.1194916541287	23.3119253731891	24.0278176006553
3.06141299693406	3.06331926254189	3.05615090563784
34.1340201965986	NA	NA
5.01373566813306	5.00544567223261	5.01174404817764
3.46236638732442	3.4497828598731	3.45761956614746
27.3249103252889	26.7887243625213	27.562755718522
8.44015460641763	8.43824349248686	8.41958342651911
NA	44.9373358179324	NA
27.2065231347763	26.4608903152106	27.4755850827442
NA	43.0345871533121	NA
NA	NA	34.5440327273308
NA	42.3200121032527	NA
6.231575577667	6.24618081782054	6.24089083210427
NA	44.387488866298	NA
0.372876098886688	0.372862267254226	0.372830902991298
NA	27.8824733725542	NA
22.427227303194	21.7574661088479	22.4709082639007
39.1399573773664	NA	NA
NA	NA	33.4501817734499
NA	NA	40.7920515546492
14.2632007613873	13.9272123607495	14.2876781921529
NA	43.9749995927008	NA
NA	27.8827478114515	NA
19.281430124064	18.9967260453212	19.328874016601
24.1792311559996	23.4646370517026	24.0712379582026
22.9638602158691	22.2376165442834	22.8972441965951
27.6784984722404	26.9934237017835	27.9696934923822
8.53673111808654	8.48847139921219	8.52811723622718
26.6834268297628	25.8623040354528	27.1681576684829
NA	46.9040680001861	NA
0.295239945765877	0.295239945765878	0.295239945765877
0.276453964115633	0.276453964115634	0.276453964115634
22.5839705600373	21.9183629932963	22.5822345177489
15.2097754553609	14.8434034468751	15.2204383027177
NA	46.4002908116264	NA
6.36570263361341	6.37284422034301	6.37419981994252
NA	30.1451757638248	NA
16.4783064875482	16.1673346682562	16.5524106854566
22.9784041187494	22.3085442256944	22.9567526275152
1.00940033259578	1.00921272349596	1.00880461358071
0.664126906097105	0.664052862215915	0.663884965506291
11.8610318178653	11.6881307521294	11.8998027049084
5.47134926913274	5.48501846150055	5.47542746051363
NA	34.135003016934	NA
5.41197220681121	5.37562567877428	5.4038398392904
NA	44.5326393334383	NA
0.836152902599458	0.836089349918884	0.835945240404992
NA	NA	43.670582301778
14.2687465481975	13.9608663489085	14.3104323623596
9.7665836457484	9.72457418179955	9.76222069305192
2.2898954218231	2.28985767709753	2.2902333242552
3.29716795727982	3.29772709649986	3.29938962661263
46.8666654570106	NA	NA
NA	29.9181607943324	NA
1.95519318256006	1.95484810095189	1.95465591555285
23.3755355057723	22.5654399574532	23.4046724009713
NA	28.3490647550312	NA
NA	28.6404135447746	NA
13.459150751714	13.2318433323627	13.4687260249005
33.2204902424201	NA	NA
27.0402200029039	NA	27.6694271539626
24.277865812789	23.4745549132644	24.1470631774423
13.7206178922351	13.5167350050867	13.7466457371828
NA	NA	31.2729844866007
4.11001314355975	4.08847870113998	4.10261663741076
6.44922708749375	6.46330555185759	6.46450552555196
24.7214792055158	23.9509798306141	24.7547310531638
26.8935355316277	26.6318613728612	26.9828808629624
NA	28.1951327318738	NA
4.22940133485611	4.23582494388483	4.22059047006036
21.4869791553574	20.9648530218746	21.5061354525494
23.9621988427289	23.1248913009346	23.9144741716871
NA	45.9666677503999	NA
19.1874443420911	18.8610210273803	19.2281149507428
NA	44.8769523988179	NA
23.7666818081637	22.9012913484647	23.7727377228622
9.37304521089165	9.33570851860957	9.37189591967433
NA	NA	33.4187548226159
43.0522628605588	NA	NA
7.52385686764164	7.5158195140211	7.50063205976645
NA	39.8077674200532	NA
6.99163804052245	6.91271206182936	6.92605521693847
NA	NA	35.7776634793875
NA	45.6203193109509	NA
26.269485195928	25.4305237584734	26.6464121960303
7.00118978849695	6.98005892417913	6.99480447199179
46.3856831241302	NA	NA
NA	29.939833104431	NA
24.6818997416526	23.9198412274135	24.6313341834883
24.3414439158695	23.5065123052531	24.3700895228181
22.7430713006479	22.0015663812837	22.7703872475149
23.632028287855	22.8676117145549	23.6030296409521
2.41956642346628	2.42070584431414	2.41672048954781
7.34045109146777	7.3638887036751	7.37955261646502
NA	46.0115180774811	NA
NA	40.8470128787671	NA
NA	35.3855442934105	NA
26.4641087799806	25.5189580968391	26.7685910214507
NA	33.2122401794993	NA
6.71267214037777	6.73263303391972	6.73774092822129
23.9705193087559	23.1831085904154	23.8170429356428
5.09390967482253	5.08371895418691	5.10073789794868
24.4577011231847	23.7692106769203	24.3700895228181
NA	36.4393618373235	NA
37.5293960129382	NA	NA
NA	NA	37.0279972294766
16.3233533204613	16.0209284757425	16.3849164893589
NA	NA	42.732135653139
NA	NA	28.341341290619
23.0972012286092	22.3804511615629	23.1400071452105
42.4731032886009	NA	NA
13.2257190157998	12.935926614629	13.2221137581113
6.36570263361341	6.31711523374316	6.31942931104017
NA	28.2561394062699	NA
NA	37.374479467834	NA
NA	29.4456700679403	NA
NA	NA	33.984728488807
NA	41.6777510447	NA
NA	40.0882911830488	NA
NA	27.885957759001	NA
12.5822165042672	12.3600018858862	12.5709266443811
NA	45.1676247515223	NA
15.5432566306533	15.2641448881065	15.5899774113185
3.51754297210045	3.51990575211921	3.5276208606352
NA	43.7972390499824	NA
13.1819205371546	12.9193286121708	13.1840653079588
23.7331438992223	22.9750741204964	23.7211559205893
18.518823845976	18.1983663706632	18.5558258865786
NA	46.5614048460283	NA
NA	NA	34.8909265574422
NA	NA	43.1336144534754
0.115402515179286	0.115402515179287	0.115402515179286
7.21256053435301	7.201346330999	7.20134359099469
NA	NA	43.8284117978236
1.84565882101667	1.84522307090323	1.84905544760969
NA	44.4139612364234	NA
0.104373611718505	0.104373611718506	0.104373611718505
46.6378015869584	NA	NA
44.9256222419072	NA	NA
3.60550142027364	3.60807573830461	3.60351014372235
24.7269570819191	23.9422855538139	24.8577083275253
7.31879768969466	7.24637082428992	7.26441490554448
24.0971637680617	23.2872324164412	24.0712379582026
NA	40.3878553401737	NA
NA	42.9979261449864	NA
NA	NA	29.4711015036028
25.2732211495124	24.4945362670669	25.4476212438713
0.488452919107662	0.488440994805185	0.488413955532231
26.5268932696207	25.9177630894452	26.7629889713136
27.3552503285294	NA	28.0170825220185
46.694211117427	NA	NA
18.6118444854183	18.287929587878	18.6476155850851
26.6459532425579	26.3966851070177	26.4683254742502
7.22538839330744	7.201346330999	7.20134359099469
NA	31.6454246205179	NA
43.3663780461148	NA	NA
NA	NA	43.5936830346611
21.7039242535349	21.130937711133	21.7474259493834
24.056861247536	23.332773020134	23.9841011381499
NA	28.820418038685	NA
NA	46.7348050928463	NA
16.6452885822138	16.3731304329575	16.6901737113731
14.6556211022597	14.36905134637	14.7013314481158
18.0919567446524	17.78441799248	18.1581914441325
NA	30.3562934148288	NA
6.36570263361341	6.32374819011104	6.31851879253119
27.3132587991007	NA	27.9500776310889
NA	NA	39.4276394235679
25.5761258939051	24.8657871969473	25.8642663567247
24.289077576393	23.5654273838696	24.0972646437815
1.88923994563296	1.89513910658622	1.89361850265998
6.38089631650264	6.38946166854593	6.39091539693073
NA	46.4771241701276	NA
13.9547481194995	13.6983742712258	14.0367488546172
6.36570263361341	6.35904545234438	6.35874497128045
NA	NA	42.6676991521976
5.72995283019973	5.70415973064987	5.70363708165728
4.24118500934784	4.2459525080045	4.23475050563151
25.7546772489085	25.2024147183923	25.9570775984759
NA	46.5928765067171	NA
42.1323383547327	NA	NA
NA	45.612868786913	NA
NA	44.9270166849659	NA
0.34689884684213	0.346886374090927	0.346858091196977
3.88573178514538	3.8901212166603	3.90369986425682
NA	29.4456700679403	NA
NA	31.2233121365119	NA
NA	NA	42.2668819208157
5.88881384597165	5.90081265813868	5.89551967259638
NA	NA	43.5517387478325
NA	NA	29.6914194347219
NA	44.1586853666218	NA
42.6829108612142	NA	NA
NA	NA	42.6386650620486
1.3075388660967	1.30729572447734	1.3068339154962
NA	44.5638704053518	NA
6.34458851591725	6.27136385151047	6.30297878530965
7.38088230586801	7.41046880490139	7.4339688261372
34.4981971804348	NA	NA
NA	31.3212858174449	NA
NA	NA	30.8262839892979
NA	33.0855686250946	NA
5.73852897756087	5.7534488843714	5.74686723763124
NA	46.6586826007447	NA
26.4938894493535	26.0065812303362	26.6716247336454
24.1518367202012	23.4027156151059	24.0536551462632
6.34819728347843	6.28995318854986	6.30297878530965
24.3262486654733	23.578014930101	24.4223318620589
25.9149793629118	25.5036593521444	25.7717886431233
0.16388716725373	0.163887167253731	0.16388716725373
NA	26.6934475580448	27.0659131626009
5.3447511728554	5.31876653917608	5.34524340180709
11.2013365463581	11.0806256013534	11.2284555773103
13.7769899588153	13.5467806840183	13.7955442581412
4.92916180909013	4.94294714509691	4.92733665874949
46.8546204013866	NA	NA
43.1262790558562	NA	NA
4.29708701538701	4.30290507316148	4.28927374553849
23.5542567563025	22.721342451034	23.5145431201117
1.05766211421339	1.05743458730348	1.05693379777766
23.8033526683087	23.0780291781445	23.708482998309
24.1647624410843	23.4532462664905	24.293812191277
NA	NA	41.3653134347949
44.5259103312164	NA	NA
0.229615010529671	0.229615010529671	0.229615010529671
2.39203251237163	2.39204143390926	2.39245582294936
6.54551020232004	6.5629667064862	6.56439774462467
5.35209265796565	5.32009512523289	5.35244626031016
24.0483874748314	23.3083585446411	23.9928471306237
13.3605096576771	13.1261413218629	13.4422005071055
NA	NA	40.5143481752102
6.69365484553023	6.72336194006223	6.728826977846
NA	NA	40.113782515839
NA	NA	28.3767026090787
17.187853020814	16.905980295335	17.2559323189263
14.8962456490412	14.5476080795905	14.9260560398374
17.2809419772616	16.981951732628	17.3070080315606
4.13928182855609	4.11600727030296	4.13577221447021
23.8814034974373	23.0844957391282	23.8883512552428
26.7803382906206	25.7828938335773	27.2293019150157
NA	28.8947993127012	NA
17.5459284813136	17.2506080015441	17.5709972484244
15.9482315141593	15.6416908048829	16.0190969218088
24.0300021739257	23.3288421658781	23.9462495982731
5.35414134899485	5.31876653917608	5.35459926828306
8.38491363686103	8.39296059113475	8.39778911124032
13.9654736592789	13.6991099094915	14.0418017288893
4.13928182855609	4.12930133698557	4.1427982818313
NA	38.2991954241996	NA
27.1688243664383	26.3988273893325	27.5101601783757
NA	27.5235489761852	NA
7.15403015417993	7.18216859196881	7.19878081001752
NA	NA	41.6669706600794
NA	45.5751248521251	NA
NA	29.9707678277763	NA
NA	30.7540761017196	NA
6.68348593311005	6.65003432687051	6.65588702843654
1.45240536023871	1.45218395579745	1.45178046370091
6.68348593311005	6.69582151154633	6.70246783874873
11.1182034953432	10.9842451946905	11.1047751893865
23.6921712163032	22.9343942754388	23.5828703267753
23.6921712163032	22.9682233207252	23.5541428560675
44.9510703168926	NA	NA
0.197776569035657	0.197776569035657	0.197776569035656
23.6921712163032	22.8676117145549	23.6551041030217
12.7108609701401	12.5685314761122	12.7733045049118
0.465468325846416	0.465453635233162	0.465420323149837
27.1883406348478	26.6318613728612	27.3691577497764
NA	46.7913903941718	NA
NA	44.8789741622174	NA
5.00846222914547	5.00544567223261	5.00649420360768
NA	45.1575575357493	NA
13.640565873388	13.3803857076935	13.6689716100093
23.5278999996459	22.8194935231571	23.4745904619097
43.0983402218775	NA	NA
22.7878521725326	22.1515326824448	22.8009381658946
13.7823362614419	13.5364706088552	13.8061419807379
25.699623155262	25.1521675293073	25.5680593193075
4.33592616141102	4.33974007082541	4.33071807723372
NA	39.4466109346336	NA
NA	NA	42.6057542019301
19.891838575131	19.4793210395362	19.9219493274783
NA	30.8729067478497	NA
6.51763042335743	6.5292357180161	6.53197631819306
24.7777986147756	23.9772039480175	24.9076905545149
44.6413228505069	NA	NA
25.5079380706357	24.6649493103956	25.6640159880221
NA	35.5360366547012	NA
12.3746331366997	12.19510975068	12.3620898968069
NA	29.9552037984704	NA
22.7021464028393	21.9248490794177	22.731856844003
17.2408957649216	16.9460592490399	17.2774187213125
6.68348593311005	6.66604494174168	6.67515887692653
NA	28.5077811045037	NA
NA	37.2613655724505	NA
24.9611737377786	24.344882586705	24.852255798457
2.15381235383207	2.15380496700768	2.15331474139012
0.134216602043921	0.134216602043922	0.134216602043921
26.2811347763114	25.4277428940527	26.7204423919119
0.345942449478028	0.345926970810241	0.345891871777767
23.3236699568355	22.5843929084514	23.2491212766192
NA	39.2403724195865	NA
25.2789296045859	24.7375813045725	25.0747032540838
NA	36.0036400949218	NA
4.96135164397763	4.97468043566284	4.95958702862409
NA	45.8842649623522	NA
6.80849308209423	6.83168134099856	6.83995720848243
2.30313602239788	2.30279741884594	2.30286646768557
45.0009167661308	NA	NA
17.3365359599317	17.0417554956677	17.3676045443143
40.7186321438295	NA	NA
6.68348593311005	6.6559598309149	6.66030491373852
NA	NA	39.1006137840273
25.1493053360591	24.3252238799443	25.2682528001581
24.9679093493364	24.754664051751	24.6590405224094
NA	39.0721473835233	NA
NA	NA	28.9167708758009
4.77576539748507	4.77036340533938	4.792586123868
24.3608062181297	23.6031152090392	24.3700895228181
22.7430713006479	22.0202507912223	22.7716195173251
NA	NA	43.3780512713082
NA	35.5088940032059	NA
NA	30.8222648498295	NA
0.00114914382068652	0.00114914382068739	0.00114914382068647
NA	29.1463520541662	NA
23.2381989336254	22.4853927760959	23.2425577382741
24.16804173764	23.3097693319022	24.2374355358162
NA	NA	42.9434433079175
27.6703598105876	NA	28.0372800450495
NA	36.948708929391	NA
NA	37.8866393844637	NA
39.9255806569437	NA	NA
5.72995283019973	5.71679809718065	5.71067847752616
0.796271059778423	0.796206222940413	0.796059202660214
27.1515614649131	26.0711564867163	27.5542091542169
27.5205218425808	26.8943248226016	27.7401409365693
6.63965418941488	6.57314017152791	6.60251804577191
3.80706259424676	3.79834950644509	3.80441376797918
0.116791218423284	0.116791218423284	0.116791218423284
24.9800651906082	24.1678706711828	25.1386166142066
18.2223254859879	17.9391429346949	18.2535933768493
5.9904128298884	5.9456948267987	5.99927270318153
NA	NA	37.5824803055333
46.5266154441569	NA	NA
NA	42.1681621394337	NA
23.6644360592398	22.8842930676319	23.5888146786949
NA	38.4644519534893	NA
34.6818295553015	NA	NA
27.6979858068878	26.9308413202998	27.9696934923822
NA	43.5000916487404	NA
NA	30.7551586027662	NA
NA	46.2727772978604	NA
NA	NA	34.1070709589468
NA	NA	28.302053440119
7.24522626398428	7.201346330999	7.20134359099469
44.6668564784022	NA	NA
NA	36.6229671744853	NA
7.05654312239406	7.08781576717463	7.10141412120918
NA	NA	31.5759196503097
9.31347168201069	9.28300458969903	9.31030283643744
24.6572013121061	23.8128383461804	24.7455354585854
NA	40.447716191428	NA
43.0051126058923	NA	NA
NA	NA	44.3513252855719
18.0015367585395	17.7102523643498	18.0200866755503
NA	44.1080802609711	NA
7.04378875480582	7.06807090037151	7.08152800647987
NA	29.2755474496568	NA
12.5914902066765	12.3590621682159	12.590798865758
6.04786116871172	5.98869248734486	6.00335091977479
41.9144886926094	NA	NA
19.5794907283968	19.2213051576917	19.6146694311002
NA	46.9539684539316	NA
35.5780038943422	NA	NA
22.7430713006479	21.9941755082055	22.753557687644
23.6921712163032	22.9298339228501	23.5924602950033
NA	NA	35.8669611308214
NA	45.2059217113641	NA
6.68348593311005	6.68896226972657	6.69603231467306
NA	38.4713895190529	NA
16.2637662196131	15.9600728555493	16.33555724474
NA	31.445106678656	NA
31.1526400851505	30.5695859671446	NA
NA	34.0867873661463	NA
NA	46.108445222099	NA
44.8597367770813	NA	NA
25.4331916264021	24.751395240513	25.672632741251
NA	45.2857989242113	NA
20.922472644991	20.4865565913415	20.9802565422609
NA	46.9032203286175	NA
7.23950366115477	7.201346330999	7.20134359099469
NA	44.321990747142	NA
NA	NA	44.1589644942526
22.5341840644737	21.9183629932963	22.5161005910119
24.4295113185996	23.7774536526461	24.3460699565085
23.2404012952856	22.5157028033959	23.2085029880536
42.3031162150041	NA	NA
NA	44.9203836957634	NA
11.6740453388824	11.5372366973485	11.6742907090543
42.8113706773335	NA	NA
1.18137023550613	1.1812520937606	1.18099881434269
3.61744778975075	3.62037005545968	3.61230589628821
NA	44.4469894091152	NA
23.0612903063062	22.3029781456456	23.0957167105303
7.35637607558044	7.39015785164257	7.40419381723449
7.62457804506097	7.56325525141237	7.57872009160283
NA	30.3834810129919	NA
44.6706890645982	NA	NA
2.12508086535415	2.12456789852364	2.12810889478683
9.36809236341015	9.33880378403758	9.36419067412054
5.72995283019973	5.68740786975091	5.70363708165728
21.6387398917828	21.0515790363272	21.6421259509977
41.4798770827259	NA	NA
NA	37.7682737685365	NA
NA	45.6284992090333	NA
NA	NA	34.5969830689222
25.3734973234713	24.8895466099391	25.2682528001581
NA	NA	36.1592992698466
3.27585790272322	3.27734156334889	3.2826874918746
NA	NA	40.7251194833109
NA	30.546245085102	NA
44.7563317654512	NA	NA
23.2992148712057	22.5516631133998	23.2089320083587
24.6436085604548	23.8128383461804	24.6796633112973
12.009108800383	11.8240271731528	12.0087201184866
24.9969791120078	24.2423793620566	25.2584534505903
24.7642734304329	24.2155978862181	24.5030929037341
4.32148807101572	4.32443042627863	4.31770670466259
23.8210741757457	22.9580837614614	23.7727377228622
43.4212822892552	NA	NA
23.5098590226163	22.6884477539123	23.4759694314879
24.7289376156014	23.9366558281712	24.6692424582452
NA	28.4895130348258	NA
32.6531073741646	NA	NA
15.3702280828701	15.0856108892995	15.432571832049
NA	28.216007252154	NA
NA	30.5151590655447	NA
23.3755355057723	22.7119326909119	23.336942373628
0.626105718335228	0.62679070317109	0.626638277814026
NA	42.0438218781722	NA
17.7103681325251	17.4066856976039	17.7183173456971
NA	38.4198209551611	NA
NA	46.5249753561127	NA
6.68348593311005	6.68052124948727	6.68460274287153
14.0036723531943	13.7692212192336	14.0418017288893
32.2830872254854	NA	NA
41.3208634147941	NA	NA
NA	42.782422626347	NA
2.39177942345317	2.39210322514338	2.3927747682563
7.2841638840464	7.21346891172835	7.23112375152506
0.398073808271323	0.39806024023783	0.398029473700267
18.4768880404741	18.188898012525	18.506074831094
NA	30.1015583381848	NA
14.5825741933259	14.2611522696741	14.6314961621746
NA	28.6146883514096	NA
NA	NA	43.9088019208781
44.9912571695184	NA	NA
NA	39.3510630871907	NA
NA	NA	44.2114925283466
22.3164785889163	21.7160162271484	22.2951380593779
4.84283788424851	4.85605535530906	4.84112539294457
44.1625001769735	NA	NA
9.66387793776576	9.62525231710659	9.66038316717061
23.301349301073	22.554314216729	23.2283151658185
0.267908760055726	0.267908760055726	0.267908760055725
6.83320289507898	6.85596676437703	6.85956080868821
14.3585702659419	14.1014947519767	14.3868647113835
21.2560725372315	20.8422902909448	21.2964429250653
NA	32.2182102850253	NA
6.36570263361341	6.35367120497278	6.35094058996313
43.6701433719845	NA	NA
7.25172429076324	7.201346330999	7.20134359099469
16.188836239115	15.9031233684221	16.2485060662622
NA	NA	34.1108748802363
33.556862612135	NA	NA
NA	NA	34.8556484719894
NA	NA	41.401680895833
23.6014242467033	22.8676117145549	23.5128965195536
23.3156003202579	22.5516631133998	23.2890843019804
NA	34.4476405452767	NA
23.9621719372232	23.2784370008205	23.8026998291746
NA	NA	41.733112894248
3.16264325149577	3.1576843452668	3.16059301265325
NA	36.0530811714082	NA
31.327767280494	NA	NA
7.05147314489817	7.08419193788772	7.09783502159828
NA	27.2977213609009	NA
24.6436085604548	23.8856192259213	24.7174629361545
3.15117286232217	3.1393029472801	3.1460785728743
NA	NA	41.9188065185192
23.1224632569065	22.4498614649796	23.1296599826988
23.2708594993313	22.5746546055562	23.1316918095963
NA	NA	27.8218330242693
6.58498683694818	6.57314017152791	6.60251804577191
0.457689648471486	0.457676772904752	0.457647576575467
46.6295684166428	NA	NA
0.603745545727212	0.603734848680653	0.604304230274081
3.53936619865458	3.54268215994065	3.5533127185783
22.0052910254626	21.4283279144212	22.0070223414239
5.55855425846925	5.56903713946353	5.56170202800912
41.4051908803803	NA	NA
6.68348593311005	6.63250829083425	6.64200017624999
26.8291444982408	26.085307071571	27.1019697041207
NA	31.0360616923801	NA
NA	27.4541554974243	NA
NA	29.4819522502582	NA
0.199115754734758	0.199115754734759	0.199115754734758
23.6921712163032	22.9737217175747	23.6403615221912
2.31142737933374	2.31278247294247	2.31456246078112
NA	45.7440287688074	NA
1.43354850277429	1.43328815753034	1.43279691333069
NA	41.8685819035983	NA
NA	46.7409653229559	NA
NA	NA	43.7146662975944
NA	31.8635782805429	NA
23.2075476434005	22.5065887294121	23.1767947807675
NA	NA	32.8023652864816
42.7138564635822	NA	NA
17.2084182885409	16.9075112695654	17.2774187213125
1.57461395077844	1.57712797905306	1.57656833522627
NA	46.4679795010878	NA
1.72906779359846	1.72880986556894	1.72845222175713
0.533180357223099	0.533165436946505	0.533131604071546
31.5478300179144	NA	NA
23.9048162923202	22.9838898931843	23.8551657567842
44.9092678966159	NA	NA
20.75333736468	20.3320841980517	20.794142901613
2.18184947670602	2.18185890667202	2.18143996692317
39.7574262988616	NA	NA
6.68348593311005	6.6480570961986	6.65263514418359
12.1245029523103	11.950228618818	12.1637739683837
23.258658975747	22.5169455653146	23.184495428679
6.97686519087344	6.8996238973687	6.91092150162443
28.2632627194081	27.4053905162211	28.5581604208011
21.8040951917621	21.2332742733816	21.8393389340409
NA	30.2438764801809	NA
NA	44.9318610808218	NA
3.4981748097644	3.49111342604457	3.49550244576449
NA	46.8083585531035	NA
23.7320253875485	22.8676117145549	23.7169319787058
NA	NA	30.0717303227203
42.0412590868466	NA	NA
NA	NA	40.3520831463254
NA	32.6534584082004	NA
23.4296891709155	22.8007845018964	23.3663421844026
4.85141749634798	4.86453663186984	4.84938419056595
23.2097416117878	22.4403522740714	23.2091465745905
33.5616670873643	NA	NA
4.00591173722557	4.0086611956582	4.00136311691818
9.95006301804015	9.90619924077513	9.94913022980039
NA	28.1732587443378	NA
NA	28.9885838280324	NA
NA	29.3064607351393	NA
24.31246130367	23.5016291967767	24.3361579939593
NA	45.9315673415254	NA
NA	43.2148566079657	NA
NA	37.9011020458795	NA
NA	NA	40.2334710264485
3.28776849122602	3.28806382434876	3.28950773376844
20.9625979307663	20.5795894452338	21.0030420405723
10.8040946289925	10.6781435803618	10.7962794228536
NA	29.4874895991016	NA
22.8305667043761	22.1558341687549	22.8705267434862
15.8049328598116	15.488521169842	15.8087386297743
18.9913816373572	18.7225479886722	19.0394754936343
NA	30.1786190385301	NA
NA	29.9976787243592	NA
0.619541402680202	0.61953012422503	0.62013205646841
24.1906533105872	23.3843490968683	24.0956545000546
4.9718370897266	4.98728326494219	4.96976660164538
NA	NA	44.3924573833185
NA	35.9408846962776	NA
0.338531300082716	0.338514393023651	0.338476055009482
24.3423133845779	23.6702268665369	24.2516277911125
NA	39.4498782156172	NA
NA	29.4456700679403	NA
0.266956569036965	0.266956569036966	0.266956569036965
NA	42.0129246061412	NA
12.250798193623	12.0698052319197	12.267534251655
NA	37.4565416885402	NA
15.202994201137	14.8434034468751	15.2204383027177
NA	NA	36.4415860405519
NA	39.8477875345413	NA
46.6859624688791	NA	NA
7.32433190962406	7.35500229286247	7.37204865258525
NA	NA	42.8427138734716
45.8260406876645	NA	NA
NA	30.0182583003498	NA
7.02957385626005	7.05424544435529	7.06741323490971
3.51321444528859	3.51741823118605	3.5301485347691
0.922499077980798	0.922447867193958	0.923877433475159
1.37127606278875	1.37108597799427	1.37075920371141
23.258567889936	22.5160777854795	23.2253105177875
22.4583273320326	21.8630712079139	22.4847344051028
24.8880011907661	24.0774634043912	24.9982131920445
NA	31.5086916205678	NA
23.663182852288	22.8415691525052	23.6578716670688
23.9516676821288	23.1831085904154	23.7745205323706
NA	NA	32.1739251826575
4.37475719289001	4.37906096575463	4.36635577867222
24.6670199365111	23.9459067149214	24.534747863695
6.30057988234468	6.25933987783216	6.30297878530965
6.68348593311005	6.67468832793216	6.68392234105015
15.144056772676	14.8234585291451	15.1914365776904
35.488928882273	NA	NA
6.45046783089763	6.46863985989159	6.47004153400173
NA	38.391265894293	NA
14.212548128582	13.8753339556299	14.2388969665052
NA	30.3970581949124	NA
NA	NA	37.5131476030297
0.164947898679025	0.164947898679025	0.164947898679026
34.9694893204718	NA	NA
NA	39.4977682967817	NA
0.461545077908829	0.461532251419651	0.46150316637663
0.195716457625689	0.19571645762569	0.19571645762569
16.1407686462684	15.8137975277591	16.1307511436536
15.3009350795305	15.0479668356944	15.3421410409829
NA	NA	43.5499969841459
NA	46.710372973719	NA
37.6965203348461	NA	NA
0.589867993659136	0.589858380308813	0.589836581271742
NA	NA	41.6990335776376
21.7129030032579	21.1980876642065	21.6928715526314
0.227600954462435	0.227600954462434	0.227600954462435
24.6436085604548	23.8763048221656	24.6692424582452
12.7157126473209	12.5526837360826	12.7810435255971
NA	NA	39.764681664244
42.0552097799198	NA	NA
NA	32.3672471144092	NA
NA	NA	31.5752574142812
23.3730317593841	22.545732326803	23.4140523316565
NA	29.057855769676	NA
6.14204798251764	6.15367706438533	6.15207038786386
NA	39.4498782156172	NA
NA	28.0858236873468	NA
23.4431620374651	22.6676250296563	23.4471251877391
23.6571088094587	22.8520437865095	23.6723038153299
22.5385548585445	21.9183629932963	22.512176467058
44.0653251804554	NA	NA
NA	NA	40.5888535252107
NA	28.2733433278232	NA
NA	44.3363308776411	NA
4.03671778149205	4.04002682607175	4.03110619802295
NA	28.6442126058186	NA
12.4000248056944	12.229980644311	12.4459043595585
7.49986889378001	7.5158195140211	7.50063205976645
23.3369482883257	22.5516631133998	23.322212690078
NA	45.024471464886	NA
4.78803365298086	4.8008809339986	4.80398966220199
NA	NA	29.2416352234466
0.169222288102124	0.169222288102125	0.169222288102124
0.446096457654369	0.446085675273274	0.446061225399838
NA	NA	40.6595477893628
6.73393122912948	6.75975640624615	6.76804579885946
41.269356224103	NA	NA
NA	46.6893491220233	NA
NA	43.1244564113532	NA
3.54374626032915	3.54599019612332	3.55288494534784
NA	38.625581855681	NA
2.81377741252408	2.81347070526638	2.81422351171407
10.4879933013519	10.3854104478358	10.485327101318
NA	NA	40.6233210935063
24.1591556867655	23.498176406316	24.0712379582026
NA	NA	36.6786292744414
NA	28.7450939465796	NA
0.208081444775857	0.208081444775858	0.208081444775857
16.8752069879464	16.5821349581429	16.9404601121691
0.246953535237208	0.246953535237208	0.246953535237208
34.2233723617692	NA	NA
NA	46.5692105126753	NA
0.650016228632901	0.649947514903843	0.649791705156605
NA	27.9559653341322	NA
46.424631497093	NA	NA
22.3371418993543	21.6952390737247	22.3541063552861
20.537174720791	20.1933761151445	20.5644374152433
2.2470451919977	2.24653567723116	2.24643469616102
NA	NA	37.5795896218287
25.0992628471541	24.6754697412857	24.8760214508903
38.6518208798335	NA	NA
NA	29.4456700679403	NA
NA	NA	43.9034941080364
NA	NA	40.0286528308341
19.5238343259124	19.1659763497653	19.5699939315084
4.13928182855609	4.13354136664852	4.14187140722453
NA	43.2672544349504	NA
NA	34.4476405452767	NA
3.29567269853579	3.29807204179066	3.30329842706568
NA	45.2742800844157	NA
NA	41.4708905112731	NA
26.2590200178197	25.787022777602	26.168126316455
6.70555920995046	6.73627069448828	6.73996069540524
NA	30.3834810129919	NA
NA	35.1816653546827	NA
NA	43.071019805872	NA
26.0070861206939	25.1436436586212	26.329074479966
24.3726362899231	23.535534080285	24.3406811093009
23.9323349076691	23.0279777561415	23.9450733109731
31.2650634307931	NA	NA
24.9611737377786	24.2009159876501	24.809603198993
25.5352831872496	24.754664051751	25.7502791975409
NA	32.4359139136049	NA
1.34719235908677	1.34673546262845	1.34580127611885
NA	34.7517893954856	NA
NA	NA	36.6786292744414
NA	45.0579832128294	NA
32.9791374344996	NA	NA
5.52711285084248	5.53989704923817	5.53085732046891
23.1989644462335	22.5769620158261	23.1170912984565
6.26343663789432	6.25933987783216	6.27536455336896
6.59271316285386	6.57314017152791	6.60251804577191
4.34929665048639	4.35495585090931	4.3419341265703
NA	NA	28.4786555961017
44.4674689743163	NA	NA
10.1717329274232	10.0979623190867	10.1757312822292
0.587236664639634	0.587226170009615	0.587202372606003
22.4369981734578	21.8181757868347	22.4675011956448
25.2789296045859	24.4094063843053	25.2887949791123
NA	37.5740020633808	NA
NA	NA	43.7042863201331
46.379447917641	NA	NA
25.2789296045859	24.4410396562496	25.4135117834427
19.5052013985616	19.1782336682031	19.5441540005047
38.0859415367017	NA	NA
6.8017727255699	6.82205341410489	6.82848559717421
0.482339551439327	0.482327536260362	0.482300290919401
23.6200156250938	22.7981541325128	23.5720696925537
37.2262173862428	NA	NA
NA	NA	43.3384757832125
1.68421460538624	1.68380676880931	1.68317953652082
24.3615406083764	23.6310644058162	24.2457149368989
NA	28.1149943961887	NA
7.67075615852123	7.69315823264687	7.72240830514079
7.31879768969466	7.30025212380024	7.32088459866418
NA	NA	28.7828158739013
7.31879768969466	7.33958933473948	7.35989634742579
NA	31.0086815472604	NA
0.627251156927821	0.62792658239154	0.627775894863005
NA	NA	30.8474450449139
7.32374221954026	7.34221824854756	7.36141401286394
7.58793066091189	7.55407841056949	7.57148668242943
NA	34.7602749997173	NA
NA	NA	43.8764731027263
NA	46.5154314838992	NA
NA	42.0866031123809	NA
NA	31.0086815472604	NA
7.63630835777794	7.59335282920653	7.61525461961475
NA	31.5780524307632	NA
23.5931902734587	22.8215211937651	23.5269909445744
24.6436085604548	23.8128383461804	24.5589446400928
7.21454655600026	7.201346330999	7.20134359099469
NA	43.7417394578292	NA
NA	44.0345822483567	NA
6.66949555682395	6.59592244866803	6.60251804577191
27.5067380567922	NA	28.1022311706146
5.5800182815077	5.59188293841687	5.58362174553656
NA	39.7476423117589	NA
NA	31.5134822409549	NA
24.2019584771369	23.4735728076592	24.0981892133177
23.5305016449739	22.7938255753453	23.4845363474792
2.03376002361415	2.03348111541197	2.03328816583889
NA	NA	40.1736409125365
7.63630835777794	7.59984801079724	7.62049412064165
4.43055274247917	4.39893280019037	4.42118117087667
NA	NA	37.7537184160164
0.358130289583596	0.358116233010184	0.358084358679792
25.0041277736979	24.5316369349947	24.7859204288612
NA	44.8519054647356	NA
23.3894928385144	22.5871428040821	23.4745904619097
NA	30.29409536668	NA
11.2755278849115	11.1700758795246	11.2943937154491
14.0196343932998	13.7353641318831	14.0538664039505
NA	NA	36.1685360253112
NA	46.2697572498099	NA
41.3552300816563	NA	NA
NA	NA	37.8288662811318
NA	NA	30.0717303227203
3.49097239393367	3.47166842131592	3.48380586227166
46.0595765875387	NA	NA
9.65808354596836	9.60660325669115	9.65898593688487
NA	NA	42.8861662547672
NA	28.2688794111415	NA
24.7800565170227	24.0361292322299	24.965496284991
NA	46.0579192311853	NA
7.48021638856299	7.50392592083996	7.50063205976645
6.2005251211807	6.21022798268759	6.20890635161705
23.4452975693925	22.7122911499175	23.4745904619097
23.3897665120605	22.6412603916083	23.3602930154481
24.6436085604548	23.8128383461804	24.4314919526669
NA	46.7367678939953	NA
24.8819708846598	24.1271183802042	24.9938029435216
NA	NA	41.86662874476
26.7503998505816	26.582783128986	26.7685910214507
NA	32.3872637250057	NA
NA	28.1951327318738	NA
23.3755355057723	22.5709602961266	23.3297314321926
29.7167226940612	29.012106245019	NA
7.00118978849695	6.97512534540856	6.98981917572929
23.3613908257719	22.6736050184266	23.3600535778218
12.4399205610645	12.2699114968399	12.4769198055733
14.5749968257534	14.2482981581195	14.6043453924737
0.588530202533593	0.588520634106312	0.588498936935829
NA	NA	28.0365003736662
25.4257240409276	24.7359536527241	25.5680593193075
14.3061566292645	14.0578118776289	14.3367485165613
46.6753091351189	NA	NA
6.04786116871172	6.05506557753924	6.05100888955623
25.8582852946335	25.0679693966926	25.9748777372535
23.5348742241153	22.7828284732546	23.4745904619097
NA	30.1788337314152	NA
45.9978344551921	NA	NA
NA	NA	41.8261303663073
NA	NA	36.4021045648981
NA	28.3671075178527	NA
46.7117876628987	NA	NA
18.4025006416887	18.0964737885523	18.4518709439887
13.98991003745	13.7729380321165	14.0418017288893
28.0092550599383	26.9508012912146	28.3071749223551
11.2128548968221	11.0938001734834	11.237281695277
NA	NA	41.4072779107142
7.49605520172631	7.5158195140211	7.50063205976645
24.8907836676129	24.2388735456942	24.6692424582452
7.84062105355076	7.83057410233189	7.79983538275241
NA	41.142494986451	NA
NA	31.3212858174449	NA
22.1731397390499	21.6010119387514	22.1990069487182
NA	30.0145670718054	NA
8.30718739034333	8.31021171440781	8.35722491568369
4.84369417552904	4.85652969611784	4.84198391821954
11.1132207377696	10.9939317862559	11.0801971277757
NA	45.3721684547003	NA
9.5946990900723	9.55415214185838	9.59243749926067
15.3273601414716	15.073007245789	15.3744531681929
5.19530437740125	5.2105484418543	5.19586981044861
27.3385559817903	26.1299278940266	27.8719609101386
0.117304774607237	0.117304774607237	0.117304774607237
NA	NA	41.4038622739898
27.4740269055284	26.5455000782938	27.7048010105328
13.6794507687419	13.4308806123716	13.7466457371828
14.4332648652386	14.1713380637378	14.471531177663
0.665334383285659	0.665257515122069	0.665083213644038
23.2352266977149	22.54791781311	23.1921621447784
4.86220509984385	4.8760216306817	4.86037409080435
45.4481808109972	NA	NA
NA	37.556278992135	NA
23.6800715897212	22.8676117145549	23.6070375348417
44.904187033637	NA	NA
2.66756455922746	2.66832997203333	2.67068437201624
47.2498179780923	NA	NA
18.8734011397959	18.559377627679	18.908791969724
46.4787647083629	NA	NA
7.40371820133157	7.43047719391874	7.44495870322472
5.72995283019973	5.70931974552556	5.70400992063284
NA	43.7345959450013	NA
4.68449141179875	4.69221509706389	4.680754082681
27.2028910078747	NA	27.7933035374876
41.8715538680153	NA	NA
NA	35.3593379429676	NA
31.30282398187	NA	NA
11.7512182651825	11.597719772042	11.7218802461406
27.5840806602569	26.6318613728612	27.9696934923822
2.34420306914714	2.34508426472813	2.34666168007781
12.8767523417388	12.6434602073306	12.8836730239144
3.53392907448142	3.53563929656448	3.54096744545752
NA	NA	28.7335910357194
NA	35.7686832286042	NA
NA	NA	40.0502701734501
24.7190457083379	23.8795748270785	24.823386037778
13.7741878754886	13.5533799116179	13.789429778801
22.8113846944082	22.1468224462288	22.8352144668478
23.5942478466497	22.8274359637266	23.5392915650991
24.0883376570187	23.3179635868176	24.018738440825
25.1014750464015	24.2591385496588	25.2260419462157
NA	27.4988711016899	NA
NA	NA	44.3803797328095
6.68348593311005	6.66917023938911	6.67429038845991
24.6436085604548	23.7699447921048	24.5989343570445
NA	30.1612699318471	NA
31.327767280494	NA	NA
NA	NA	42.9235337818324
9.81283213796743	9.73887823311184	9.8096979221203
24.027267147284	23.1961052777673	23.9568766012004
41.5628543309626	NA	NA
1.33687104341184	1.33662194567039	1.33617508190523
27.2156021059635	26.0454568079078	27.7160901075742
NA	38.5119272646659	NA
NA	34.4508716801463	NA
NA	28.5877461961814	NA
NA	27.5888336236365	NA
NA	30.6196499680635	NA
32.3619421495987	NA	NA
23.0531081308087	22.2954088981369	23.0846080628023
7.04051617946164	7.05200933780733	7.06173927073266
5.98837332773572	5.9456948267987	5.99434843073926
4.39604766876728	4.37906096575463	4.38772441615313
4.53934033491088	4.54947181100125	4.53527540621919
5.29946456856924	5.31489897568923	5.30019057050256
5.15916722055416	5.1734284314137	5.15961886707283
4.13928182855609	4.13430152902858	4.14736040145409
8.16732527498004	8.14561078724139	8.13327517917613
NA	34.0425494370193	NA
23.6921712163032	22.8844147467301	23.6765281656415
31.6551574873974	NA	NA
7.05507830906287	7.0846382808102	7.10035556184586
NA	46.4362524561959	NA
1.17831728292162	1.1782019283447	1.17795276101364
NA	29.6948760143236	NA
11.2135883799715	11.1075806997381	11.2331961529996
23.1017176301642	22.3596775086265	23.1767947807675
0.560300674777498	0.560290791672482	0.560268380952319
25.1518977819992	24.3709534471905	25.2682528001581
NA	35.0465470916513	NA
9.22206408450139	9.20383754662728	9.26163196459821
NA	45.8587717967382	NA
21.9770381464695	21.3291433845807	21.9910942509438
25.2062109966826	24.4688368331498	25.4421925727644
1.8759313077577	1.87949760619557	1.87862898765705
0.0977483230508833	0.0977483230508832	0.0977483230508832
0.0927294473707903	0.0927294473707898	0.09272944737079
24.5484740081962	24.0170314011046	24.310404863198
11.2175832378234	11.1016731672856	11.2365008110306
35.4674770759418	NA	NA
19.7139167408209	19.3755381053952	19.7431664490492
23.5157474087665	22.7639464764775	23.4839056695093
22.9002197425866	22.1456444381967	22.8843043207243
7.42043024817902	7.45089240485717	7.46972301323929
5.25013238543847	5.26058726158236	5.25042462742776
NA	NA	28.8899418912167
44.9174496880164	NA	NA
NA	36.6557281450247	NA
26.9292375934264	26.676215096256	27.0631193949226
0.0380481726699969	0.0380481726699968	0.0380481726699961
18.0064859800475	17.6946698091585	18.0427503908625
22.84661668714	22.0936327222544	22.8793434002026
7.31879768969466	7.34959816127328	7.36769465269966
12.1846721902852	11.9969739958473	12.2122561248986
1.54335884105805	1.5432011709284	1.54507248069572
NA	30.7430155001014	NA
NA	NA	32.4660286146979
5.73882809193427	5.7504666628486	5.74588955423241
12.2578342153378	12.0461405321656	12.267534251655
NA	44.962813581166	NA
25.5968724161017	25.2776658827484	25.4187456517781
26.3417939274462	25.7944081876727	26.168126316455
5.09291365271875	5.04760967940042	5.09068045805685
18.9897559504314	18.6736021543013	19.0394754936343
40.7870938762796	NA	NA
23.1739051911325	22.3570432072992	23.2145060871155
NA	NA	28.6768773181199
46.278454997932	NA	NA
NA	46.6839120549049	NA
3.33302554068337	3.33381550431592	3.33133970282057
44.8689656374457	NA	NA
37.8263741128262	NA	NA
1.7111649887139	1.71077379003699	1.71012795603407
NA	40.7005238203286	NA
35.0532167030674	NA	NA
NA	28.820418038685	NA
23.4372366766438	22.6890625754075	23.3243222212507
4.89525487288554	4.90895183129033	4.89347486820818
NA	28.5024206490966	NA
24.0142323282805	23.1857891444983	23.9847250133818
22.9418044205328	22.2352467426737	22.903758414259
NA	45.9334979652431	NA
NA	32.5597439175271	NA
NA	36.9565598136879	NA
40.7292087089923	NA	NA
2.64038421209538	2.64068402858123	2.64196150986
36.0476816965959	NA	NA
18.3412617335971	18.0778456051123	18.438702950873
10.0633909723347	10.006182660912	10.0646118963043
6.53254174425933	6.54625270456299	6.54845030110512
24.0059719079696	23.1831085904154	23.9173089961336
13.8675829146603	13.5678697079043	13.887816691566
NA	NA	44.0004153949654
0.37817948216731	0.378163722021766	0.37812798471143
5.28843833461408	5.30122649103814	5.28883564626694
23.8621009830396	23.0827258882726	23.7969291830904
NA	27.1672283299793	NA
4.15164316765267	4.15740915376382	4.1750690514285
NA	39.9437181842315	NA
24.6099863715435	23.8128383461804	24.3700895228181
20.5488317944652	20.1606064320322	20.5790751058633
NA	31.3797357327789	NA
27.5067380567922	NA	28.2655013232515
7.26481838728601	7.201346330999	7.20134359099469
6.95143846807572	6.88713057104512	6.90197213811444
7.48216028077162	7.50797816982535	7.50063205976645
NA	45.8621800781424	NA
12.2723156323635	12.0655149225453	12.267534251655
27.5067380567922	27.2585212906157	27.4172591456875
NA	NA	39.5358930790033
21.0457362366214	20.5514858503868	21.1069954981204
17.5637857475648	17.2589494458181	17.5874455253458
NA	NA	33.2194478454866
46.6834178904489	NA	NA
NA	NA	38.3331945693497
NA	29.7200604230649	NA
8.39416251563436	8.38056555350736	8.39778911124032
46.7793020252087	NA	NA
NA	NA	31.3483808440712
NA	45.5198782104045	NA
5.12763468162111	5.14256157666608	5.1282004234929
22.9143095375108	22.2164054954448	22.9206112321411
1.41427730715804	1.41409904985298	1.41381365459535
26.4537956478249	25.7107062212948	26.7071734248972
13.61172461096	13.3366603005501	13.6232823444087
NA	NA	36.1109501024508
NA	40.6820768241929	NA
27.5067380567922	26.8122706206596	27.7753244147065
23.2422524767975	22.5003715490096	23.1901672380699
22.7866525900409	22.16977755297	22.8029306470598
10.4846655372528	10.3923981940538	10.4895292800432
NA	NA	43.0423450066147
NA	NA	44.1939976468385
27.3526150568617	26.597857549356	27.7354701457774
34.3887630690189	NA	NA
0.199180044330344	0.199180044330343	0.199180044330343
34.4179781264982	NA	NA
15.7122335310087	15.4002209477712	15.7761770913177
22.4772325806854	21.873630830191	22.4739758015703
NA	27.8824733725542	NA
26.702376102553	26.6081816013947	26.635141843241
NA	NA	30.9579824239117
6.28159788773801	6.25933987783216	6.29420217320053
NA	29.7293382549001	NA
0.484929608511641	0.48491442834331	0.484880006153822
0.564211743748243	0.564199685106886	0.564172341196026
17.4120294239409	17.1313794556202	17.4827352382016
NA	43.8022056540703	NA
20.627172340081	20.2148788476	20.6777239168338
0.411308001300431	0.411296079760013	0.411269046765027
23.9640667931182	23.2476402041719	23.7778691930524
NA	44.2931419341683	NA
NA	46.6907335388262	NA
22.427227303194	21.7979006923342	22.4545070393145
34.9316568089381	NA	NA
18.8774816466564	18.5647274788873	18.9131481481122
27.2256882667082	26.9739654562166	27.2391578492691
46.9031492097991	NA	NA
19.6809691330137	19.3519613563612	19.7157107538188
NA	27.7563506694728	NA
NA	38.1992849542345	NA
14.9013899169343	14.5887550198572	14.9522415277361
NA	42.8839031494192	NA
NA	31.0086815472604	NA
4.24081034716114	4.24528739425371	4.23482483438682
NA	NA	36.2008407268079
6.37226785015143	6.3891288415151	6.38803454154354
NA	46.0507620119999	NA
NA	33.2386607838156	NA
NA	NA	43.5422472013999
1.72254624515304	1.72212736128534	1.72149657720032
NA	NA	41.108951012374
NA	NA	43.516192848552
7.27555943833512	7.20757087928984	7.22482488419353
NA	46.7822466153793	NA
10.2858992938773	10.2210271043585	10.2910441595031
0.977281500531589	0.977101953816429	0.976709972257422
4.16205608812953	4.16787018768425	4.1861325501195
25.0963540062258	24.3921587777995	24.9686382195684
6.18487951372521	6.19459882091935	6.19464629794405
46.6310204829167	NA	NA
NA	NA	39.9501025032384
NA	32.3562598772107	NA
5.47646215659039	5.49177982108071	5.48097414302013
23.2947421867862	22.5516631133998	23.2779295234562
7.15981805791349	7.17461486201091	7.18782531832296
NA	35.6981727794996	NA
6.89653778908164	6.88713057104512	6.90197213811444
13.8260879124474	13.5533799116179	13.8438606645104
31.327767280494	NA	NA
12.5531379031374	12.3615641650312	12.5638065541689
NA	46.2448192260102	NA
1.70856906504663	1.7082277201557	1.70770681044754
NA	30.8958216093662	NA
2.81793623327543	2.81433618200225	2.81320869968255
5.52099837377497	5.53320129059902	5.52478851783001
31.3552879810014	NA	NA
2.19536402601225	2.19170846580154	2.19292188481878
NA	36.1064433160724	NA
24.5032456439774	23.8128383461804	24.3700895228181
12.8017926757198	12.5900727888919	12.8598488162684
NA	28.5077811045037	NA
NA	NA	32.3230678634446
24.2832391953364	23.6239780209133	24.0712379582026
20.9751483776579	20.5540539398167	21.0225979583474
NA	27.4589722818172	NA
NA	30.1787789566316	NA
NA	46.8238367734967	NA
19.5951060275897	19.2794573464686	19.627624865585
26.1156247159309	25.5094481906328	26.2085598327562
NA	42.1537767825693	NA
17.9748421614569	17.6778802561545	17.9981818075453
2.06753647695855	2.0671352647422	2.06671672815783
22.5134350273589	21.9178584782747	22.5363686998283
NA	NA	42.9354955223339
NA	38.3578879625771	NA
NA	46.4261546523193	NA
24.4788988579587	23.8128383461804	24.3700895228181
10.9859779908143	10.8803508740397	10.9949422333668
NA	41.1790719417525	NA
7.31879768969466	7.28756199488827	7.30411608616995
9.38088020515397	9.35058753864718	9.37708338645733
NA	44.5808056553079	NA
3.0260608188768	3.02777424742986	3.02145043960691
0.396317138466574	0.396305559233949	0.396279302450134
24.2781204144873	23.444805266382	24.3700895228181
3.11979282920908	3.12080691481727	3.11704299344074
24.8081923352132	24.0214374698712	24.893196784576
31.789198042884	NA	NA
2.31805754201085	2.31865836734543	2.31966966111438
22.8278062523277	22.1412721942184	22.8276562804704
44.9412908234549	NA	NA
NA	39.0389794954453	NA
23.3314240506376	22.5798190935314	23.2925106485457
NA	31.2056361713867	NA
2.85578141910875	2.85685974467762	2.85634243149009
NA	NA	42.9531023336675
23.8752801838142	23.2681420591795	23.7190224929689
14.6239743159505	14.3249926402956	14.6700284266957
19.1901125048804	18.8936528091585	19.2260746826646
6.03928388809241	5.98280193161324	6.00335091977479
NA	NA	43.1716401405741
9.7703375572214	9.71569156977272	9.77083539977201
7.42557556310173	7.44901426428747	7.46855284100485
1.61553995867626	1.61504280641945	1.61418505811206
7.36709182418037	7.39174130160049	7.41184183039667
4.16002114350819	4.16454029469191	4.17822317892392
1.72395839369856	1.72357077657869	1.72287135096328
15.4806536606099	15.1666793364353	15.5146700524637
NA	NA	44.486965331799
16.4627864981283	16.1671643846363	16.5226922300887
11.1328698359216	11.0207443445877	11.1533018175886
23.2395391197444	22.4732387285268	23.2532149383005
NA	42.5806252354147	NA
5.89772564201828	5.90681438592843	5.90326534092221
4.96781208467488	4.97845978087416	4.96627107523904
23.1251477894518	22.4069280839783	23.1631647848973
NA	46.8758037553467	NA
NA	42.0401491081371	NA
4.44533347160704	4.41724586223746	4.43700863579638
22.9923650131983	22.3559016507825	22.927494665001
22.9697427011767	22.2352467426737	22.9006516903772
15.6221108622432	15.323350829935	15.6790318061405
NA	NA	30.92256195049
22.5529965860531	21.9183629932963	22.5822345177489
7.9799391975616	7.98468673249996	8.00581758338715
NA	45.1012759361171	NA
0	0	0
NA	34.73438103192	NA
0.182964348394287	0.182964348394288	0.182964348394288
27.3382686152889	27.0214648466527	27.0688795526453
NA	45.6675739297001	NA
7.32471250265847	7.35049153114797	7.37458674445589
NA	44.5168296363838	NA
46.3097992887673	NA	NA
27.49238482467	27.2571522901093	NA
1.75035758442266	1.75022623157115	1.75010500716444
3.16052782201453	3.15641838522613	3.15879024291641
NA	34.0856440837497	NA
NA	27.3206380833128	NA
26.7992228785776	NA	27.4823289462922
NA	41.1773600169287	NA
18.9679084049239	18.6493602042115	19.0229644662382
NA	46.6779806124948	NA
14.1073000927876	13.8753339556299	14.1249235740549
NA	NA	32.5646495238848
13.4883116669637	13.2318433323627	13.4993768090921
46.0746599774676	NA	NA
19.3936291809767	19.0443039878934	19.4358706569871
NA	35.0729045716328	NA
46.3401841434094	NA	NA
NA	NA	36.3514185334396
17.6065980619496	17.2827859827974	17.6261373844655
7.00118978849695	6.93592278809219	6.94916447399512
24.2156694228191	23.3529844802726	24.0712379582026
NA	34.7708399950163	NA
24.3739842067643	23.8128383461804	24.1026023037659
3.0843624985217	3.08528778233606	3.08167522648238
3.67034741331202	3.67303130254634	3.6656631394053
NA	NA	39.8816370468329
NA	31.0524794685504	NA
22.8858069337315	22.2091604296416	22.9062774924895
NA	43.3619083151627	NA
1.40725412768327	1.40706500192412	1.40674464635413
38.970264191682	NA	NA
6.19686281044533	6.20743127928531	6.206077012125
25.1470981421758	24.4300172500276	25.0449426078265
2.85048584104542	2.8427625624679	2.84678758412767
13.4590995260692	13.2318433323627	13.4697798188126
21.2103773142433	20.8025696081124	21.2349794561782
NA	46.7839706266065	NA
5.41197220681121	5.41952249744666	5.41231819964738
NA	NA	36.5780660933036
24.2240249037441	23.4615526554382	24.1110523567979
8.0462933990964	8.04820007039828	8.08555558514102
NA	NA	44.2574237472704
5.24416201126938	5.25790678751825	5.24467369462192
22.4351993239345	21.7821248427247	22.5032422948208
23.2359781465047	22.5277939763694	23.1767947807675
25.6231301953944	24.792756563138	25.994474587888
23.1679127158593	22.5020739281736	23.1767947807675
NA	33.4539648776642	NA
6.42508817789142	6.44427311731287	6.44562732290388
23.0591716294673	22.3888904592104	23.0417337108517
5.41197220681121	5.38581287079666	5.4038398392904
NA	28.5460291836093	NA
14.2687465481975	13.9570183689036	14.3331464286931
NA	NA	39.6493245281596
5.09937215865551	5.11312057226214	5.10395563112047
0.871191981298926	0.871137881018575	0.87101520722486
NA	NA	29.5624995531518
NA	26.8861628103193	27.9696934923822
NA	NA	38.3757049205377
NA	41.2901783204237	NA
NA	NA	42.0268003776692
NA	NA	40.8625195170832
6.80811104683519	6.83429168475212	6.8400268347855
15.5600955057818	15.256975580864	15.6214930491538
NA	43.9560275319456	NA
NA	36.3234329470519	NA
NA	31.9465119225215	NA
4.86964230588855	4.88131174347512	4.8680850508831
24.295701558459	23.498176406316	24.1873384038522
26.8699416226072	26.7113440537424	26.843145291844
NA	NA	40.7708854229749
NA	29.1553963068657	NA
27.3237289392024	NA	28.0020614688722
NA	NA	40.5084175481591
NA	35.6212639538793	NA
23.9592363450732	23.1831085904154	23.8567876646133
32.2830872254854	NA	NA
5.00429660033813	5.00544567223261	5.00247251785625
23.1489028221989	22.4078771921302	23.1767947807675
5.83126613404865	5.84751857481499	5.84030869811694
44.1101170393746	NA	NA
NA	45.9995877341279	NA
46.1891655227995	NA	NA
NA	29.1330421109371	NA
7.31879768969466	7.28251822514473	7.30475737285541
36.2591749350673	NA	NA
22.5119134579068	21.8493114333771	22.5740084225684
NA	34.0571068778003	NA
16.5489747535088	16.2808847895594	16.6073000490996
23.8957569927139	23.1846747677345	23.7727377228622
44.3700876871871	NA	NA
NA	NA	31.4646970449089
22.695870352442	22.0481998085173	22.6952121932513
1.80384568107895	1.80367268288758	1.80476339032053
23.7778180462882	22.9850452377888	23.7727377228622
31.2600237093985	NA	NA
7.22103327452368	7.201346330999	7.20134359099469
NA	33.5456671840003	NA
1.48737811580651	1.48718457745986	1.48684017241062
NA	37.750027055958	NA
6.16717093773457	6.18358474712006	6.17939833726364
24.3253496857242	23.483660311403	24.1253001622922
2.1432969701069	2.14312863987515	2.14389391793918
6.68857878876099	6.70132824032512	6.70849433357929
24.4701902843129	23.7090538165046	24.32000591015
2.17955233678306	2.17950532795317	2.17884837147791
23.9352600125907	23.096427737302	23.8631241355158
NA	29.7582763546763	NA
5.74455654916575	5.75390609055468	5.75003967523498
23.5223835380493	22.7506029255922	23.4745904619097
10.121009386751	10.0413390717261	10.1227403979108
NA	34.7096195230425	NA
NA	NA	27.9676024518023
1.44378392898802	1.44350034714563	1.44299259845189
NA	31.9465119225215	NA
6.10723685028632	6.12175712414644	6.1189126740398
6.00554231848243	5.95029303305195	6.00335091977479
NA	45.3332623610795	NA
NA	41.712573534336	NA
22.6131262347563	21.9251604874903	22.5914396917636
46.3258484503135	NA	NA
20.0600183765502	19.730244044203	20.0998603620027
0.106571210326291	0.106571210326292	0.106571210326291
46.5270254608713	NA	NA
23.253377898492	22.5516631133998	23.2370130793263
NA	42.1381037773343	NA
NA	NA	44.1118605517296
NA	NA	38.7808512946858
16.2223630276559	15.9199710385996	16.297619865706
NA	46.5492815718394	NA
27.4210338128794	27.2893573382417	27.0688795526453
6.85058306401251	6.87239793853792	6.88335811764887
18.9679084049239	18.6474976198371	19.0125540772055
10.0331008507916	9.97948728371508	10.0344971910481
5.62342983484832	5.63217889432502	5.62709214209239
15.9515798785811	15.6561762001325	16.0228719671844
24.6436085604548	23.8978868038637	24.417002534654
NA	NA	43.5178468369314
32.2830872254854	NA	NA
21.7962492130225	21.2685546624858	21.8037827616815
NA	NA	31.3352621325781
NA	28.0205136093423	NA
2.62755947369128	2.62767816428037	2.6285284728197
19.3959685348452	19.0625961669938	19.4407966358955
20.4883241338827	20.0473803684201	20.5112314298898
44.4477763071161	NA	NA
0.335791991844724	0.335777396750614	0.335744301288905
5.53237322555603	5.54401118298157	5.53580042432861
NA	38.8245724963649	NA
13.640565873388	13.4081896006809	13.7090558395045
NA	29.2593564840014	NA
NA	42.0296387256918	NA
45.8164976225388	NA	NA
NA	NA	44.2918034955137
NA	30.0783145835469	NA
6.68348593311005	6.68131945133856	6.6903340931886
27.1883406348478	26.9546470804377	26.8025022438359
43.2219530382662	NA	NA
38.2393771242297	NA	NA
NA	NA	31.3210800262189
NA	40.176682630568	NA
6.36570263361341	6.32446185263444	6.32821269178153
2.49677149185001	2.49704427697441	2.49577964015048
NA	34.8817918139278	NA
24.5949102536095	23.775130766421	24.5746797518241
4.41468086608432	4.40342408772332	4.41152176806885
NA	45.4598088979391	NA
24.2215765104104	23.4358652443274	24.2696715407865
NA	NA	41.9641307249985
4.77993070509777	4.79179976986534	4.80398966220199
25.2817163799453	24.4858846916875	25.5680593193075
NA	NA	42.4905871135461
NA	45.8592610744165	NA
NA	NA	37.9151495316893
1.73661682603761	1.73619810823874	1.73553621241027
4.0735517479112	4.06598863179288	4.06706697686292
2.4640832423314	2.46285621326355	2.46674637705504
6.61283709816098	6.57314017152791	6.60251804577191
26.0810334097199	25.7458596568665	25.8758237204498
24.3522904902632	23.498176406316	24.3939857846761
NA	NA	30.8400774617205
19.8521076770233	19.508984843588	19.8838809638565
15.8087175008709	15.5255212747783	15.8111227540007
0.106946339443595	0.106946339443596	0.106946339443595
NA	27.8701289431548	NA
NA	31.4382300009257	NA
NA	NA	41.4330723667466
0.570805938628508	0.570794021454597	0.570766998330398
35.5183127107723	NA	NA
24.8053334473798	24.1300915727195	24.5321517080911
1.50667238021771	1.50646779730041	1.50888100130809
NA	45.9586030635268	NA
4.33107343290356	4.33524596466919	4.32562095672707
6.02395812800158	5.95875545223405	6.00335091977479
NA	35.7872146065484	NA
NA	NA	32.85860960397
NA	29.8102063388517	NA
3.93405145299917	3.93909831504214	3.92550243663253
23.6406669998864	22.8676117145549	23.5674236355384
22.7430713006479	22.134278475926	22.7141154764159
NA	35.7668416160563	NA
NA	31.0060407029377	NA
24.4410352786699	23.7216586808799	24.6200569751672
27.0674304663466	26.8381375770469	NA
NA	NA	43.2514664456876
12.381868717968	12.2059317613685	12.373517307141
2.93342154441565	2.93503307590893	2.94045823648502
1.85251689006905	1.8522978227968	1.85385661406542
16.6224604118832	16.3055837672857	16.6901737113731
26.5515520807688	26.1768713874255	26.4683254742502
27.0172375045276	NA	27.6969432275761
8.58512263981587	8.51016528652584	8.55347201958218
NA	31.2024618729213	NA
NA	45.420073425967	NA
NA	NA	42.7447750858578
12.0081549749485	11.8334300395294	11.9895889735832
NA	32.5717888120676	NA
NA	39.1372244991215	NA
18.9025932401503	18.5601629524615	18.9461307131575
7.31879768969466	7.27242147728387	7.28813060634626
NA	29.0684448956423	NA
43.4824827015395	NA	NA
1.56129977882475	1.56104598026979	1.56407590140109
NA	40.3333172395673	NA
NA	31.5369211400355	NA
24.9611737377786	24.2097625974277	24.6712024534761
24.8850920969863	24.1716563733467	25.0374463736905
6.79626963984544	6.81403754162051	6.82222609800305
7.95370795962299	7.91781147596979	7.94953872081262
0.30902841199888	0.309028411998881	0.30908240168633
3.17301911430525	3.16701212611895	3.17043279673478
22.8670205524846	22.1934288862629	22.8217501889746
42.9977552204085	NA	NA
8.90513744954019	8.86285518762179	8.90784893825199
17.8218521936783	17.5503160165129	17.8645804158222
25.2927428059739	24.4666045635299	25.5680593193075
NA	28.9270331724519	NA
2.48802678465069	2.48799292317891	2.48784368824685
24.931097003768	24.2459473381209	24.6095463053285
16.096719843469	15.7960534026796	16.1026627391183
22.611884254013	21.9780332316061	22.5822345177489
NA	30.6960798168202	NA
NA	29.3048452147294	NA
37.3780832136806	NA	NA
3.42840049712367	3.42969273919708	3.42544827842187
23.6826067745211	22.8676117145549	23.6248321840814
23.4751915654137	22.6843621093529	23.4745904619097
11.120027599572	11.0031312165037	11.1197115736047
NA	NA	44.2966797874441
17.3563288752568	17.0505090150218	17.3789799008741
NA	46.6210359315198	NA
26.7314891967997	25.5341716406417	27.260385482923
NA	NA	36.3797174252213
6.44602475397668	6.4652269009291	6.46767304900612
NA	NA	42.6412583758731
4.77576539748507	4.7744142440173	4.80046937852372
NA	27.4435679342279	NA
3.67306819952578	3.67568566329821	3.66856010488453
NA	46.8620967734322	NA
5.51678636479839	5.52817202231425	5.5200254881774
25.9087563186825	25.0442677319659	26.2884349811439
39.6494184754327	NA	NA
0.371182854131566	0.371170188470608	0.371141468134824
NA	43.3599671451086	NA
NA	NA	43.9734625670308
NA	28.5844892676038	NA
NA	41.0027275150617	NA
NA	31.342610176123	NA
NA	28.5498120255699	NA
10.365056789304	10.312615675684	10.3686633236186
NA	28.1951327318738	NA
NA	41.6715746444255	NA
27.5067380567922	26.6105933511405	27.8409084629868
