	traj_0
cell1	0.016749277818168297
cell2	0.01687687824665
cell3	0.4786444395823816
cell4	0.03640505314625028
cell5	0.05653781093159037
cell6	0.09489677746438627
cell7	0.05259522992000717
cell8	0.0013483397812348735
cell9	0.14943729749259285
cell10	0.040144343505361654
cell11	0.07559984091851875
cell12	0.050713611591942015
cell13	0.023736602033594973
cell14	0.8438686133714969
cell15	0.04216192292288139
cell16	0.0195035460341156
cell17	0.05355441441007876
cell18	0.5107772247670163
cell19	0.037941359282155376
cell20	0.031565107050341025
cell21	0.5371374598655025
cell22	0.05598074735487556
cell23	0.03841515297756787
cell24	0.03845544046329831
cell25	0.7519132135481766
cell26	0.05544324341114366
cell27	0.7830044628944899
cell28	0.04302097781724935
cell29	0.44874552313345906
cell30	0.9319760768648269
cell31	0.025025328878870417
cell32	0.011502608347674215
cell33	0.03704412958228374
cell34	0.038112382225361
cell35	0.03667114144248753
cell36	0.06829177821278751
cell37	0.7448491959642716
cell38	0.9872837510826749
cell39	0.011927698489147997
cell40	0.445383881192406
cell41	0.3027570159004915
cell42	0.0844537922497501
cell43	0.06768347438006593
cell44	0.31401587996872804
cell45	0.014389442101247776
cell46	0.9877505260436885
cell47	0.016589642078565094
cell48	0.9909549078475683
cell49	0.49635812116450473
cell50	0.22198541769045757
cell51	0.0990503896977213
cell52	0.4825393926321478
cell53	0.028603166173099645
cell54	0.10413624665628725
cell55	0.015505775083308315
cell56	0.2929881868480138
cell57	0.30791469876054267
cell58	0.06554745762518076
cell59	0.04119559616910956
cell60	0.9899308315700935
cell61	0.4470741786502043
cell62	0.05391711119697075
cell63	0.03884498989488092
cell64	0.026249088159001375
cell65	0.002018456490942474
cell66	0.03365466333059769
cell67	0.03774571470355647
cell68	0.8459056863959832
cell69	0.49198071185951336
cell70	0.03709227237210282
cell71	0.014479036743487638
cell72	0.07689558843542216
cell73	0.16878183119272044
cell74	0.03302956436059142
cell75	0.3147167908337532
cell76	0.7483133038328376
cell77	0.04169190724061635
cell78	0.018471701864991624
cell79	0.036566980931235164
cell80	0.03785514811101746
cell81	0.0376929857734813
cell82	0.03687636598919402
cell83	0.0416576806988713
cell84	0.0560056431233809
cell85	0.5040519609342418
cell86	0.054465210871661916
cell87	0.5206509577283767
cell88	0.03518843928413174
cell89	0.47559684075721853
cell90	0.11636152734121175
cell91	0.002909301462487999
cell92	0.03898948745716235
cell93	0.4921130178866729
cell94	0.04163609556977734
cell95	0.5763948917742014
cell96	0.6418751298936525
cell97	0.033848613683359535
cell98	0.5488802762530001
cell99	0.27955021772447586
cell100	0.025056748082873496
cell101	0.5062967171221738
cell102	0.7048016271733915
cell103	0.03492747761084946
cell104	0.8842933731006024
cell105	0.48282818746154454
cell106	0.4918031663334404
cell107	0.03411119682641825
cell108	0.807241983323892
cell109	0.0375582353854666
cell110	0.6403934067529434
cell111	0.059777486964002154
cell112	0.025895739179576157
cell113	0.03997368262955243
cell114	0.02277026417973798
cell115	0.016055245040256735
cell116	0.03368991773641875
cell117	0.054907187921403054
cell118	0.09484793379325149
cell119	0.017961363961412673
cell120	0.2937634896395959
cell121	0.0405182012354941
cell122	0.014019107378122142
cell123	0.6385987778270107
cell124	0.8000235218667981
cell125	0.31439952454703896
cell126	0.025879340324456622
cell127	0.03399159488811453
cell128	0.03823398472856872
cell129	0.08101958637398285
cell130	0.7738934102298031
cell131	0.014046288791937906
cell132	0.041590994706228526
cell133	0.9934789139091987
cell134	0.03242132052779322
cell135	0.43353844871075214
cell136	0.7419760884926976
cell137	0.30014161435512854
cell138	0.03435771047227733
cell139	0.04130622760958877
cell140	0.016185830137445
cell141	0.03436398703792739
cell142	0.04772355031883909
cell143	0.33447787788493155
cell144	0.8239518143073091
cell145	0.01694126167160081
cell146	0.7797732337913063
cell147	0.49192725367626466
cell148	0.6230561204024001
cell149	0.046937539250781785
cell150	0.34311504395543596
cell151	0.038015451937613055
cell152	0.2971439591994059
cell153	0.016397168344788406
cell154	0.018781718029920357
cell155	0.44620014113564255
cell156	0.3202868287468025
cell157	0.04945633830725289
cell158	0.5018973540757342
cell159	0.033886342513140585
cell160	0.04116459636230149
cell161	0.05116392340322049
cell162	0.0549780573463128
cell163	0.9014833532979173
cell164	0.02384274261023302
cell165	0.03738508943302299
cell166	0.19210738817636036
cell167	0.4825612405303198
cell168	0.3146799817852724
cell169	0.04117428263715187
cell170	0.06758787846928875
cell171	0.05452104912260164
cell172	0.6404431805275972
cell173	0.5802729467200928
cell174	0.9933691203957521
cell175	0.43839655684154594
cell176	0.018105943248961923
cell177	0.04167934548448095
cell178	0.48522643299389234
cell179	0.31463935143513017
cell180	0.7410017252709271
cell181	0.585722578737809
cell182	0.07641387961254607
cell183	0.0389548363680712
cell184	0.9896383413892385
cell185	0.022679776475680567
cell186	0.9557873309320266
cell187	0.04772202058404899
cell188	0.31640233888932523
cell189	0.05420426414365888
cell190	0.028006021557065587
cell191	0.2890084340094218
cell192	0.036961128084608205
cell193	0.01135105056235239
cell194	0.0167808370955419
cell195	0.31616054916773123
cell196	0.03484829813950775
cell197	0.5235696893081204
cell198	0.03535988102007324
cell199	0.05506150302311581
cell200	0.7779275482261789
cell201	0.0372721514012624
cell202	0.07766861860029935
cell203	0.03175044277556643
cell204	0.47857174034851235
cell205	0.3309387366904094
cell206	0.1218316280896524
cell207	0.03356222626078963
cell208	0.563466735926946
cell209	0.07366546378254728
cell210	0.023918675981412514
cell211	0.7497093484390019
cell212	0.616191630848617
cell213	0.4537612113328353
cell214	0.8149762677999612
cell215	0.7512750746871666
cell216	0.2873760698025575
cell217	0.2854801087651259
cell218	0.04043127501422294
cell219	0.6441360614909217
cell220	0.9385928513500799
cell221	0.0558932605104565
cell222	0.03842793796559582
cell223	0.06881320628060675
cell224	0.031768132518946876
cell225	0.30455676751718397
cell226	0.10627558020998955
cell227	0.016487815548247096
cell228	0.0376423704716871
cell229	0.5159902954814996
cell230	0.10214613822001442
cell231	0.02147769846286829
cell232	0.10734703290247043
cell233	0.21502860557513692
cell234	0.037291202463573495
cell235	0.2887875635420586
cell236	0.07811822999545033
cell237	0.28890876131460236
cell238	0.8596863549682018
cell239	0.013153589647630906
cell240	0.3164595381697755
cell241	0.035802061928111514
cell242	0.015262189312819068
cell243	0.040228483160550034
cell244	0.03740729562764951
cell245	0.03453835745628357
cell246	0.033167325214354546
cell247	0.01680306365058186
cell248	0.03516224922389166
cell249	0.02581104795339822
cell250	0.03369995181459617
cell251	0.9848219558130202
cell252	0.049622520912784567
cell253	0.037364334565062184
cell254	0.02050992754687967
cell255	0.5714150091767768
cell256	0.03946878449871855
cell257	0.0026940846856203407
cell258	0.024870727639953644
cell259	0.5060663891080713
cell260	0.8311758253524258
cell261	0.0051383829831935695
cell262	0.2966463942645072
cell263	0.4341215131722147
cell264	0.018593116466224552
cell265	0.03325613883144403
cell266	0.18153410773577383
cell267	0.035856601374218096
cell268	0.18485712899902543
cell269	0.8948301199173988
cell270	0.543617983295257
cell271	0.4839429913425875
cell272	0.037250470039741766
cell273	0.45077583637022456
cell274	0.04007512295862026
cell275	0.10105553530889742
cell276	0.3080130827370107
cell277	0.0376133830088937
cell278	0.025774896422156125
cell279	0.9923476974713058
cell280	0.025749480578656975
cell281	0.03733579504348668
cell282	0.49800045136134713
cell283	0.045472771652233276
cell284	0.39292666636531326
cell285	0.05702473406063249
cell286	0.03961591021406737
cell287	0.7789119038186098
cell288	0.05441872958699893
cell289	0.04055729764618522
cell290	0.023720980200919013
cell291	0.032817212844206294
cell292	0.4789977715976038
cell293	0.2676739345705366
cell294	0.0002863747107101813
cell295	0.033780199303045266
cell296	0.03478806490285914
cell297	0.32068959275141
cell298	0.10563573788688327
cell299	0.07503805279155716
cell300	0.8746833897331165
cell301	0.292106571124048
cell302	0.034201300719775736
cell303	0.02269942927023284
cell304	0.02132143485889175
cell305	0.3770110791596463
cell306	0.017765283113810326
cell307	0.1006406838463721
cell308	0.5635327682540351
cell309	0.03594919563897808
cell310	0.00011956828470935977
cell311	0.29663875523906735
cell312	0.24493142991677844
cell313	0.3284751084554221
cell314	0.09309356785453698
cell315	0.3016565240342988
cell316	0.042919166692758914
cell317	0.038714828133077535
cell318	0.21922271919522474
cell319	0.4799104161068908
cell320	0.09012369019487769
cell321	0.12034560592090351
cell322	0.05771817959074672
cell323	0.0434693655940702
cell324	0.00782430493313082
cell325	0.04229411276823141
cell326	0.7632771075514243
cell327	0.042251329944787926
cell328	0.9923616281122128
cell329	0.025763049754277758
cell330	0.5693474009458589
cell331	0.9843379338308559
cell332	0.7628338292558647
cell333	0.3210118145288188
cell334	0.7471091124576238
cell335	0.9728585441835764
cell336	0.0366017051203809
cell337	0.03865616830701372
cell338	0.3394031598201606
cell339	0.564724620481692
cell340	0.0045360805763336705
cell341	0.38574783197401996
cell342	0.8334546136437323
cell343	0.021192174911925446
cell344	0.43692936822161443
cell345	0.7811846671501819
cell346	0.02661440804913796
cell347	0.015094650243105402
cell348	0.9900872453791654
cell349	0.02631814034753791
cell350	0.4351194796236787
cell351	0.05457101884155168
cell352	0.3525147187363202
cell353	0.039958203587501795
cell354	0.7832494790122938
cell355	0.051339514808679286
cell356	0.7660999979261253
cell357	0.03440447568936367
cell358	0.028449129259089583
cell359	0.037938507068182956
cell360	0.47935065136775595
cell361	0.6806499214886824
cell362	0.3089146925433075
cell363	0.04157293827163457
cell364	0.7343572323026473
cell365	0.002088926922483178
cell366	0.05100634816265668
cell367	0.03449762488337342
cell368	0.0854990978251147
cell369	0.052192135647558105
cell370	0.04210862365331411
cell371	0.9889055781525384
cell372	0.03878732471554417
cell373	0.01683344756140402
cell374	0.0378608758477232
cell375	0.2821056121468618
cell376	0.6441804426115149
cell377	0.6845779277543329
cell378	0.36048570380612754
cell379	0.03250836007471812
cell380	0.5077784092894638
cell381	0.04593254315066422
cell382	0.4336850643960946
cell383	0.03740214521337323
cell384	0.03650197605100867
cell385	0.023853229565991826
cell386	0.02653076763212322
cell387	0.48687371393774426
cell388	0.5157257368979767
cell389	0.6883346763321531
cell390	0.05728656541587966
cell391	0.036570844319199554
cell392	0.04123980821855225
cell393	0.3764408818449532
cell394	0.5189247469441219
cell395	0.015678886135093665
cell396	0.03788366672644407
cell397	0.9449956668325711
cell398	0.031617108933513924
cell399	0.0367532900708576
cell400	0.11419236647437325
cell401	0.07579787561440665
cell402	0.8265662808033536
cell403	0.2918267373283498
cell404	0.015979476965448096
cell405	0.29100430523483584
cell406	0.024885021951877005
cell407	0.1600713600442012
cell408	0.647088968645879
cell409	0.011223346112616696
cell410	0.022002832294282876
cell411	0.0383259564480427
cell412	0.015638502714540807
cell413	0.43163838219283057
cell414	0.07760088841785685
cell415	0.294898150257117
cell416	0.7826826780538534
cell417	0.052602376243400084
cell418	0.02095323498706705
cell419	0.5678312498116006
cell420	0.038067966622934206
cell421	0.14839513674914878
cell422	0.31691804143548474
cell423	0.06640931785421773
cell424	0.7592809552067196
cell425	0.5669028661161329
cell426	0.03775884689242206
cell427	0.5708048338790951
cell428	0.4469777298149035
cell429	0.4980726411274725
cell430	0.018595687558523453
cell431	0.023448172996191615
cell432	0.30235846363810864
cell433	0.682403913361268
cell434	0.5000740936045113
cell435	0.021793734026987636
cell436	0.039828142277009
cell437	0.43357441185664186
cell438	0.05459251313821352
cell439	0.024777523956239007
cell440	0.03362783844328732
cell441	0.054678513231647026
cell442	0.020523015583627555
cell443	0.9708107567043424
cell444	0.628875255590516
cell445	0.037107939320285416
cell446	0.020742754890990367
cell447	0.04298681103602162
cell448	0.6632528794261715
cell449	0.016535832484800242
cell450	0.01699156432843572
cell451	0.5179286596810295
cell452	0.03777378765057009
cell453	0.04210928319292124
cell454	0.38085024956748786
cell455	0.4154099844070925
cell456	0.2962903404619282
cell457	0.03854771564758578
cell458	0.015049063191318298
cell459	0.030637817994464998
cell460	0.7756941618658717
cell461	0.04626234658284987
cell462	0.04110957750836911
cell463	0.4566135995850345
cell464	0.04104853749358505
cell465	0.7743105486871594
cell466	0.43950336495976583
cell467	0.015877958546621905
cell468	0.37728412651730303
cell469	0.01582949895810517
cell470	0.10142338500670856
cell471	0.48793015598948924
cell472	0.0191402444374525
cell473	0.6368203035401709
cell474	0.7562055898495067
cell475	0.048668180647172765
cell476	0.036900603810589565
cell477	0.04052274477206152
cell478	0.31451770230596066
cell479	0.0378920102921042
cell480	0.3170260099516535
cell481	0.2038432952590172
cell482	0.3503308545390515
cell483	0.05699924201224621
cell484	0.4793381218573698
cell485	0.41550135601188093
cell486	0.025842314289995387
cell487	0.5713831705249519
cell488	0.45433385547667227
cell489	0.02589087703440476
cell490	0.06601692717395177
cell491	0.30416996801901325
cell492	0.057531553842023984
cell493	0.05116408782980794
cell494	0.05791817466677611
cell495	0.03723754862313799
cell496	0.8580880231604454
cell497	0.03750944132056866
cell498	0.04103047578605716
cell499	0.03531405150354368
cell500	0.2911393053671863
cell501	0.053709998824401306
cell502	0.01375591924878364
cell503	0.025314526669970746
cell504	0.03170603825908554
cell505	0.03721300466207523
cell506	0.016056352161949634
cell507	0.02222466862214669
cell508	0.40609176796946855
cell509	0.037507443873735974
cell510	0.03543375064695865
cell511	0.3209242498547683
cell512	0.01407986684923917
cell513	0.48521153672780765
cell514	0.043489398698928206
cell515	0.05617801339755351
cell516	0.29357980383993815
cell517	0.03368725994893795
cell518	0.5183897563825443
cell519	0.4771463847638112
cell520	0.025357696776227567
cell521	0.2974810935529262
cell522	0.3160986256785322
cell523	0.30002144644002193
cell524	0.8037404536916728
cell525	0.03478882013249391
cell526	0.5267284311860331
cell527	0.993664832558707
cell528	0.6727919401984759
cell529	0.5047596810631191
cell530	0.03310569688669274
cell531	0.2611683538464725
cell532	0.03711762101964124
cell533	0.7716961882624191
cell534	0.022511277256799248
cell535	0.012832316388332663
cell536	0.0013467400407101108
cell537	0.6132993897709625
cell538	0.0165912444477591
cell539	0.09940402851516926
cell540	0.02621478159547381
cell541	0.037304798756115295
cell542	0.041089301431328315
cell543	0.8424434407483247
cell544	0.7417947420329788
cell545	0.02483780290521098
cell546	0.5749323420559262
cell547	0.4874588646666175
cell548	0.5121650907895926
cell549	0.029402474531293216
cell550	0.31616520667379056
cell551	0.31503315684723077
cell552	0.5175716009469169
cell553	0.06040306289956496
cell554	0.35411932654479344
cell555	0.026391629965541754
cell556	0.037460157294333905
cell557	0.03800156696927379
cell558	0.026654133778712955
cell559	0.984153725731162
cell560	0.02022582504245107
cell561	0.825271867070715
cell562	0.4725714573633156
cell563	0.025469866411231824
cell564	0.03875771949464409
cell565	0.018585206327744377
cell566	0.7814772641951915
cell567	0.33094768691811477
cell568	0.014597936182021199
cell569	0.21945940408244755
cell570	0.38531244718946783
cell571	0.052281517080215854
cell572	0.33962845449240914
cell573	0.014482577263842854
cell574	1.0
cell575	0.017728585676396826
cell576	0.48190205409863557
cell577	0.052474682079622754
cell578	0.4876537423719354
cell579	0.018718964529438747
cell580	0.4876795693883511
cell581	0.6103891861910714
cell582	0.8365705052612964
cell583	0.07318733990814867
cell584	0.512497650595322
cell585	0.034189202316869415
cell586	0.5058933976425333
cell587	0.5247810281612014
cell588	0.11383467982176462
cell589	0.08197626226673535
cell590	0.44820818068397544
cell591	0.11883344832638108
cell592	0.31348688159167715
cell593	0.7144978330691192
cell594	0.04121689978896724
cell595	0.3885299104780576
cell596	0.5088146165807437
cell597	0.05571989290853794
cell598	0.20349209133146576
cell599	0.31829229460555025
cell600	0.034096807418566126
cell601	0.6245375715346447
cell602	0.027165252306558463
cell603	0.8656071755453675
cell604	0.013612179743895066
cell605	0.4700357471826118
cell606	0.034963930304864034
cell607	0.5607328356530474
cell608	0.48912610408995005
cell609	0.34692137909178233
cell610	0.7154274588488736
cell611	0.8269194797592266
cell612	0.022655480116442295
cell613	0.014551874745426782
cell614	0.013964211105365845
cell615	0.0033014412123707807
cell616	0.02367538693101244
cell617	0.7483719378368148
cell618	0.43692936822161443
cell619	0.49564394743525103
cell620	0.294753010386904
cell621	0.22587484763234467
cell622	0.05364561000647084
cell623	0.02082140564923304
cell624	0.5577705978357778
cell625	0.6023616432476275
cell626	0.288980681388671
cell627	0.1491866568206744
cell628	0.04052773352904101
cell629	0.5741724238442115
cell630	0.049687353648914134
cell631	0.013145818111133984
cell632	0.31473716741588187
cell633	0.03672984099881418
cell634	0.03699192427016703
cell635	0.6441791771238522
cell636	0.3031949652894586
cell637	0.46204915488051357
cell638	0.01653717065591721
cell639	0.0666496021626308
cell640	0.43163838219283057
cell641	0.03700510129915857
cell642	0.08808391073096437
cell643	0.012582306796994286
cell644	0.05198385747854452
cell645	0.032159513928221216
cell646	0.48727738471644005
cell647	0.03512446348007576
cell648	0.015338390161317085
cell649	0.05321423128033502
cell650	0.05653264746782499
cell651	0.05678417278837944
cell652	0.3774627335985684
cell653	0.9912584273019991
cell654	0.025926463950827875
cell655	0.05725852929091707
cell656	0.03701947480224885
cell657	0.2935153672723514
cell658	0.042026355658285476
cell659	0.034899138822301355
cell660	0.7595132025648303
cell661	0.012900771061835877
cell662	0.3172793369658177
cell663	0.05403248157169926
cell664	0.32752546779744746
cell665	0.05107498010466887
cell666	0.5767870585980002
cell667	0.43395345673233354
cell668	0.6252608628638658
cell669	0.20064571381647436
cell670	0.03262968244021499
cell671	0.032225887909718344
cell672	0.016843639221749
cell673	0.8434169867334936
cell674	0.032281995520242385
cell675	0.4859818456941417
cell676	0.0533920324954204
cell677	0.03945293696301296
cell678	0.03387802635543666
cell679	0.03814925474609232
cell680	0.6079890141263219
cell681	0.034359933569255034
cell682	0.2905821320858669
cell683	0.374769579324299
cell684	0.9852664621351452
cell685	0.3682884352365889
cell686	0.03310414405015118
cell687	0.8433157874973432
cell688	0.03760665692471139
cell689	0.3152694691353169
cell690	0.6637333289994973
cell691	0.5079069739762251
cell692	0.49096407396794334
cell693	0.015052738021419891
cell694	0.024348054834290412
cell695	0.040828153817856
cell696	0.04073075188058954
cell697	0.04753528896731318
cell698	0.8357266621800041
cell699	0.07367648063041861
cell700	0.08260698435248705
cell701	0.04121716831817627
cell702	0.03449839148485918
cell703	0.5221759913198483
cell704	0.016516646525952628
cell705	0.43070528748511283
cell706	0.032331425842677876
cell707	0.03511292343935034
cell708	0.039296695992137344
cell709	0.023854542251010812
cell710	0.7519050848383577
cell711	0.036726223819987386
cell712	0.0159541096593378
cell713	0.04053492112549855
cell714	0.014588470510891733
cell715	0.3189867348720356
cell716	0.032416406964209304
cell717	0.2880650238195941
cell718	0.49246344953540244
cell719	0.03061209905386751
cell720	0.042465314792484
cell721	0.04198923554229646
cell722	0.18627159903509763
cell723	0.04017641711679339
cell724	0.04587523084473008
cell725	0.019448532810519628
cell726	0.05169840697105842
cell727	0.036380839998351205
cell728	0.37739453251933536
cell729	0.03296154891865239
cell730	0.03856863107094416
cell731	0.6957851864254878
cell732	0.037873379216347855
cell733	0.15776956721641097
cell734	0.033237953812823816
cell735	0.4842939566721707
cell736	0.06856703806347224
cell737	0.9977373429199478
cell738	0.4189807776181434
cell739	0.44967830283785865
cell740	0.016102614863080247
cell741	0.05832434869328516
cell742	0.030640960470751953
cell743	0.9921800770021205
cell744	0.4674974147629948
cell745	0.4083670591320009
cell746	0.03580138188002015
cell747	0.052547981298108476
cell748	0.0543961343765018
cell749	0.042921734147971916
cell750	0.2579061424252118
cell751	0.039625901304863105
cell752	0.6277167648374213
cell753	0.057998519634976826
cell754	0.027827087835359966
cell755	0.05580489642300321
cell756	0.03343031145776031
cell757	0.2164459369809804
cell758	0.6263012082146484
cell759	0.024472272804283695
cell760	0.10506333733861299
cell761	0.2552525357913042
cell762	0.09955865273744388
cell763	0.524025655159133
cell764	0.04215904872533622
cell765	0.013925128535887272
cell766	0.023417501824021664
cell767	0.05171534235000975
cell768	0.05245494092977307
cell769	0.6605628673182276
cell770	0.24471787216013596
cell771	0.01679769508092531
cell772	0.09957871545666516
cell773	0.30512357726858386
cell774	0.053622668568649126
cell775	0.8775171143501381
cell776	0.05294980838651812
cell777	0.01888123349091455
cell778	0.04731760435749981
cell779	0.4807636806699083
cell780	0.01871278395342583
cell781	0.01913323934486684
cell782	0.019162403507894044
cell783	0.5428792647192354
cell784	0.04092453479369177
cell785	0.01807735459720939
cell786	0.03799700846190086
cell787	0.42746438570032197
cell788	0.029759234884712157
cell789	0.5564974048209234
cell790	0.007497233737725838
cell791	0.0232675521495222
cell792	0.01964998029586591
cell793	0.3854862521758037
cell794	0.039557338391155696
cell795	0.030471699276151596
cell796	0.03828363582620681
cell797	0.03702545366865415
cell798	0.054705563757739745
cell799	0.29008681646984874
cell800	0.024174627502057067
cell801	0.4803980686852949
cell802	0.5234267635039722
cell803	0.11184348068430815
cell804	0.0346702196320824
cell805	0.8630427509261407
cell806	0.5178154615506697
cell807	0.03687736304054613
cell808	0.0763791049094166
cell809	0.6629383799597472
cell810	0.4426504499157368
cell811	0.03979217621208666
cell812	0.6597236612191367
cell813	0.006022208872075405
cell814	0.4406455666484398
cell815	0.019044310431491834
cell816	0.9967955125635483
cell817	0.1468905664378479
cell818	0.8429224849404088
cell819	0.014326773065812771
cell820	0.02940402415329008
cell821	0.0030186924045709613
cell822	0.014741965297011774
cell823	0.4110031485718135
cell824	0.6722872263095406
cell825	0.05433948085849429
cell826	0.04287445830832895
cell827	0.8660233663192067
cell828	0.27963067369245703
cell829	0.04776278893318491
cell830	0.6557275830380475
cell831	0.03647853780707775
cell832	0.016054664017219517
cell833	0.03534266357034201
cell834	0.040226743932298956
cell835	0.039816848362347654
cell836	0.04145160713685605
cell837	0.05406585292952436
cell838	0.8504679867659933
cell839	0.5961802571711986
cell840	0.4622702399596738
cell841	0.5551930651728559
cell842	0.02550964616227896
cell843	0.30927795772368744
cell844	0.3175913944473535
cell845	0.07772353242162824
cell846	0.04563898102677905
cell847	0.040225794614881696
cell848	0.04055261773302475
cell849	0.5620227014163803
cell850	0.04120527391543692
cell851	0.09897631345591917
cell852	0.05466799053169462
cell853	0.46791868782030505
cell854	0.5116574233719609
cell855	0.31697351157556825
cell856	0.01648298574643401
cell857	0.6278253526259161
cell858	0.02766017551261634
cell859	0.37878909461036814
cell860	0.0446800643694285
cell861	0.7623303536624454
cell862	0.02611342041732765
cell863	0.5240810885794076
cell864	0.024451878375690787
cell865	0.03477475688911731
cell866	0.33079407379294967
cell867	0.3164912914831477
cell868	0.6170634228081524
cell869	0.037328663282852254
cell870	0.03680874616502167
cell871	0.3593309340393539
cell872	0.8303120831138864
cell873	0.04326642419616131
cell874	0.014369452230042835
cell875	0.05382709537609302
cell876	0.0416093326256666
cell877	0.02795309586042891
cell878	0.6199566023258564
cell879	0.04111400315308396
cell880	0.0374700187912075
cell881	0.9387467943307941
cell882	0.7563462706626423
cell883	0.014340426385407569
cell884	0.014101399433471547
cell885	0.03514981364179206
cell886	0.6883860618801924
cell887	0.320726716899169
cell888	0.05335735558977193
cell889	0.03450448417506903
cell890	0.47388554037347647
cell891	0.053135092502128486
cell892	0.03844013104187153
cell893	0.7701520200917382
cell894	0.03803862805635231
cell895	0.0415701138521285
cell896	0.9864089858892161
cell897	0.07721158645963781
cell898	0.012542022993976191
cell899	0.3692185587910705
cell900	0.12710447255034296
cell901	0.4549436883580018
cell902	0.017721089991195708
cell903	0.05357929114494308
cell904	0.014231111722218434
cell905	0.31429205797698023
cell906	0.0397744136144188
cell907	0.8434510362519226
cell908	0.010374737170135616
cell909	0.052795445212030855
cell910	0.05383461766908319
cell911	0.023648448034773464
cell912	0.03746636391226901
cell913	0.016934432413131063
cell914	0.03804838483239984
cell915	0.363235763513885
cell916	0.055418901793934355
cell917	0.03567909261356987
cell918	0.03712075403331159
cell919	0.3058061258645718
cell920	0.6374308431373918
cell921	0.5193972961324541
cell922	0.06882165658746009
cell923	0.03829635089447185
cell924	0.03673534406929547
cell925	0.717480240695555
cell926	0.05582000732004503
cell927	0.036490747325762414
cell928	0.7455626429733907
cell929	0.2925798558724076
cell930	0.47271258615467127
cell931	0.045381574094055945
cell932	0.32512278143770784
cell933	0.038639203553640644
cell934	0.04369357588618402
cell935	0.8499205884254609
cell936	0.03811623232290889
cell937	0.8312721691197714
cell938	0.01705451729663001
cell939	0.01576672758726054
cell940	0.019732316650418476
cell941	0.09602851040962695
cell942	0.05452150906746489
cell943	0.2952126608365249
cell944	0.38043136485137186
cell945	0.48573320509873497
cell946	0.7182633162876791
cell947	0.03751860355428854
cell948	0.03465418362673625
cell949	0.025910780682835644
cell950	0.09735131807816183
cell951	0.02459941561676316
cell952	0.9836799592259788
cell953	0.25951798356099604
cell954	0.014137270636416913
cell955	0.057026439554450414
cell956	0.05084798250035957
cell957	0.02349658474446429
cell958	0.0528664739290685
cell959	0.08932364182766386
cell960	0.3816294283175683
cell961	0.02531669197439009
cell962	0.03396699454243688
cell963	0.3145074050648784
cell964	0.03708831335759311
cell965	0.1023376660268143
cell966	0.02214614195693106
cell967	0.7434683059433956
cell968	0.3155596632409083
cell969	0.8287412287680412
cell970	0.04314523446820485
cell971	0.011457915273125703
cell972	0.35928699970107725
cell973	0.47949044773932287
cell974	0.026139057513774284
cell975	0.049391339064442534
cell976	0.8245976156055893
cell977	0.03902708914294799
cell978	0.7436163505890668
cell979	0.11402089084834037
cell980	0.0322658946362023
cell981	0.23774922381903307
cell982	0.050953253302540906
cell983	0.02454706419802955
cell984	0.03787168079017261
cell985	0.9930328989569491
cell986	0.2881384260623749
cell987	0.5062509447812756
cell988	0.7471617713300588
cell989	0.03623795005177532
cell990	0.016344293559388066
cell991	0.07420228405324876
cell992	0.7771209433796531
cell993	0.6027518524177103
cell994	0.034565681242931995
cell995	0.0847287524171126
cell996	0.9846808782921582
cell997	0.02683786868501352
cell998	0.05613801258044956
cell999	0.019235310830718007
cell1000	0.4464100621680897
cell1001	0.05789868579373886
cell1002	0.9221440689496467
cell1003	0.4520518318320351
cell1004	0.03728433602461185
cell1005	0.5152595073724038
cell1006	0.31036577141932215
cell1007	0.5142538220070729
cell1008	0.5124680806650492
cell1009	0.026570644244061314
cell1010	0.3236268068357951
cell1011	0.07187304267282914
cell1012	0.41991853920382954
cell1013	0.04096354863641245
cell1014	0.05412452016399248
cell1015	0.2939846696311796
cell1016	0.04819738311483749
cell1017	0.3165996946688954
cell1018	0.8549849990553554
cell1019	0.02355528212231056
cell1020	0.5042220255031227
cell1021	0.6029382925169635
cell1022	0.31740879560849783
cell1023	0.40806872847448306
cell1024	0.016211537618428935
cell1025	0.6049113265782592
cell1026	0.6872855363540997
cell1027	0.015565364358877943
cell1028	0.04040772171638825
cell1029	0.848585220220276
cell1030	0.6315018408716061
cell1031	0.012605271265622896
cell1032	0.2868749184269808
cell1033	0.48294133792045413
cell1034	0.04208067979182545
cell1035	0.3072756779775891
cell1036	0.013139772346674254
cell1037	0.5182333794607453
cell1038	0.04120057032311058
cell1039	0.05237654994027467
cell1040	0.3241491774488656
cell1041	0.7102600144604192
cell1042	0.01650445302558907
cell1043	0.04225396384850455
cell1044	0.04213970331145664
cell1045	0.05055077834920713
cell1046	0.018054027072067207
cell1047	0.692979470983116
cell1048	0.050548436910365924
cell1049	0.0311837038330515
cell1050	0.057365974734358255
cell1051	0.03476790692824312
cell1052	0.3049173837516891
cell1053	0.014014080741803528
cell1054	0.17248849148619452
cell1055	0.0003058739242029592
cell1056	0.03506284115228975
cell1057	0.03881679193227868
cell1058	0.7443786956418323
cell1059	0.02498166016815062
cell1060	0.03460675550848813
cell1061	0.05593738365114371
cell1062	0.7746521168665387
cell1063	0.0380158180579479
cell1064	0.43762272028057136
cell1065	0.04200174590694279
cell1066	0.04947658593004501
cell1067	0.041470889612359736
cell1068	0.016243003660067628
cell1069	0.315488528105937
cell1070	0.04171951191693786
cell1071	0.4654531820601057
cell1072	0.5284579833793542
cell1073	0.4839727493956367
cell1074	0.9931155337023263
cell1075	0.05400899456846025
cell1076	0.03010168130961909
cell1077	0.5083150695173811
cell1078	0.040951627688400244
cell1079	0.04013918334969821
cell1080	0.03435270957562479
cell1081	0.316280212736206
cell1082	0.016419984039395114
cell1083	0.31330351300686454
cell1084	0.9814875261506217
cell1085	0.02390941741906683
cell1086	0.02089276229641818
cell1087	0.030714494282029513
cell1088	0.010440339674247479
cell1089	0.49029699523965886
cell1090	0.478290544636356
cell1091	0.03322044326226559
cell1092	0.014127176290985005
cell1093	0.055874602624937764
cell1094	0.016542509942648404
cell1095	0.019342012375026873
cell1096	0.3718681781789831
cell1097	0.30546733134249676
cell1098	0.016178681136903687
cell1099	0.02770848043553651
cell1100	0.012525797957168364
cell1101	0.02550964616227896
cell1102	0.0010746498603215649
cell1103	0.32973182768734455
cell1104	0.318871385784395
cell1105	0.015883495218876807
cell1106	0.2885319505884665
cell1107	0.30469671519863234
cell1108	0.10876473871546442
cell1109	0.03775863182960234
cell1110	0.30791071241787715
cell1111	0.04124973334682895
cell1112	0.7825992027036964
cell1113	0.42086635270730927
cell1114	0.47692393574221487
cell1115	0.3330546241007515
cell1116	0.03709189278073978
cell1117	0.017004632469968587
cell1118	0.02391795956726406
cell1119	0.263276656461029
cell1120	0.22860051728797745
cell1121	0.006820800940471251
cell1122	0.0159628527888535
cell1123	0.3095116622423856
cell1124	0.6302274232354553
cell1125	0.1593556740930974
cell1126	0.4893634038959083
cell1127	0.03656850352624256
cell1128	0.05319190307056275
cell1129	0.016346820234372998
cell1130	0.06764950197562862
cell1131	0.3022199347233133
cell1132	0.389526192769831
cell1133	0.037439100214705354
cell1134	0.03136249452384955
cell1135	0.02229620848870773
cell1136	0.013042614661020255
cell1137	0.05444290177770007
cell1138	0.003915813712112594
cell1139	0.4327754783729872
cell1140	0.21554141058352438
cell1141	0.03890463051108244
cell1142	0.03884671568081214
cell1143	0.04185072977405791
cell1144	0.03857636664901771
cell1145	0.5597938350993219
cell1146	0.29513905420860004
cell1147	0.9946821955087032
cell1148	0.45370373931000674
cell1149	0.023280505021492356
cell1150	0.01683771794422957
cell1151	0.024010260466094932
cell1152	0.051680837923072646
cell1153	0.03852351054242152
cell1154	0.754988329784943
cell1155	0.004756964993765923
cell1156	0.03541459138161331
cell1157	0.6715222973621695
cell1158	0.03687603433792633
cell1159	0.04643400322705131
cell1160	0.6387942396463179
cell1161	0.0370919818427311
cell1162	0.31652455161592646
cell1163	0.05350462356554799
cell1164	0.01680498451466867
cell1165	0.05176335291820047
cell1166	0.025643245337159545
cell1167	0.012616433047611696
cell1168	0.017031406792668288
cell1169	0.7522695040423444
cell1170	0.01819499750264566
cell1171	0.4804306775131244
cell1172	0.014714848751775563
cell1173	0.45645589392690644
cell1174	0.21526240423263893
cell1175	0.02405984643415848
cell1176	0.024588566380779595
cell1177	0.021258743540689223
cell1178	0.029792553182094447
cell1179	0.06727424082874772
cell1180	0.5135645393780801
cell1181	0.03853770586759952
cell1182	0.07061457702719134
cell1183	0.44116106362887675
cell1184	0.033771999190698676
cell1185	0.750404347030851
cell1186	0.01994862712541913
cell1187	0.9849778282932801
cell1188	0.20094301654815702
cell1189	0.022780741773589294
cell1190	0.05800583948162952
cell1191	0.05566891134950274
cell1192	0.016170748995108047
cell1193	0.03917955719156682
cell1194	0.033911370524646205
cell1195	0.03541885521545009
cell1196	0.018817706502885376
cell1197	0.057651580635538935
cell1198	0.25212004071424515
cell1199	0.6305473291497267
cell1200	0.037641491268739696
cell1201	0.2959969245372187
cell1202	0.06789025147117711
cell1203	0.43302279280287803
cell1204	0.04014233220278221
cell1205	0.5657305678817047
cell1206	0.023585427318518176
cell1207	0.014046026803499694
cell1208	0.0376393771486519
cell1209	0.013680662644641505
cell1210	0.3156937068743907
cell1211	0.014665457386648017
cell1212	0.04206104986439918
cell1213	0.0227397459782964
cell1214	0.09267958825336682
cell1215	0.6141997272566428
cell1216	0.03095049727673768
cell1217	0.014525144405097041
cell1218	0.6630701171790336
cell1219	0.4666874267020911
cell1220	0.05558954111803288
cell1221	0.033171375070230484
cell1222	0.03853389068084403
cell1223	0.04175823288696353
cell1224	0.31815629398418555
cell1225	0.556287914181245
cell1226	0.05517115162964634
cell1227	0.026753744611175082
cell1228	0.5028324666976058
cell1229	0.013556015182978129
cell1230	0.009293387586938895
cell1231	0.48052937291237957
cell1232	0.019481645325111218
cell1233	0.3985600792742176
cell1234	0.04045922779150516
cell1235	0.042305936842039406
cell1236	0.032787787191782845
cell1237	0.960634179202227
cell1238	0.10212965890351876
cell1239	0.03770717387201601
cell1240	0.5915516172326727
cell1241	0.3206579195317498
cell1242	0.038546587497674006
cell1243	0.2874857724367377
cell1244	0.7407840378114275
cell1245	0.49915745779684645
cell1246	0.017310514908187195
cell1247	0.06840144824302531
cell1248	0.03138874516336955
cell1249	0.7433713569870624
cell1250	0.48539783741834264
cell1251	0.04868798955358294
cell1252	0.008650523312474834
cell1253	0.03328741561057698
cell1254	0.289421676811414
cell1255	0.01335002716387143
cell1256	0.5047225265828248
cell1257	0.7748250751730347
cell1258	0.055527719779266196
cell1259	0.033205871085533016
cell1260	0.2558499035256526
cell1261	0.21002164412988544
cell1262	0.4818811548093845
cell1263	0.02541123137751998
cell1264	0.06767941778360813
cell1265	0.07526797128025738
cell1266	0.016101056172608423
cell1267	0.5963190048140868
cell1268	0.018936375642000326
cell1269	0.9886239942101195
cell1270	0.04926335294850485
cell1271	0.0386911148251506
cell1272	0.05278121839733451
cell1273	0.06854349947020927
cell1274	0.10950395125453144
cell1275	0.5244308622521012
cell1276	0.039394671895569576
cell1277	0.03005211637129821
cell1278	0.03516956996391938
cell1279	0.020794084557585413
cell1280	0.06992214801498166
cell1281	0.025179640580386412
cell1282	0.034748849761329206
cell1283	0.44595888675730644
cell1284	0.43245758112397176
cell1285	0.29322047869130546
cell1286	0.039864976340595666
cell1287	0.6520957134736639
cell1288	0.052362837223827424
cell1289	0.04145176721826704
cell1290	0.7053004737047353
cell1291	0.3244274520301622
cell1292	0.43418179825964653
cell1293	0.02532135543908702
cell1294	0.039535579381063515
cell1295	0.2980643218330963
cell1296	0.9883025782146095
cell1297	0.029528141479715594
cell1298	0.10346076484795683
cell1299	0.764658044134011
cell1300	0.5125170617853823
cell1301	0.543884456738738
cell1302	0.05322570434122116
cell1303	0.054241108013637226
cell1304	0.004672482630026636
cell1305	0.07105902645032174
cell1306	0.023059761549177975
cell1307	0.06634582169442181
cell1308	0.22173516464783127
cell1309	0.5376842035889863
cell1310	0.037191972161514875
cell1311	0.20458336701725463
cell1312	0.033545485053920014
cell1313	0.7424640070677407
cell1314	0.06692317932771152
cell1315	0.009411506406594933
cell1316	0.04213969744521437
cell1317	0.6806499214886824
cell1318	0.036027306872890165
cell1319	0.04619643991914675
cell1320	0.014332116167110867
cell1321	0.041445809903562704
cell1322	0.03712673660200451
cell1323	0.05399403878479828
cell1324	0.041589357339563544
cell1325	0.28448448886156696
cell1326	0.012116941390210552
cell1327	0.044700975841263965
cell1328	0.01688522576486457
cell1329	0.019188767093382363
cell1330	0.3599777508123915
cell1331	0.03574652926767949
cell1332	0.9540896568404567
cell1333	0.7513142161807541
cell1334	0.8549849990553554
cell1335	0.01948611747195881
cell1336	0.01860720882798048
cell1337	0.03953651750214855
cell1338	0.01616873609426954
cell1339	0.03131544662227553
cell1340	0.03769570798981359
cell1341	0.04115897640688357
cell1342	0.018650687703914395
cell1343	0.05715072037482042
cell1344	0.013142231537334449
cell1345	0.017754677418508003
cell1346	0.4518148782451107
cell1347	0.001432102531733914
cell1348	0.05129223780522902
cell1349	0.6163817514704452
cell1350	0.7810658221720125
cell1351	0.017024285996261036
cell1352	0.3722859766677597
cell1353	0.04681860895865224
cell1354	0.7490700375804322
cell1355	0.03643676069174183
cell1356	0.050470047344566726
cell1357	0.02663435508871305
cell1358	0.4815032706034157
cell1359	0.303413638171233
cell1360	0.03528567239412554
cell1361	0.6295025124026374
cell1362	0.5083191751211035
cell1363	0.40811958543229665
cell1364	0.3940391737446997
cell1365	0.03495462405867881
cell1366	0.522226012126718
cell1367	0.015583279894170663
cell1368	0.037200611538242855
cell1369	0.5366084711860437
cell1370	0.6752104897043617
cell1371	0.07396575904604846
cell1372	0.053211433759528186
cell1373	0.3169331312515578
cell1374	0.38629612366769195
cell1375	0.03479382650598577
cell1376	0.03773818329487571
cell1377	0.43984470216725086
cell1378	0.013259282636019906
cell1379	0.2896855233504984
cell1380	0.3039353095864222
cell1381	0.33470695418118446
cell1382	0.04096082637113979
cell1383	0.016853348384862032
cell1384	0.037774285178368845
cell1385	0.2904122533708499
cell1386	0.39838857376273273
cell1387	0.03691082655356941
cell1388	0.056151919563109026
cell1389	0.04990954690342647
cell1390	0.6282771168973562
cell1391	0.034923149844520524
cell1392	0.014283823163760978
cell1393	0.2587319263353636
cell1394	0.9891645345876893
cell1395	0.27767714460843684
cell1396	0.011163711328250015
cell1397	0.4757997210633616
cell1398	0.2959216491464525
cell1399	0.0808706730141547
cell1400	0.05478966083401872
cell1401	0.032920863537180656
cell1402	0.09272341396777542
cell1403	0.038957903972036696
cell1404	0.05377424325381918
cell1405	0.03749455710002466
cell1406	0.4608687195902134
cell1407	0.024824818428055024
cell1408	0.02347010428661353
cell1409	0.2901970602178704
cell1410	0.9447443142008696
cell1411	0.0494605802675204
cell1412	0.03634073079728117
cell1413	0.7368248885025858
cell1414	0.32678865327780765
cell1415	0.008153146625080989
cell1416	0.3136033741140891
cell1417	0.024566940306109588
cell1418	0.34034916189659903
cell1419	0.4815553915701937
cell1420	0.28789149274450654
cell1421	0.0322407965932782
cell1422	0.014045964898852849
cell1423	0.7573929478156888
cell1424	0.31821234232215356
cell1425	0.023701811559173235
cell1426	0.0036377225632266254
cell1427	0.30089978711798515
cell1428	0.03457434736871531
cell1429	0.8478642953958873
cell1430	0.041550579773383355
cell1431	0.04683717371104184
cell1432	0.05346898872457347
cell1433	0.477535551929713
cell1434	0.016539554703697664
cell1435	0.7825992027036964
cell1436	0.03493427051388785
cell1437	0.09994403002758223
cell1438	0.040227181982895203
cell1439	0.026432200065227066
cell1440	0.28722335264674337
cell1441	0.04180534429339757
cell1442	0.5891490975770431
cell1443	0.3155784801976956
cell1444	0.041751774238580085
cell1445	0.03977115214853031
cell1446	0.05219505671871908
cell1447	0.04033760658590942
cell1448	0.02061180913200805
cell1449	0.3148282066263678
cell1450	0.055303844427343575
cell1451	0.6214277829336156
cell1452	0.03725744003236832
cell1453	0.051778930850998946
cell1454	0.2928264138657511
cell1455	0.6616677218482487
cell1456	0.5198183997921171
cell1457	0.31402612145185677
cell1458	0.8387169349913204
cell1459	0.04073123503258193
cell1460	0.6184323497015712
cell1461	0.016076231183807445
cell1462	0.33198463913450527
cell1463	0.10143996326647912
cell1464	0.05590367117124756
cell1465	0.052186092072446316
cell1466	0.01440199968311988
cell1467	0.2652453829478859
cell1468	0.03820429989071441
cell1469	0.015971449983857026
cell1470	0.09565671935600285
cell1471	0.04093903308156939
cell1472	0.05418650845300365
cell1473	0.22384590078938768
cell1474	0.032396503447956
cell1475	0.03712615548922606
cell1476	0.19127063396652885
cell1477	0.0336385684203727
cell1478	0.054201315735989256
cell1479	0.8730115118551448
cell1480	0.03688649870438806
cell1481	0.7395002417154212
cell1482	0.3184365178462151
cell1483	0.3192346060916355
cell1484	0.019712609813579383
cell1485	0.4821612281684674
cell1486	0.013625383782301092
cell1487	0.46366537464446717
cell1488	0.04641823340236855
cell1489	0.014017252445425753
cell1490	0.014114091962025222
cell1491	0.009447207040451742
cell1492	0.4904769977397864
cell1493	0.029051942512533395
cell1494	0.016590509886913504
cell1495	0.03826837089430849
cell1496	0.025355492029292465
cell1497	0.7546986956756001
cell1498	0.016781190423811345
cell1499	0.14657542089774228
cell1500	0.3999696316733118
cell1501	0.02792087625427784
cell1502	0.03687714179096779
cell1503	0.018504318994177142
cell1504	0.32537502300210164
cell1505	0.47553287232488245
cell1506	0.04307710672235107
cell1507	0.020674799226057403
cell1508	0.48170073564299665
cell1509	0.2968535817493416
cell1510	0.43650215408254694
cell1511	0.026992327464668397
cell1512	0.8474973954167248
cell1513	0.7825992027036964
cell1514	0.016396900304198738
cell1515	0.035211246608047274
cell1516	0.038191819770596984
cell1517	0.034790293122010936
cell1518	0.020559838918406913
cell1519	0.035879704232240725
cell1520	0.5462794590739609
cell1521	0.32408379886437816
cell1522	0.5182003390283981
cell1523	0.1742890910727664
cell1524	0.033109503195116644
cell1525	0.0411696207077633
cell1526	0.4885079997831172
cell1527	0.027992532937524454
cell1528	0.01409365665138537
cell1529	0.17098967699928572
cell1530	0.47384727380583636
cell1531	0.6105810073403054
cell1532	0.03734284984440681
cell1533	0.050821481610746365
cell1534	0.7510325212926589
cell1535	0.03300600626756743
cell1536	0.467244377245689
cell1537	0.05337416155690466
cell1538	0.10081846027078124
cell1539	0.2929853449912324
cell1540	0.011569087923920515
cell1541	0.05990851548539455
cell1542	0.4845507868282829
cell1543	0.03262788825875742
cell1544	0.5154396651528637
cell1545	0.053127840233743506
cell1546	0.351312810690733
cell1547	0.01906239968980213
cell1548	0.3191097114297128
cell1549	0.036432179691359645
cell1550	0.03750387991990617
cell1551	0.01629533597780165
cell1552	0.308090411068536
cell1553	0.37515455287537264
cell1554	0.31755836568255086
cell1555	0.01640593369715883
cell1556	0.056409898824029706
cell1557	0.3825156964870105
cell1558	0.6394851167377993
cell1559	0.037315561503651014
cell1560	0.03574908338049295
cell1561	0.4365993359976921
cell1562	0.019513127930868443
cell1563	0.014412586602558924
cell1564	0.03748635948612051
cell1565	0.015898341698950533
cell1566	0.4202348734250842
cell1567	0.2975291020061141
cell1568	0.02305240954728771
cell1569	0.9071931914932507
cell1570	0.19131055381408602
cell1571	0.5050204154118286
cell1572	0.03802334986174174
cell1573	0.29105448840850395
cell1574	0.016619375288459252
cell1575	0.39858670843964245
cell1576	0.027591426094262173
cell1577	0.4530194864135398
cell1578	0.6049113265782592
cell1579	0.0036807600958425734
cell1580	0.012493236409599493
cell1581	0.023598419214714745
cell1582	0.017865608737960184
cell1583	0.022679028269147097
cell1584	0.4555413498082045
cell1585	0.37698786244357857
cell1586	0.029076274673827465
cell1587	0.24076485384067337
cell1588	0.7553426643975519
cell1589	0.0377087447872003
cell1590	0.019747720109436064
cell1591	0.017345379214733777
cell1592	0.020150532059195085
cell1593	0.03680854528505705
cell1594	0.02628443231405334
cell1595	0.017946067405180184
cell1596	0.018134607078664107
cell1597	0.025513358361378035
cell1598	0.74352205392219
cell1599	0.037215181849688576
cell1600	0.8552917666394716
cell1601	0.8467648015079271
cell1602	0.0388710924892094
cell1603	0.01582533159550251
cell1604	0.05363819048773502
cell1605	0.9804215468361839
cell1606	0.8275901289805109
cell1607	0.012044828674060277
cell1608	0.3126751503696606
cell1609	0.9130038834476435
cell1610	0.9867980673032292
cell1611	0.026651672368222197
cell1612	0.2875664180964474
cell1613	0.03323794435796331
cell1614	0.6568813734929232
cell1615	0.040381463061471654
cell1616	0.10376149196024781
cell1617	0.747287182103378
cell1618	0.9819241419118373
cell1619	0.0405915858739029
cell1620	0.5149105243084193
cell1621	0.32021467407476595
cell1622	0.29406130851607615
cell1623	0.48047861089866334
cell1624	0.234424793675975
cell1625	0.44034389227986587
cell1626	0.11290760340145387
cell1627	0.9933635043333026
cell1628	0.014313459560285036
cell1629	0.041666762844982955
cell1630	0.7764198013253873
cell1631	0.054730488358015576
cell1632	0.27502589030981933
cell1633	0.482165120121374
cell1634	0.04098833169517856
cell1635	0.03837421165139925
cell1636	0.9982898324202797
cell1637	0.03583708196056864
cell1638	0.029817279600689316
cell1639	0.2603482837884321
cell1640	0.036881963468561284
cell1641	0.3148731487874813
cell1642	0.7412920311367172
cell1643	0.016081636403447067
cell1644	0.007116674009503069
cell1645	0.0457288420770539
cell1646	0.05508394279501264
cell1647	0.6332502828410337
cell1648	0.019927430770725823
cell1649	0.025364017286971758
cell1650	0.04675827958544751
cell1651	0.034770449395491634
cell1652	0.29020639160416173
cell1653	0.7550688542278389
cell1654	0.38053204168805593
cell1655	0.03211054754345225
cell1656	0.03717876611742744
cell1657	0.01680836322155645
cell1658	0.24609266076394465
cell1659	0.024983460007350064
cell1660	0.02589094202653958
cell1661	0.007364154153385009
cell1662	0.07836088850288934
cell1663	0.380195846379296
cell1664	0.06742856858386788
cell1665	0.4635502794008357
cell1666	0.014753407262384326
cell1667	0.2928738539854246
cell1668	0.4902744224299719
cell1669	0.035363033080954835
cell1670	0.016610895898345517
cell1671	0.04118141318039801
cell1672	0.03456192339216529
cell1673	0.4797100596701057
cell1674	0.2902770980577982
cell1675	0.0495582766421832
cell1676	0.3149731904132542
cell1677	0.4920582036732414
cell1678	0.019486339868286306
cell1679	0.041706494361023534
cell1680	0.2948202142994836
cell1681	0.9747247411172942
cell1682	0.628204288059663
cell1683	0.06854343031634691
cell1684	0.032593172205629434
cell1685	0.4065250326902736
cell1686	0.6370743862778333
cell1687	0.5786041416548958
cell1688	0.6124052256029766
cell1689	0.6609274209525624
cell1690	0.9861482681091984
cell1691	0.05566726086754088
cell1692	0.05426276772548496
cell1693	0.03350160908638628
cell1694	0.04403318928324859
cell1695	0.30779688928131965
cell1696	0.05018928399986521
cell1697	0.1180679083150278
cell1698	0.3821764616722607
cell1699	0.01926431258239261
cell1700	0.49807544981552276
cell1701	0.016944568937590897
cell1702	0.5596346542964241
cell1703	0.48938517732714776
cell1704	0.6145817392546229
cell1705	0.12660826124633573
cell1706	0.5204344692651491
cell1707	0.03580146566100116
cell1708	0.037438602654884204
cell1709	0.3802213782876997
cell1710	0.033954938958560915
cell1711	0.1828232980683135
cell1712	0.5648214992832269
cell1713	0.3865908672564753
cell1714	0.05634416859414077
cell1715	0.485012611792385
cell1716	0.19031515515926722
cell1717	0.3162260999426957
cell1718	0.31849957966625253
cell1719	0.05494675833482742
cell1720	0.37883302399762914
cell1721	0.04009277865122521
cell1722	0.2938315349110526
cell1723	0.2881559742142762
cell1724	0.8589461497648274
cell1725	0.5222795802929163
cell1726	0.4688598495386836
cell1727	0.3135796914091232
cell1728	0.5253501224683155
cell1729	0.29351418473522123
cell1730	0.09596795227850724
cell1731	0.02975976232405383
cell1732	0.29947236038050246
cell1733	0.49323138239536973
cell1734	0.5177249750926348
cell1735	0.4876537423719354
cell1736	0.46791868782030505
cell1737	0.505076643006053
cell1738	0.051978818342566256
cell1739	0.5179307205617893
cell1740	0.29943120903535464
cell1741	0.44255727235255604
cell1742	0.020565089386390532
cell1743	0.3045868234453079
cell1744	0.09353772714479398
cell1745	0.03896888804925783
cell1746	0.6978363160153345
cell1747	0.038153836866094595
cell1748	0.054509601915071516
cell1749	0.026617622336363916
cell1750	0.49989955722436713
cell1751	0.9927523120278802
cell1752	0.5137475897590664
cell1753	0.8971272041788644
cell1754	0.00472026498479655
cell1755	0.011588563696019726
cell1756	0.5935939774376616
cell1757	0.05413971118339714
cell1758	0.9886779275860718
cell1759	0.030442058569106038
cell1760	0.7502136867509832
cell1761	0.584416688036307
cell1762	0.01553750895308549
cell1763	0.02314948438997543
cell1764	0.03719930651490537
cell1765	0.4514007496613437
cell1766	0.9828971654697134
cell1767	0.7047127720036604
cell1768	0.3814917644549003
cell1769	0.06572255841812397
cell1770	0.9447443142008696
cell1771	0.7456418062038054
cell1772	0.2893974363151547
cell1773	0.2875251398221461
cell1774	0.03658846117704251
cell1775	0.034409130692895744
cell1776	0.040335432079503956
cell1777	0.7459274298340083
cell1778	0.020924226440191908
cell1779	0.28126537757869874
cell1780	0.7242317153579207
cell1781	0.44953475761909795
cell1782	0.6009604245378629
cell1783	0.05218173776933052
cell1784	0.040547750392810056
cell1785	0.43395345673233354
cell1786	0.8019954005773412
cell1787	0.04186742258738332
cell1788	0.05272466288466512
cell1789	0.04000145222686384
cell1790	0.23877028795753824
cell1791	0.05305193445545584
cell1792	0.024071455270536675
cell1793	0.05677336818381351
cell1794	0.0017277339395948507
cell1795	0.10071097426491353
cell1796	0.016059668122390867
cell1797	0.28716392706959215
cell1798	0.016479175925057668
cell1799	0.9950191561959724
cell1800	0.036904966231533776
cell1801	0.3165507295701479
cell1802	0.038382549464254186
cell1803	0.038430302513236744
cell1804	0.3611618825101675
cell1805	0.05070328291198704
cell1806	0.4859578504278313
cell1807	0.05416302893677728
cell1808	0.5376842035889863
cell1809	0.3017179988080595
cell1810	0.022713730575498945
cell1811	0.033068081120330134
cell1812	0.2884379287365934
cell1813	0.02829432218207193
cell1814	0.03543261784755951
cell1815	0.7767552103113067
cell1816	0.02781835371296785
cell1817	0.5798302584721289
cell1818	0.05693245559661254
cell1819	0.03839270517754576
cell1820	0.4294309959524589
cell1821	0.7567757309010683
cell1822	0.6055734323845894
cell1823	0.03260030392914392
cell1824	0.37800047425707106
cell1825	0.28312688253690893
cell1826	0.025299438594145313
cell1827	0.5198949610304773
cell1828	0.016644377645231082
cell1829	0.04032023420054636
cell1830	0.9849082840220083
cell1831	0.03880155606442765
cell1832	0.0
cell1833	0.8207830423992626
cell1834	0.42663090475549037
cell1835	0.09340688881898287
cell1836	0.5101284382607305
cell1837	0.05452827314166246
cell1838	0.0407326287247114
cell1839	0.037875614804477785
cell1840	0.01787717724163902
cell1841	0.31516059995107204
cell1842	0.05752375393551166
cell1843	0.608584204069627
cell1844	0.44240647740218814
cell1845	0.034157582425871004
cell1846	0.06658320452544612
cell1847	0.119028742305886
cell1848	0.7680367812108915
cell1849	0.031966817168380075
cell1850	0.03716994040621483
cell1851	0.03722919260079318
cell1852	0.02668755900782683
cell1853	0.29042714558497257
cell1854	0.03275679571945069
cell1855	0.3853698638634631
cell1856	0.29322019552604134
cell1857	0.022671545383390227
cell1858	0.0377020386669186
cell1859	0.037679977773146266
cell1860	0.015479803449039918
cell1861	0.5047278144649433
cell1862	0.04131217777520887
cell1863	0.04141321336492256
cell1864	0.3913204553838265
cell1865	0.055866203819443176
cell1866	0.03381326701193027
cell1867	0.08684985855452157
cell1868	0.8747239261649266
cell1869	0.45845754966857316
cell1870	0.31796411127825003
cell1871	0.32385559068496467
cell1872	0.3125764951535504
cell1873	0.9876794715244508
cell1874	0.06045144542774158
cell1875	0.27371248246615787
cell1876	0.4767269354265945
cell1877	0.03428802009029189
cell1878	0.845305484824623
cell1879	0.7375028331689999
cell1880	0.17774540720232873
cell1881	0.020241762455182694
cell1882	0.7479920321823995
cell1883	0.02114419068756751
cell1884	0.05465987104679516
cell1885	0.9933339045115092
cell1886	0.04172245483583306
cell1887	0.38927301277976617
cell1888	0.024640807013204338
cell1889	0.4875526209131972
cell1890	0.025940259295540953
cell1891	0.0345469585052732
cell1892	0.3939999405455093
cell1893	0.01854958321622794
cell1894	0.04054040694660391
cell1895	0.033833490607486305
cell1896	0.5343904154839966
cell1897	0.025962386392278294
cell1898	0.30433665955974554
cell1899	0.03849924528851751
cell1900	0.3076552428267795
cell1901	0.5726760040630873
cell1902	0.9805967611418116
cell1903	0.7793549686181414
cell1904	0.02500823374941771
cell1905	0.5586562049977276
cell1906	0.31413825299033865
cell1907	0.03760095301307498
cell1908	0.4762236770514222
cell1909	0.05299441368834973
cell1910	0.05392851577652806
cell1911	0.0006518342876689428
cell1912	0.024545745745323345
cell1913	0.47355339667833635
cell1914	0.014016822194572951
cell1915	0.30982823375932117
cell1916	0.2921089424716643
cell1917	0.48475675642398114
cell1918	0.29421726157797773
cell1919	0.5445966931350961
cell1920	0.03470363859173378
cell1921	0.6148760563867708
cell1922	0.2849022430654785
cell1923	0.031731128196775184
cell1924	0.03860290862234127
cell1925	0.030083057548519504
cell1926	0.02538826831463205
cell1927	0.014275286123971677
cell1928	0.03832022561212447
cell1929	0.0010464844131079134
cell1930	0.3152759293427685
cell1931	0.03558493005607182
cell1932	0.041917537065423185
cell1933	0.038740941045522295
cell1934	0.021987217755814956
cell1935	0.2886587010657538
cell1936	0.018050081521152353
cell1937	0.037208451587155675
cell1938	0.8194103475078063
cell1939	0.037018594718660106
cell1940	0.4422942991823545
cell1941	0.02628014492350598
cell1942	0.036589007701915324
cell1943	0.31664250365838625
cell1944	0.033057412100772746
cell1945	0.8281342848330577
cell1946	0.03748618927678858
cell1947	0.33538295717503186
cell1948	0.04682778194191705
cell1949	0.040826363704399
cell1950	0.5061522609503801
cell1951	0.03747316926712262
cell1952	0.780882110201233
cell1953	0.05203539722314203
cell1954	0.8605742234791994
cell1955	0.5654353744828587
cell1956	0.039905564954107006
cell1957	0.04277150986603492
cell1958	0.5724524895453041
cell1959	0.04592597059105663
cell1960	0.729982533381552
cell1961	0.01620613566148372
cell1962	0.026366564793567526
cell1963	0.15706794976727956
cell1964	0.019709175074824205
cell1965	0.25518916869715397
cell1966	0.013021458602676119
cell1967	0.03745944923965128
cell1968	0.6505957221505934
cell1969	0.33446673725619586
cell1970	0.4405756779516841
cell1971	0.014703684339497316
cell1972	0.29486182747047107
cell1973	0.026276490839817927
cell1974	0.7596833593753378
cell1975	0.02590388154587619
cell1976	0.007306312530249277
cell1977	0.5099038131848576
cell1978	0.012323953252955887
cell1979	0.02615365871281402
cell1980	0.016616706048528697
cell1981	0.01619749242338954
cell1982	0.8390044582089643
cell1983	0.02639024265044887
cell1984	0.02258471707691522
cell1985	0.05398142542029196
cell1986	0.026599720651021105
cell1987	0.4790295973459228
cell1988	0.455096882803932
cell1989	0.3261586375409299
cell1990	0.021960571949502735
cell1991	0.6198715265395586
cell1992	0.5673523260404658
cell1993	0.29494916428524715
cell1994	0.8465269871372363
cell1995	0.022650174787828298
cell1996	0.03673180446961598
cell1997	0.04069170364868108
cell1998	0.05613211361698105
cell1999	0.057476305288945324
cell2000	0.03272314147872316
