	0
cell_0	0.1578788161277771
cell_1	0.1877790242433548
cell_2	0.16538302600383759
cell_3	0.15279977023601532
cell_4	0.11676044762134552
cell_5	0.1526544690132141
cell_6	0.1034538596868515
cell_7	0.10167386382818222
cell_8	0.0885031446814537
cell_9	0.08609090000391006
cell_10	0.0728127509355545
cell_11	0.07877324521541595
cell_12	0.0
cell_13	0.00041199629777111113
cell_14	0.061305299401283264
cell_15	0.06413967907428741
cell_16	0.07756990194320679
cell_17	0.08089648932218552
cell_18	0.10411462187767029
cell_19	0.09815845638513565
cell_20	0.11250882595777512
cell_21	0.11323612928390503
cell_22	0.12223956733942032
cell_23	0.11961841583251953
cell_24	0.12358895689249039
cell_25	0.12440279871225357
cell_26	0.12175663560628891
cell_27	0.11851036548614502
cell_28	0.1338711529970169
cell_29	0.12659387290477753
cell_30	0.1622479259967804
cell_31	0.15585878491401672
cell_32	0.16820088028907776
cell_33	0.1721975952386856
cell_34	0.19602981209754944
cell_35	0.18774200975894928
cell_36	0.2152063101530075
cell_37	0.23108763992786407
cell_38	0.27350956201553345
cell_39	0.2593919038772583
cell_40	0.2866865396499634
cell_41	0.285585880279541
cell_42	0.30231282114982605
cell_43	0.29414883255958557
cell_44	0.34745317697525024
cell_45	0.3555026650428772
cell_46	0.43861088156700134
cell_47	0.46762415766716003
cell_48	0.48945602774620056
cell_49	0.5251822471618652
cell_50	0.5645107626914978
cell_51	0.571821928024292
cell_52	0.622793436050415
cell_53	0.6345871090888977
cell_54	0.6695067286491394
cell_55	0.6515294909477234
cell_56	0.6888614892959595
cell_57	0.702743411064148
cell_58	0.7063522934913635
cell_59	0.7094155550003052
cell_60	0.7094200849533081
cell_61	0.7086977958679199
cell_62	0.7307851314544678
cell_63	0.7306345701217651
cell_64	0.7530046105384827
cell_65	0.7530064582824707
cell_66	0.7698844075202942
cell_67	0.7687928676605225
cell_68	0.7706512808799744
cell_69	0.7721208930015564
cell_70	0.7612252831459045
cell_71	0.7695728540420532
cell_72	0.7452582716941833
cell_73	0.7450146675109863
cell_74	0.7271358966827393
cell_75	0.7304022312164307
cell_76	0.6942204236984253
cell_77	0.6957042217254639
cell_78	0.6837782263755798
cell_79	0.682668149471283
cell_80	0.7037535309791565
cell_81	0.6946032643318176
cell_82	0.7011317014694214
cell_83	0.7006589770317078
cell_84	0.7164473533630371
cell_85	0.7139192819595337
cell_86	0.7403721809387207
cell_87	0.7344140410423279
cell_88	0.7853611707687378
cell_89	0.785343587398529
cell_90	0.7961111664772034
cell_91	0.8080263733863831
cell_92	0.812343955039978
cell_93	0.8123288750648499
cell_94	0.8148110508918762
cell_95	0.8160033822059631
cell_96	0.8373698592185974
cell_97	0.8463860750198364
cell_98	0.8597762584686279
cell_99	0.8525516390800476
cell_100	0.851195752620697
cell_101	0.8557998538017273
cell_102	0.8413285613059998
cell_103	0.8390492796897888
cell_104	0.8432385921478271
cell_105	0.8383347392082214
cell_106	0.8551907539367676
cell_107	0.8545446991920471
cell_108	0.8515815138816833
cell_109	0.8564258217811584
cell_110	0.829599916934967
cell_111	0.8401435017585754
cell_112	0.8133707642555237
cell_113	0.8098478317260742
cell_114	0.7911924123764038
cell_115	0.7873325943946838
cell_116	0.7910584807395935
cell_117	0.7834935188293457
cell_118	0.7662973999977112
cell_119	0.7774984836578369
cell_120	0.7426727414131165
cell_121	0.73984694480896
cell_122	0.6914522647857666
cell_123	0.6901218891143799
cell_124	0.7369949817657471
cell_125	0.7198120355606079
cell_126	0.7384793758392334
cell_127	0.7401201128959656
cell_128	0.737939178943634
cell_129	0.7382383346557617
cell_130	0.7279012203216553
cell_131	0.7281537652015686
cell_132	0.7195306420326233
cell_133	0.7172014117240906
cell_134	0.7049074769020081
cell_135	0.7110177874565125
cell_136	0.6483599543571472
cell_137	0.6734337210655212
cell_138	0.6571681499481201
cell_139	0.6583670377731323
cell_140	0.6590656638145447
cell_141	0.6607105135917664
cell_142	0.6497422456741333
cell_143	0.6518710255622864
cell_144	0.651912271976471
cell_145	0.6494802832603455
cell_146	0.6091135144233704
cell_147	0.6086971759796143
cell_148	0.6145135760307312
cell_149	0.6146458983421326
cell_150	0.6279253363609314
cell_151	0.6305543184280396
cell_152	0.6611434817314148
cell_153	0.6512035131454468
cell_154	0.671808660030365
cell_155	0.6679587960243225
cell_156	0.6786516904830933
cell_157	0.6874497532844543
cell_158	0.6915278434753418
cell_159	0.6908460855484009
cell_160	0.6981709599494934
cell_161	0.7002905011177063
cell_162	0.698180079460144
cell_163	0.6985652446746826
cell_164	0.6806601881980896
cell_165	0.6900494694709778
cell_166	0.6686493158340454
cell_167	0.6755003929138184
cell_168	0.6549379825592041
cell_169	0.6659156084060669
cell_170	0.6338841915130615
cell_171	0.6351971626281738
cell_172	0.6241826415061951
cell_173	0.6240560412406921
cell_174	0.6061979532241821
cell_175	0.5880975723266602
cell_176	0.5420310497283936
cell_177	0.5463857650756836
cell_178	0.536487877368927
cell_179	0.5358551144599915
cell_180	0.5297720432281494
cell_181	0.5272310972213745
cell_182	0.5094042420387268
cell_183	0.5142200589179993
cell_184	0.48652610182762146
cell_185	0.48469820618629456
cell_186	0.4969114065170288
cell_187	0.49578842520713806
cell_188	0.483538419008255
cell_189	0.47987285256385803
cell_190	0.4938293695449829
cell_191	0.508942186832428
cell_192	0.5079498291015625
cell_193	0.5177158713340759
cell_194	0.540915846824646
cell_195	0.5410916209220886
cell_196	0.5599527359008789
cell_197	0.5529860258102417
cell_198	0.5588757395744324
cell_199	0.5594474077224731
cell_200	0.5683668851852417
cell_201	0.5667060017585754
cell_202	0.6030171513557434
cell_203	0.5990797877311707
cell_204	0.6283558011054993
cell_205	0.6149619221687317
cell_206	0.6272775530815125
cell_207	0.6274020671844482
cell_208	0.6279915571212769
cell_209	0.6250635385513306
cell_210	0.6259787678718567
cell_211	0.6260897517204285
cell_212	0.6249569654464722
cell_213	0.624001681804657
cell_214	0.6158438920974731
cell_215	0.6044602394104004
cell_216	0.5968836545944214
cell_217	0.5924059152603149
cell_218	0.5846109390258789
cell_219	0.5828765034675598
cell_220	0.5717743635177612
cell_221	0.5610014200210571
cell_222	0.5843080878257751
cell_223	0.592085599899292
cell_224	0.5900565385818481
cell_225	0.5920981764793396
cell_226	0.5945965051651001
cell_227	0.5921260714530945
cell_228	0.5910859107971191
cell_229	0.5861585736274719
cell_230	0.5830427408218384
cell_231	0.5916197299957275
cell_232	0.5585219264030457
cell_233	0.5666221380233765
cell_234	0.5452579855918884
cell_235	0.5366048812866211
cell_236	0.5363737344741821
cell_237	0.535973310470581
cell_238	0.5267006158828735
cell_239	0.5213243961334229
cell_240	0.5055783987045288
cell_241	0.5027300715446472
cell_242	0.4685596823692322
cell_243	0.45509713888168335
cell_244	0.4165855944156647
cell_245	0.42552685737609863
cell_246	0.3973037898540497
cell_247	0.39563557505607605
cell_248	0.37767690420150757
cell_249	0.3897496163845062
cell_250	0.3750661015510559
cell_251	0.3722821772098541
cell_252	0.3575458824634552
cell_253	0.34122800827026367
cell_254	0.3324340879917145
cell_255	0.3385736644268036
cell_256	0.33692672848701477
cell_257	0.3373512029647827
cell_258	0.3690769672393799
cell_259	0.4164156913757324
cell_260	0.5353311896324158
cell_261	0.46731629967689514
cell_262	0.5739667415618896
cell_263	0.5997731685638428
cell_264	0.7084845304489136
cell_265	0.7077448964118958
cell_266	0.7326870560646057
cell_267	0.7319444417953491
cell_268	0.7608442902565002
cell_269	0.7575142979621887
cell_270	0.7705675363540649
cell_271	0.7731252312660217
cell_272	0.780364990234375
cell_273	0.780221164226532
cell_274	0.7787578105926514
cell_275	0.7788190245628357
cell_276	0.7705757021903992
cell_277	0.7650327682495117
cell_278	0.7593499422073364
cell_279	0.7374337911605835
cell_280	0.8134440779685974
cell_281	0.8145752549171448
cell_282	0.8304305076599121
cell_283	0.8285933136940002
cell_284	0.8350157737731934
cell_285	0.8341467976570129
cell_286	0.8707653284072876
cell_287	0.870181679725647
cell_288	0.8970960974693298
cell_289	0.8937764763832092
cell_290	0.9412886500358582
cell_291	0.9408521056175232
cell_292	0.9475565552711487
cell_293	0.956217348575592
cell_294	0.9510413408279419
cell_295	0.9529767632484436
cell_296	0.9506331086158752
cell_297	0.950935959815979
cell_298	0.9583734273910522
cell_299	0.9617010951042175
cell_300	0.9755001068115234
cell_301	0.9729501605033875
cell_302	0.9838447570800781
cell_303	0.9776076674461365
cell_304	0.9938425421714783
cell_305	1.0
cell_306	0.9949727058410645
cell_307	0.9941940307617188
cell_308	0.989082932472229
cell_309	0.9929794669151306
cell_310	0.9586060643196106
cell_311	0.9576876759529114
cell_312	0.9357537627220154
cell_313	0.9328271746635437
cell_314	0.9270350933074951
cell_315	0.9290924072265625
cell_316	0.9007751941680908
cell_317	0.9033914804458618
cell_318	0.8883983492851257
cell_319	0.8958771228790283
cell_320	0.8716520667076111
cell_321	0.8753859996795654
cell_322	0.866605818271637
cell_323	0.8683712482452393
cell_324	0.8423649668693542
cell_325	0.859021782875061
cell_326	0.8250642418861389
cell_327	0.8228570222854614
cell_328	0.8179972171783447
cell_329	0.8146548271179199
cell_330	0.867662787437439
cell_331	0.8736133575439453
cell_332	0.8825545310974121
cell_333	0.8886627554893494
cell_334	0.8901111483573914
cell_335	0.8839613199234009
cell_336	0.8777429461479187
cell_337	0.8805199861526489
cell_338	0.8739596605300903
cell_339	0.8767402768135071
cell_340	0.8548907041549683
cell_341	0.8558123111724854
cell_342	0.8180812001228333
cell_343	0.8242196440696716
cell_344	0.786485493183136
cell_345	0.7744082808494568
cell_346	0.7619903087615967
cell_347	0.7610292434692383
cell_348	0.727735698223114
cell_349	0.7281137704849243
cell_350	0.6942248940467834
cell_351	0.6799671649932861
cell_352	0.6808972358703613
cell_353	0.671898365020752
cell_354	0.6598609089851379
cell_355	0.6636053323745728
cell_356	0.6642301082611084
cell_357	0.6611589193344116
cell_358	0.6620369553565979
cell_359	0.6618523001670837
