	0	1	2
Cell_1	NA	NA	0.0
Cell_2	NA	NA	0.02996770292520523
Cell_3	NA	NA	0.0346345491707325
Cell_4	NA	NA	0.021557077765464783
Cell_5	NA	NA	0.022411487996578217
Cell_6	NA	NA	0.02170620858669281
Cell_7	NA	NA	0.022260619327425957
Cell_8	NA	NA	0.01841786503791809
Cell_9	NA	NA	0.016255449503660202
Cell_10	NA	NA	0.01769980788230896
Cell_11	NA	NA	0.018146945163607597
Cell_12	NA	NA	0.017210401594638824
Cell_13	NA	NA	0.020228059962391853
Cell_14	NA	NA	0.018457157537341118
Cell_15	NA	NA	0.02255985699594021
Cell_16	NA	NA	0.02505694329738617
Cell_17	NA	NA	0.019625607877969742
Cell_18	NA	NA	0.027976660057902336
Cell_19	NA	NA	0.022801164537668228
Cell_20	NA	NA	0.025006739422678947
Cell_21	NA	NA	0.02714364603161812
Cell_22	NA	NA	0.022358089685440063
Cell_23	NA	NA	0.02057342231273651
Cell_24	NA	NA	0.020328339189291
Cell_25	NA	NA	0.02302613854408264
Cell_26	NA	NA	0.020017940551042557
Cell_27	NA	NA	0.018509460613131523
Cell_28	NA	NA	0.017406798899173737
Cell_29	NA	NA	0.016789713874459267
Cell_30	NA	NA	0.017596248537302017
Cell_31	NA	NA	0.017552657052874565
Cell_32	NA	NA	0.0168362557888031
Cell_33	NA	NA	0.015628980472683907
Cell_34	NA	NA	0.013716750778257847
Cell_35	NA	NA	0.017997978255152702
Cell_36	NA	NA	0.015202815644443035
Cell_37	NA	NA	0.016005557030439377
Cell_38	NA	NA	0.011901335790753365
Cell_39	NA	NA	0.011651027016341686
Cell_40	NA	NA	0.012490306980907917
Cell_41	NA	NA	0.010266349650919437
Cell_42	NA	NA	0.008739003911614418
Cell_43	NA	NA	0.010676032863557339
Cell_44	NA	NA	0.008222494274377823
Cell_45	NA	NA	0.009988602250814438
Cell_46	NA	NA	0.014740712940692902
Cell_47	NA	NA	0.010900324210524559
Cell_48	NA	NA	0.01237720251083374
Cell_49	NA	NA	0.017538610845804214
Cell_50	NA	NA	0.014107500202953815
Cell_51	NA	NA	0.01916942559182644
Cell_52	NA	NA	0.01918836496770382
Cell_53	NA	NA	0.0215874332934618
Cell_54	NA	NA	0.015452632680535316
Cell_55	NA	NA	0.024974673986434937
Cell_56	NA	NA	0.016838548704981804
Cell_57	NA	NA	0.02699645236134529
Cell_58	NA	NA	0.03045298159122467
Cell_59	NA	NA	0.025559034198522568
Cell_60	NA	NA	0.034530073404312134
Cell_61	NA	NA	0.025866026058793068
Cell_62	NA	NA	0.030716659501194954
Cell_63	NA	NA	0.018228335306048393
Cell_64	NA	NA	0.022699426859617233
Cell_65	NA	NA	0.021936465054750443
Cell_66	NA	NA	0.022120103240013123
Cell_67	NA	NA	0.017934804782271385
Cell_68	NA	NA	0.024238716810941696
Cell_69	NA	NA	0.01862647943198681
Cell_70	NA	NA	0.029961397871375084
Cell_71	NA	NA	0.023083331063389778
Cell_72	NA	NA	0.021253423765301704
Cell_73	NA	NA	0.03120799921452999
Cell_74	NA	NA	0.02949376031756401
Cell_75	NA	NA	0.03201008960604668
Cell_76	NA	NA	0.03900057449936867
Cell_77	NA	NA	0.03767149895429611
Cell_78	NA	NA	0.047898128628730774
Cell_79	NA	NA	0.056104935705661774
Cell_80	NA	NA	0.04136396571993828
Cell_81	NA	NA	0.05966070666909218
Cell_82	NA	NA	0.051486946642398834
Cell_83	NA	NA	0.04296407103538513
Cell_84	NA	NA	0.04500027745962143
Cell_85	NA	NA	0.04875320941209793
Cell_86	NA	NA	0.047765038907527924
Cell_87	NA	NA	0.057829976081848145
Cell_88	NA	NA	0.05882255360484123
Cell_89	NA	NA	0.07518061995506287
Cell_90	NA	NA	0.07876792550086975
Cell_91	NA	NA	0.0824175700545311
Cell_92	NA	NA	0.08822787553071976
Cell_93	NA	NA	0.07886754721403122
Cell_94	NA	NA	0.09674805402755737
Cell_95	NA	NA	0.09620967507362366
Cell_96	NA	NA	0.09679191559553146
Cell_97	NA	NA	0.10316404700279236
Cell_98	NA	NA	0.10612872242927551
Cell_99	NA	NA	0.11719049513339996
Cell_100	NA	NA	0.12135975062847137
Cell_101	NA	NA	0.12262119352817535
Cell_102	NA	NA	0.12834839522838593
Cell_103	NA	NA	0.12839005887508392
Cell_104	NA	NA	0.12770161032676697
Cell_105	NA	NA	0.12908032536506653
Cell_106	NA	NA	0.12674649059772491
Cell_107	NA	NA	0.13947483897209167
Cell_108	NA	NA	0.1355159878730774
Cell_109	NA	NA	0.13913550972938538
Cell_110	NA	NA	0.13567113876342773
Cell_111	NA	NA	0.13487106561660767
Cell_112	NA	NA	0.13385175168514252
Cell_113	NA	NA	0.1359548270702362
Cell_114	NA	NA	0.13213203847408295
Cell_115	NA	NA	0.13073183596134186
Cell_116	NA	NA	0.13343395292758942
Cell_117	NA	NA	0.13168425858020782
Cell_118	NA	NA	0.13774028420448303
Cell_119	NA	NA	0.1425093710422516
Cell_120	NA	NA	0.13775697350502014
Cell_121	NA	NA	0.13916996121406555
Cell_122	NA	NA	0.13701234757900238
Cell_123	NA	NA	0.14590968191623688
Cell_124	NA	NA	0.1457005739212036
Cell_125	NA	NA	0.15210062265396118
Cell_126	NA	NA	0.14757128059864044
Cell_127	NA	NA	0.16193582117557526
Cell_128	NA	NA	0.15870170295238495
Cell_129	NA	NA	0.15988542139530182
Cell_130	NA	NA	0.17731568217277527
Cell_131	NA	NA	0.1846696138381958
Cell_132	NA	NA	0.17732791602611542
Cell_133	NA	NA	0.18817256391048431
Cell_134	NA	NA	0.2237539440393448
Cell_135	NA	NA	0.2569787800312042
Cell_136	NA	NA	0.24706369638442993
Cell_137	NA	NA	0.276640921831131
Cell_138	NA	NA	0.27475252747535706
Cell_139	NA	NA	0.26368439197540283
Cell_140	NA	NA	0.2640472948551178
Cell_141	NA	NA	0.2731902003288269
Cell_142	NA	NA	0.26251253485679626
Cell_143	NA	NA	0.2795862555503845
Cell_144	NA	NA	0.27013105154037476
Cell_145	NA	NA	0.293830543756485
Cell_146	NA	NA	0.28780597448349
Cell_147	NA	NA	0.2962130010128021
Cell_148	NA	NA	0.30763640999794006
Cell_149	NA	NA	0.3212065100669861
Cell_150	NA	NA	0.32263126969337463
Cell_151	NA	NA	0.32929667830467224
Cell_152	NA	NA	0.32827308773994446
Cell_153	NA	NA	0.32920899987220764
Cell_154	NA	NA	0.3281453847885132
Cell_155	NA	NA	0.3281002938747406
Cell_156	NA	NA	0.3304286003112793
Cell_157	NA	NA	0.32448258996009827
Cell_158	NA	NA	0.33019059896469116
Cell_159	NA	NA	0.3298158049583435
Cell_160	NA	NA	0.33085715770721436
Cell_161	NA	NA	0.3362237811088562
Cell_162	NA	NA	0.3310852348804474
Cell_163	NA	NA	0.32703283429145813
Cell_164	NA	NA	0.3313663899898529
Cell_165	NA	NA	0.33366072177886963
Cell_166	NA	NA	0.3343299627304077
Cell_167	NA	NA	0.3360128700733185
Cell_168	NA	NA	0.3370170295238495
Cell_169	NA	NA	0.33974725008010864
Cell_170	NA	NA	0.34868380427360535
Cell_171	NA	NA	0.3459388017654419
Cell_172	NA	NA	0.3482878804206848
Cell_173	NA	NA	0.33939528465270996
Cell_174	NA	NA	0.3475892245769501
Cell_175	NA	NA	0.34905320405960083
Cell_176	NA	NA	0.34566953778266907
Cell_177	NA	NA	0.3470574915409088
Cell_178	NA	NA	0.3563930094242096
Cell_179	NA	NA	0.3649331033229828
Cell_180	NA	NA	0.372018039226532
Cell_181	NA	NA	0.3685263693332672
Cell_182	NA	NA	0.3915669023990631
Cell_183	NA	NA	0.399393767118454
Cell_184	NA	NA	0.4140216112136841
Cell_185	NA	NA	0.41739407181739807
Cell_186	NA	NA	0.43266937136650085
Cell_187	NA	NA	0.43070822954177856
Cell_188	NA	NA	0.4380662441253662
Cell_189	NA	NA	0.4279247522354126
Cell_190	NA	NA	0.43133217096328735
Cell_191	NA	NA	0.4516834020614624
Cell_192	NA	NA	0.4562147855758667
Cell_193	NA	NA	0.458139032125473
Cell_194	NA	NA	0.4605633020401001
Cell_195	NA	NA	0.4610114097595215
Cell_196	NA	NA	0.4622912108898163
Cell_197	NA	NA	0.46827778220176697
Cell_198	NA	NA	0.471065491437912
Cell_199	NA	NA	0.47308748960494995
Cell_200	NA	NA	0.47926992177963257
Cell_201	NA	NA	0.48597201704978943
Cell_202	NA	NA	0.48279818892478943
Cell_203	NA	NA	0.4850676953792572
Cell_204	NA	NA	0.4864245355129242
Cell_205	NA	NA	0.4823479652404785
Cell_206	NA	NA	0.4827011525630951
Cell_207	NA	NA	0.48173728585243225
Cell_208	NA	NA	0.4823845326900482
Cell_209	NA	NA	0.48210322856903076
Cell_210	NA	NA	0.4818646013736725
Cell_211	NA	NA	0.48172682523727417
Cell_212	NA	NA	0.4780781865119934
Cell_213	NA	NA	0.4783044159412384
Cell_214	NA	NA	0.48718005418777466
Cell_215	NA	NA	0.48905423283576965
Cell_216	NA	NA	0.48698732256889343
Cell_217	NA	NA	0.48562121391296387
Cell_218	NA	NA	0.4909805357456207
Cell_219	NA	NA	0.48804062604904175
Cell_220	NA	NA	0.48709502816200256
Cell_221	NA	NA	0.5000434517860413
Cell_222	NA	NA	0.4979299008846283
Cell_223	NA	NA	0.5114544630050659
Cell_224	NA	NA	0.5181262493133545
Cell_225	NA	NA	0.5156301856040955
Cell_226	NA	NA	0.5454365015029907
Cell_227	NA	NA	0.5324180126190186
Cell_228	NA	NA	0.550929844379425
Cell_229	NA	NA	0.5554502606391907
Cell_230	NA	NA	0.560953676700592
Cell_231	NA	NA	0.5723435282707214
Cell_232	NA	NA	0.5798623561859131
Cell_233	NA	NA	0.5736122131347656
Cell_234	NA	NA	0.5760267972946167
Cell_235	NA	NA	0.589197039604187
Cell_236	NA	NA	0.5978008508682251
Cell_237	NA	NA	0.594132661819458
Cell_238	NA	NA	0.6011610627174377
Cell_239	NA	NA	0.6004962921142578
Cell_240	NA	NA	0.6037620902061462
Cell_241	NA	NA	0.6102674603462219
Cell_242	NA	NA	0.6149044036865234
Cell_243	NA	NA	0.6198321580886841
Cell_244	NA	NA	0.6159996390342712
Cell_245	NA	NA	0.6179467439651489
Cell_246	NA	NA	0.6143180727958679
Cell_247	NA	NA	0.6188580393791199
Cell_248	NA	NA	0.6109424829483032
Cell_249	NA	NA	0.606497585773468
Cell_250	NA	NA	0.6094776391983032
Cell_251	NA	NA	0.6097230911254883
Cell_252	NA	NA	0.6131835579872131
Cell_253	NA	NA	0.6174848079681396
Cell_254	NA	NA	0.6156856417655945
Cell_255	NA	NA	0.6216181516647339
Cell_256	NA	NA	0.6197408437728882
Cell_257	NA	NA	0.6230453848838806
Cell_258	NA	NA	0.6333969831466675
Cell_259	NA	NA	0.6211502552032471
Cell_260	NA	NA	0.6319510340690613
Cell_261	NA	NA	0.6438064575195312
Cell_262	NA	NA	0.6400070786476135
Cell_263	NA	NA	0.6413480043411255
Cell_264	NA	NA	0.6509897112846375
Cell_265	NA	NA	0.6492452025413513
Cell_266	NA	NA	0.6659371852874756
Cell_267	NA	NA	0.6786300539970398
Cell_268	NA	NA	0.6920009851455688
Cell_269	NA	NA	0.6973950862884521
Cell_270	NA	NA	0.6974897384643555
Cell_271	NA	NA	0.7046730518341064
Cell_272	NA	NA	0.7027684450149536
Cell_273	NA	NA	0.7206873893737793
Cell_274	NA	NA	0.7198102474212646
Cell_275	NA	NA	0.7249660491943359
Cell_276	NA	NA	0.7309008240699768
Cell_277	NA	NA	0.7385761141777039
Cell_278	NA	NA	0.731169581413269
Cell_279	NA	NA	0.7413318157196045
Cell_280	NA	NA	0.7401214241981506
Cell_281	NA	NA	0.7535045742988586
Cell_282	NA	NA	0.7570417523384094
Cell_283	NA	NA	0.7558360695838928
Cell_284	NA	NA	0.7607053518295288
Cell_285	NA	NA	0.7600569725036621
Cell_286	NA	NA	0.7612081170082092
Cell_287	NA	NA	0.7659459710121155
Cell_288	NA	NA	0.7820007801055908
Cell_289	NA	NA	0.7890741229057312
Cell_290	NA	NA	0.7965976595878601
Cell_291	NA	NA	0.7963841557502747
Cell_292	NA	NA	0.7920028567314148
Cell_293	NA	NA	0.78675776720047
Cell_294	NA	NA	0.7856319546699524
Cell_295	NA	NA	0.7848016619682312
Cell_296	NA	NA	0.7837412357330322
Cell_297	NA	NA	0.7758818864822388
Cell_298	NA	NA	0.783273458480835
Cell_299	NA	NA	0.7844381332397461
Cell_300	NA	NA	0.7843117713928223
Cell_301	NA	NA	0.7902329564094543
Cell_302	NA	NA	0.7748352885246277
Cell_303	NA	NA	0.7808972597122192
Cell_304	NA	NA	0.7814005017280579
Cell_305	NA	NA	0.7775211334228516
Cell_306	NA	NA	0.7791754603385925
Cell_307	NA	NA	0.7742605805397034
Cell_308	NA	NA	0.7797767519950867
Cell_309	NA	NA	0.7860033512115479
Cell_310	NA	NA	0.7828969359397888
Cell_311	NA	NA	0.7917462587356567
Cell_312	NA	NA	0.7927375435829163
Cell_313	NA	NA	0.7941897511482239
Cell_314	NA	NA	0.7935237884521484
Cell_315	NA	NA	0.7969644665718079
Cell_316	NA	NA	0.7978476881980896
Cell_317	NA	NA	0.7974198460578918
Cell_318	NA	NA	0.797926127910614
Cell_319	NA	NA	0.7986207604408264
Cell_320	NA	NA	0.801616907119751
Cell_321	NA	NA	0.8012544512748718
Cell_322	NA	NA	0.8008469939231873
Cell_323	NA	NA	0.7955537438392639
Cell_324	NA	NA	0.798929750919342
Cell_325	NA	NA	0.8021665215492249
Cell_326	NA	NA	0.8051875829696655
Cell_327	NA	NA	0.8225745558738708
Cell_328	NA	NA	0.8367605805397034
Cell_329	NA	NA	0.8362593650817871
Cell_330	NA	NA	0.8438941240310669
Cell_331	NA	NA	0.8453065156936646
Cell_332	NA	NA	0.8414581418037415
Cell_333	NA	NA	0.8398023247718811
Cell_334	NA	NA	0.8414973020553589
Cell_335	NA	NA	0.8418079018592834
Cell_336	NA	NA	0.8350308537483215
Cell_337	NA	NA	0.8394497036933899
Cell_338	NA	NA	0.8333907723426819
Cell_339	NA	NA	0.8260735869407654
Cell_340	NA	NA	0.8351178765296936
Cell_341	NA	NA	0.8394508957862854
Cell_342	NA	NA	0.8476480841636658
Cell_343	NA	NA	0.852497398853302
Cell_344	NA	NA	0.858176589012146
Cell_345	NA	NA	0.8657302856445312
Cell_346	NA	NA	0.8713136315345764
Cell_347	NA	NA	0.8661895394325256
Cell_348	NA	NA	0.8711015582084656
Cell_349	NA	NA	0.8725541234016418
Cell_350	NA	NA	0.8712060451507568
Cell_351	NA	NA	0.8688837885856628
Cell_352	NA	NA	0.8670637011528015
Cell_353	NA	NA	0.8704580664634705
Cell_354	NA	NA	0.8667451739311218
Cell_355	NA	NA	0.8734659552574158
Cell_356	NA	NA	0.8742984533309937
Cell_357	NA	NA	0.8824667930603027
Cell_358	NA	NA	0.8867873549461365
Cell_359	NA	NA	0.8995019793510437
Cell_360	NA	NA	0.9050611257553101
Cell_361	NA	NA	0.9062914252281189
Cell_362	NA	NA	0.9133015871047974
Cell_363	NA	NA	0.9134328365325928
Cell_364	NA	NA	0.9152884483337402
Cell_365	NA	NA	0.9153935313224792
Cell_366	NA	NA	0.9093071222305298
Cell_367	NA	NA	0.9122194647789001
Cell_368	NA	NA	0.9095085859298706
Cell_369	NA	NA	0.9028109312057495
Cell_370	NA	NA	0.8955549001693726
Cell_371	NA	NA	0.8952164649963379
Cell_372	NA	NA	0.8986833691596985
Cell_373	NA	NA	0.9016792178153992
Cell_374	NA	NA	0.9009974598884583
Cell_375	NA	NA	0.9009525775909424
Cell_376	NA	NA	0.8991236090660095
Cell_377	NA	NA	0.9013599753379822
Cell_378	NA	NA	0.8976818323135376
Cell_379	NA	NA	0.9122254848480225
Cell_380	NA	NA	0.9101471304893494
Cell_381	NA	NA	0.916953980922699
Cell_382	NA	NA	0.9136162400245667
Cell_383	NA	NA	0.9148983359336853
Cell_384	NA	NA	0.9156439900398254
Cell_385	NA	NA	0.9178745746612549
Cell_386	NA	NA	0.9140192866325378
Cell_387	NA	NA	0.9188671112060547
Cell_388	NA	NA	0.9155069589614868
Cell_389	NA	NA	0.9136876463890076
Cell_390	NA	NA	0.9131843447685242
Cell_391	NA	NA	0.9147090315818787
Cell_392	NA	NA	0.9160681962966919
Cell_393	NA	NA	0.9171154499053955
Cell_394	NA	NA	0.9214270710945129
Cell_395	NA	0.922416090965271	NA
Cell_396	NA	NA	0.9236313700675964
Cell_397	NA	NA	0.9199878573417664
Cell_398	NA	NA	0.9188396334648132
Cell_399	NA	NA	0.9213657379150391
Cell_400	NA	NA	0.9214810729026794
Cell_401	NA	NA	0.912663996219635
Cell_402	NA	NA	0.9234606623649597
Cell_403	NA	NA	0.9301818609237671
Cell_404	NA	NA	0.9263331294059753
Cell_405	NA	NA	0.9285697937011719
Cell_406	NA	NA	0.9328261613845825
Cell_407	NA	NA	0.9331099987030029
Cell_408	NA	NA	0.9367647767066956
Cell_409	NA	NA	0.9368287920951843
Cell_410	NA	NA	0.9407369494438171
Cell_411	NA	NA	0.9475160241127014
Cell_412	NA	0.949337899684906	NA
Cell_413	NA	0.9507521986961365	NA
Cell_414	NA	0.9523249864578247	NA
Cell_415	NA	0.952979564666748	NA
Cell_416	NA	0.9523325562477112	NA
Cell_417	NA	0.950201153755188	NA
Cell_418	NA	0.9509445428848267	NA
Cell_419	NA	0.9491897225379944	NA
Cell_420	NA	0.951547384262085	NA
Cell_421	NA	0.9516026377677917	NA
Cell_422	NA	0.950892448425293	NA
Cell_423	NA	0.954663097858429	NA
Cell_424	NA	0.9666801691055298	NA
Cell_425	NA	0.9651867747306824	NA
Cell_426	NA	0.9724998474121094	NA
Cell_427	NA	0.9671725034713745	NA
Cell_428	NA	0.9675194621086121	NA
Cell_429	NA	0.9601349830627441	NA
Cell_430	NA	0.9616935849189758	NA
Cell_431	NA	0.9523149132728577	NA
Cell_432	NA	0.9477661848068237	NA
Cell_433	NA	0.9517217874526978	NA
Cell_434	NA	0.9529577493667603	NA
Cell_435	NA	0.9464167356491089	NA
Cell_436	NA	0.9514723420143127	NA
Cell_437	NA	0.948575496673584	NA
Cell_438	NA	0.9519467949867249	NA
Cell_439	NA	0.9458335638046265	NA
Cell_440	NA	0.9517549276351929	NA
Cell_441	NA	0.9517723917961121	NA
Cell_442	NA	0.9465669989585876	NA
Cell_443	NA	0.9532080888748169	NA
Cell_444	NA	0.9567479491233826	NA
Cell_445	NA	0.9582338929176331	NA
Cell_446	NA	0.9553262591362	NA
Cell_447	NA	0.9625178575515747	NA
Cell_448	NA	0.9560297131538391	NA
Cell_449	NA	0.9605225324630737	NA
Cell_450	NA	0.9604464769363403	NA
Cell_451	NA	0.9611104130744934	NA
Cell_452	NA	0.9680697321891785	NA
Cell_453	NA	0.9684911966323853	NA
Cell_454	NA	0.9692686796188354	NA
Cell_455	NA	0.9701729416847229	NA
Cell_456	NA	0.9734307527542114	NA
Cell_457	NA	0.9747076630592346	NA
Cell_458	NA	0.9736337661743164	NA
Cell_459	NA	0.9678425788879395	NA
Cell_460	NA	0.9707896709442139	NA
Cell_461	NA	0.9744819402694702	NA
Cell_462	NA	0.9723792672157288	NA
Cell_463	NA	0.9699020981788635	NA
Cell_464	NA	0.9714191555976868	NA
Cell_465	NA	0.9706618189811707	NA
Cell_466	NA	0.9728836417198181	NA
Cell_467	NA	0.9692452549934387	NA
Cell_468	NA	0.9782739281654358	NA
Cell_469	NA	0.9883363246917725	NA
Cell_470	NA	0.9950035810470581	NA
Cell_471	NA	0.9953082799911499	NA
Cell_472	NA	0.9960978031158447	NA
Cell_473	NA	0.9972090125083923	NA
Cell_474	NA	0.9948764443397522	NA
Cell_475	NA	0.9954367876052856	NA
Cell_476	NA	0.985001802444458	NA
Cell_477	NA	0.9807654023170471	NA
Cell_478	NA	0.9820787906646729	NA
Cell_479	NA	0.9847918152809143	NA
Cell_480	NA	0.9800684452056885	NA
Cell_481	NA	0.980741024017334	NA
Cell_482	NA	0.9784978628158569	NA
Cell_483	NA	0.9754270315170288	NA
Cell_484	NA	0.9736465215682983	NA
Cell_485	NA	0.9709107875823975	NA
Cell_486	NA	0.9727254509925842	NA
Cell_487	NA	0.9711718559265137	NA
Cell_488	NA	0.9733614921569824	NA
Cell_489	NA	0.9697586894035339	NA
Cell_490	NA	0.9596818685531616	NA
Cell_491	NA	0.9618456363677979	NA
Cell_492	NA	0.9658022522926331	NA
Cell_493	NA	0.9550468921661377	NA
Cell_494	NA	0.9624179601669312	NA
Cell_495	NA	0.9579400420188904	NA
Cell_496	NA	0.9552199244499207	NA
Cell_497	NA	0.9668546915054321	NA
Cell_498	NA	0.9637973308563232	NA
Cell_499	NA	0.9662421345710754	NA
Cell_500	NA	0.9730486869812012	NA
Cell_501	NA	0.974320113658905	NA
Cell_502	NA	0.9789056181907654	NA
Cell_503	NA	0.9867309927940369	NA
Cell_504	NA	0.9884194731712341	NA
Cell_505	NA	0.9903016686439514	NA
Cell_506	NA	0.9944800734519958	NA
Cell_507	NA	0.9899610280990601	NA
Cell_508	NA	0.9889728426933289	NA
Cell_509	NA	0.9937952756881714	NA
Cell_510	NA	0.9947065711021423	NA
Cell_511	NA	0.9849627017974854	NA
Cell_512	NA	0.983669638633728	NA
Cell_513	NA	0.9991072416305542	NA
Cell_514	NA	0.9893503785133362	NA
Cell_515	NA	0.9972357153892517	NA
Cell_516	NA	0.9982513785362244	NA
Cell_517	NA	1.0	NA
Cell_518	NA	0.9928743243217468	NA
Cell_519	NA	0.9985897541046143	NA
Cell_520	NA	0.9895220994949341	NA
Cell_521	NA	0.9931727051734924	NA
Cell_522	NA	0.9914112091064453	NA
Cell_523	NA	0.9908519387245178	NA
Cell_524	NA	0.9892170429229736	NA
Cell_525	NA	0.987580418586731	NA
Cell_526	NA	0.9808003306388855	NA
Cell_527	NA	0.990770161151886	NA
Cell_528	NA	0.9845726490020752	NA
Cell_529	NA	0.9845268130302429	NA
Cell_530	NA	0.9790710806846619	NA
Cell_531	NA	0.9744971990585327	NA
Cell_532	NA	0.9705016613006592	NA
Cell_533	NA	0.9691569805145264	NA
Cell_534	NA	0.9752956032752991	NA
Cell_535	NA	0.973621666431427	NA
Cell_536	NA	0.9717933535575867	NA
Cell_537	NA	0.9629946947097778	NA
Cell_538	NA	0.9604206681251526	NA
Cell_539	NA	0.9544646143913269	NA
Cell_540	NA	0.9563109874725342	NA
Cell_541	NA	0.9511423707008362	NA
Cell_542	NA	0.9520574808120728	NA
Cell_543	NA	0.955140233039856	NA
Cell_544	NA	0.954413115978241	NA
Cell_545	NA	0.9508417248725891	NA
Cell_546	NA	0.9466598629951477	NA
Cell_547	NA	0.9518093466758728	NA
Cell_548	NA	0.9538008570671082	NA
Cell_549	NA	0.9527778029441833	NA
Cell_550	NA	0.9592576026916504	NA
Cell_551	NA	0.9544873237609863	NA
Cell_552	NA	0.9619569182395935	NA
Cell_553	NA	0.9638686180114746	NA
Cell_554	NA	0.9624322056770325	NA
Cell_555	NA	0.9595571160316467	NA
Cell_556	NA	0.9504091739654541	NA
Cell_557	NA	0.9524224996566772	NA
Cell_558	NA	0.9533555507659912	NA
Cell_559	NA	0.9459326267242432	NA
Cell_560	NA	0.9471843838691711	NA
Cell_561	NA	0.9475948214530945	NA
Cell_562	NA	0.9388514161109924	NA
Cell_563	NA	0.940494954586029	NA
Cell_564	NA	0.9292609095573425	NA
Cell_565	NA	0.93126380443573	NA
Cell_566	NA	0.9272744655609131	NA
Cell_567	NA	0.9237263798713684	NA
Cell_568	NA	0.9270606637001038	NA
Cell_569	NA	0.9255290627479553	NA
Cell_570	NA	0.9310324192047119	NA
Cell_571	NA	0.9250556826591492	NA
Cell_572	NA	0.9300640821456909	NA
Cell_573	NA	0.9385871887207031	NA
Cell_574	NA	0.9443553686141968	NA
Cell_575	NA	0.9494564533233643	NA
Cell_576	NA	0.9584911465644836	NA
Cell_577	NA	0.9561341404914856	NA
Cell_578	NA	0.9551829695701599	NA
Cell_579	NA	0.955668032169342	NA
Cell_580	NA	0.9515930414199829	NA
Cell_581	NA	0.9497463703155518	NA
Cell_582	NA	0.9437757134437561	NA
Cell_583	NA	0.9408268332481384	NA
Cell_584	NA	0.9390978217124939	NA
Cell_585	NA	0.9419287443161011	NA
Cell_586	NA	0.9373221397399902	NA
Cell_587	NA	0.9392502903938293	NA
Cell_588	NA	0.9369133710861206	NA
Cell_589	NA	0.9375948905944824	NA
Cell_590	NA	0.9374140501022339	NA
Cell_591	NA	0.9404585361480713	NA
Cell_592	NA	0.9406008124351501	NA
Cell_593	NA	0.9391074180603027	NA
Cell_594	NA	0.929729700088501	NA
Cell_595	NA	0.9251350164413452	NA
Cell_596	NA	0.9207941293716431	NA
Cell_597	NA	0.918138325214386	NA
Cell_598	NA	0.9199531078338623	NA
Cell_599	NA	0.9245935082435608	NA
Cell_600	NA	0.9222607016563416	NA
Cell_601	NA	0.9190371036529541	NA
Cell_602	NA	0.9209238886833191	NA
Cell_603	NA	0.9207785725593567	NA
Cell_604	NA	0.9266140460968018	NA
Cell_605	NA	0.9241254329681396	NA
Cell_606	NA	0.9233023524284363	NA
Cell_607	NA	0.9246857762336731	NA
Cell_608	NA	0.9331029057502747	NA
Cell_609	NA	0.931594967842102	NA
Cell_610	NA	0.9276492595672607	NA
Cell_611	NA	0.9343202114105225	NA
Cell_612	NA	0.9376637935638428	NA
Cell_613	NA	0.9341981410980225	NA
Cell_614	NA	0.934984564781189	NA
Cell_615	NA	0.937626838684082	NA
Cell_616	NA	0.9357501268386841	NA
Cell_617	NA	0.9354000091552734	NA
Cell_618	NA	0.9284200072288513	NA
Cell_619	NA	0.9173774123191833	NA
Cell_620	NA	0.9182329773902893	NA
Cell_621	NA	0.916567325592041	NA
Cell_622	NA	0.9127209186553955	NA
Cell_623	NA	0.9127712845802307	NA
Cell_624	NA	0.9034567475318909	NA
Cell_625	NA	0.9044002294540405	NA
Cell_626	NA	0.9003349542617798	NA
Cell_627	NA	0.9008165001869202	NA
Cell_628	NA	0.8986613154411316	NA
Cell_629	NA	0.9010546207427979	NA
Cell_630	NA	0.9002765417098999	NA
Cell_631	NA	0.9027860760688782	NA
Cell_632	NA	0.8945491909980774	NA
Cell_633	NA	0.9014365673065186	NA
Cell_634	NA	0.8978208899497986	NA
Cell_635	NA	0.8955159783363342	NA
Cell_636	NA	0.9000861644744873	NA
Cell_637	NA	0.8868577480316162	NA
Cell_638	NA	0.8851650357246399	NA
Cell_639	NA	0.883698046207428	NA
Cell_640	NA	0.8799935579299927	NA
Cell_641	NA	0.8738481998443604	NA
Cell_642	NA	0.8769922256469727	NA
Cell_643	NA	0.8735724687576294	NA
Cell_644	NA	0.8733298778533936	NA
Cell_645	NA	0.8739292025566101	NA
Cell_646	NA	0.8725893497467041	NA
Cell_647	NA	0.8725433945655823	NA
Cell_648	NA	0.8689238429069519	NA
Cell_649	NA	0.8733890652656555	NA
Cell_650	NA	0.8707539439201355	NA
Cell_651	NA	0.8706125617027283	NA
Cell_652	NA	0.8620255589485168	NA
Cell_653	NA	0.8663366436958313	NA
Cell_654	NA	0.8657205104827881	NA
Cell_655	NA	0.8651586771011353	NA
Cell_656	NA	0.8644735217094421	NA
Cell_657	NA	0.8611046671867371	NA
Cell_658	NA	0.8651749491691589	NA
Cell_659	NA	0.8661075830459595	NA
Cell_660	NA	0.858014702796936	NA
Cell_661	NA	0.850156843662262	NA
Cell_662	NA	0.8435734510421753	NA
Cell_663	NA	0.8384824395179749	NA
Cell_664	NA	0.8287717700004578	NA
Cell_665	NA	0.8255258202552795	NA
Cell_666	NA	0.8213890790939331	NA
Cell_667	NA	0.8161008954048157	NA
Cell_668	NA	0.8153074383735657	NA
Cell_669	NA	0.8098134994506836	NA
Cell_670	NA	0.804317057132721	NA
Cell_671	NA	0.8082497715950012	NA
Cell_672	NA	0.8080116510391235	NA
Cell_673	NA	0.805455207824707	NA
Cell_674	NA	0.8045071959495544	NA
Cell_675	NA	0.8097435832023621	NA
Cell_676	NA	0.8087418079376221	NA
Cell_677	NA	0.8044479489326477	NA
Cell_678	NA	0.8028948307037354	NA
Cell_679	NA	0.797478199005127	NA
Cell_680	NA	0.7971621751785278	NA
Cell_681	NA	0.8017743229866028	NA
Cell_682	NA	0.793168306350708	NA
Cell_683	NA	0.7918785214424133	NA
Cell_684	NA	0.7907930612564087	NA
Cell_685	NA	0.7846759557723999	NA
Cell_686	NA	0.790543258190155	NA
Cell_687	NA	0.7896612882614136	NA
Cell_688	NA	0.7872396111488342	NA
Cell_689	NA	0.7899006009101868	NA
Cell_690	NA	0.7812466025352478	NA
Cell_691	NA	0.7823609113693237	NA
Cell_692	NA	0.775780975818634	NA
Cell_693	NA	0.7811787128448486	NA
Cell_694	NA	0.7792516946792603	NA
Cell_695	NA	0.7750866413116455	NA
Cell_696	NA	0.7697521448135376	NA
Cell_697	NA	0.7676354050636292	NA
Cell_698	NA	0.7620231509208679	NA
Cell_699	NA	0.7624053955078125	NA
Cell_700	NA	0.7523018717765808	NA
Cell_701	NA	0.7419123649597168	NA
Cell_702	NA	0.7394577264785767	NA
Cell_703	NA	0.7401344180107117	NA
Cell_704	NA	0.7345053553581238	NA
Cell_705	NA	0.7297252416610718	NA
Cell_706	NA	0.7243418097496033	NA
Cell_707	NA	0.7249308824539185	NA
Cell_708	NA	0.7272692322731018	NA
Cell_709	NA	0.7222159504890442	NA
Cell_710	NA	0.726187527179718	NA
Cell_711	NA	0.7268809676170349	NA
Cell_712	NA	0.7293580770492554	NA
Cell_713	NA	0.7162017822265625	NA
Cell_714	NA	0.7321042418479919	NA
Cell_715	NA	0.7314138412475586	NA
Cell_716	NA	0.7322139143943787	NA
Cell_717	NA	0.7309417128562927	NA
Cell_718	NA	0.7312958240509033	NA
Cell_719	NA	0.7332864999771118	NA
Cell_720	NA	0.7305753827095032	NA
Cell_721	NA	0.7290751338005066	NA
Cell_722	NA	0.726762592792511	NA
Cell_723	NA	0.7270888686180115	NA
Cell_724	NA	0.725365936756134	NA
Cell_725	NA	0.72193843126297	NA
Cell_726	NA	0.7236131429672241	NA
Cell_727	NA	0.7301006317138672	NA
Cell_728	NA	0.7260385751724243	NA
Cell_729	NA	0.7299862504005432	NA
Cell_730	NA	0.7301365733146667	NA
Cell_731	NA	0.7212018370628357	NA
Cell_732	NA	0.7260087728500366	NA
Cell_733	NA	0.7190738916397095	NA
Cell_734	NA	0.7245722413063049	NA
Cell_735	NA	0.7234994769096375	NA
Cell_736	NA	0.7162841558456421	NA
Cell_737	NA	0.719403862953186	NA
Cell_738	NA	0.7203865647315979	NA
Cell_739	NA	0.7154973149299622	NA
Cell_740	NA	0.7139313817024231	NA
Cell_741	NA	0.7169134616851807	NA
Cell_742	NA	0.714709997177124	NA
Cell_743	NA	0.7169193029403687	NA
Cell_744	NA	0.7155311703681946	NA
Cell_745	NA	0.713212251663208	NA
Cell_746	NA	0.7160739898681641	NA
Cell_747	NA	0.7107359766960144	NA
Cell_748	NA	0.7141410708427429	NA
Cell_749	NA	0.7130458950996399	NA
Cell_750	NA	0.712474524974823	NA
Cell_751	NA	0.7168002128601074	NA
Cell_752	NA	0.713391900062561	NA
Cell_753	NA	0.7069053649902344	NA
Cell_754	NA	0.7088211178779602	NA
Cell_755	NA	0.7038020491600037	NA
Cell_756	NA	0.7043488621711731	NA
Cell_757	NA	0.6994120478630066	NA
Cell_758	NA	0.6892284154891968	NA
Cell_759	NA	0.6842284798622131	NA
Cell_760	NA	0.6865760087966919	NA
Cell_761	NA	0.6856861710548401	NA
Cell_762	NA	0.6793936491012573	NA
Cell_763	NA	0.6817381381988525	NA
Cell_764	NA	0.6805867552757263	NA
Cell_765	NA	0.669414222240448	NA
Cell_766	NA	0.6513726115226746	NA
Cell_767	NA	0.6568232178688049	NA
Cell_768	NA	0.6540997624397278	NA
Cell_769	NA	0.6425718665122986	NA
Cell_770	NA	0.6360918283462524	NA
Cell_771	NA	0.6375604271888733	NA
Cell_772	NA	0.6302575469017029	NA
Cell_773	NA	0.6252312064170837	NA
Cell_774	NA	0.6250720620155334	NA
Cell_775	NA	0.6210333704948425	NA
Cell_776	NA	0.6218644976615906	NA
Cell_777	NA	0.6179506778717041	NA
Cell_778	NA	0.6187045574188232	NA
Cell_779	NA	0.6122897267341614	NA
Cell_780	NA	0.6116277575492859	NA
Cell_781	NA	0.6129780411720276	NA
Cell_782	NA	0.6089792251586914	NA
Cell_783	NA	0.6047097444534302	NA
Cell_784	NA	0.6022704839706421	NA
Cell_785	NA	0.6102951765060425	NA
Cell_786	NA	0.5996600985527039	NA
Cell_787	NA	0.5982252955436707	NA
Cell_788	NA	0.5890092253684998	NA
Cell_789	NA	0.598075270652771	NA
Cell_790	NA	0.5960514545440674	NA
Cell_791	NA	0.5981243848800659	NA
Cell_792	NA	0.5967384576797485	NA
Cell_793	NA	0.6021918654441833	NA
Cell_794	NA	0.5955138206481934	NA
Cell_795	NA	0.5946680903434753	NA
Cell_796	NA	0.5989757776260376	NA
Cell_797	NA	0.6032223105430603	NA
Cell_798	NA	0.5975759029388428	NA
Cell_799	NA	0.6075041890144348	NA
Cell_800	NA	0.602888822555542	NA
Cell_801	NA	0.6021305322647095	NA
Cell_802	NA	0.5995506644248962	NA
Cell_803	NA	0.5925204157829285	NA
Cell_804	NA	0.5890688300132751	NA
Cell_805	NA	0.5801980495452881	NA
Cell_806	NA	0.5828043818473816	NA
Cell_807	NA	0.579230010509491	NA
Cell_808	NA	0.5840973258018494	NA
Cell_809	NA	0.5762187242507935	NA
Cell_810	NA	0.5740108489990234	NA
Cell_811	NA	0.5781291723251343	NA
Cell_812	NA	0.5771980285644531	NA
Cell_813	NA	0.5722518563270569	NA
Cell_814	NA	0.5752720236778259	NA
Cell_815	NA	0.5751305818557739	NA
Cell_816	NA	0.5715898275375366	NA
Cell_817	NA	0.5689610242843628	NA
Cell_818	NA	0.5582047700881958	NA
Cell_819	NA	0.551701009273529	NA
Cell_820	NA	0.5464832186698914	NA
Cell_821	NA	0.5459494590759277	NA
Cell_822	NA	0.5457270741462708	NA
Cell_823	NA	0.5406520366668701	NA
Cell_824	NA	0.5396796464920044	NA
Cell_825	NA	0.5393043756484985	NA
Cell_826	NA	0.5417426228523254	NA
Cell_827	NA	0.5362271666526794	NA
Cell_828	NA	0.5354307889938354	NA
Cell_829	NA	0.5344613790512085	NA
Cell_830	NA	0.5341348052024841	NA
Cell_831	NA	0.5353283882141113	NA
Cell_832	NA	0.5350344181060791	NA
Cell_833	NA	0.5357758402824402	NA
Cell_834	NA	0.538993239402771	NA
Cell_835	NA	0.5438170433044434	NA
Cell_836	NA	0.538749098777771	NA
Cell_837	NA	0.540002703666687	NA
Cell_838	NA	0.5404729247093201	NA
Cell_839	NA	0.5302098989486694	NA
Cell_840	NA	0.522986650466919	NA
Cell_841	NA	0.5227806568145752	NA
Cell_842	NA	0.520161509513855	NA
Cell_843	NA	0.5225156545639038	NA
Cell_844	NA	0.5244728326797485	NA
Cell_845	NA	0.5234438180923462	NA
Cell_846	NA	0.5197444558143616	NA
Cell_847	NA	0.5162388682365417	NA
Cell_848	NA	0.5174753069877625	NA
Cell_849	NA	0.5136867165565491	NA
Cell_850	NA	0.5052303671836853	NA
Cell_851	NA	0.5051494240760803	NA
Cell_852	NA	0.5007274150848389	NA
Cell_853	NA	0.5015604496002197	NA
Cell_854	NA	0.5004215836524963	NA
Cell_855	NA	0.4973953366279602	NA
Cell_856	NA	0.4959273934364319	NA
Cell_857	NA	0.49350258708000183	NA
Cell_858	NA	0.4887111186981201	NA
Cell_859	NA	0.47588327527046204	NA
Cell_860	NA	0.4764145612716675	NA
Cell_861	NA	0.475209504365921	NA
Cell_862	NA	0.4582236707210541	NA
Cell_863	NA	0.4554847776889801	NA
Cell_864	NA	0.4532698094844818	NA
Cell_865	NA	0.45650607347488403	NA
Cell_866	NA	0.45685824751853943	NA
Cell_867	NA	0.4572651982307434	NA
Cell_868	NA	0.4605746865272522	NA
Cell_869	NA	0.45769360661506653	NA
Cell_870	NA	0.4590786099433899	NA
Cell_871	NA	0.4539167881011963	NA
Cell_872	NA	0.45909515023231506	NA
Cell_873	NA	0.4567795991897583	NA
Cell_874	NA	0.4465026259422302	NA
Cell_875	NA	0.4458858072757721	NA
Cell_876	NA	0.4469028413295746	NA
Cell_877	NA	0.4448094069957733	NA
Cell_878	NA	0.4402322769165039	NA
Cell_879	NA	0.44274812936782837	NA
Cell_880	NA	0.4382407069206238	NA
Cell_881	NA	0.4294794797897339	NA
Cell_882	NA	0.4298548698425293	NA
Cell_883	NA	0.43045324087142944	NA
Cell_884	NA	0.43526914715766907	NA
Cell_885	NA	0.42638641595840454	NA
Cell_886	NA	0.42620813846588135	NA
Cell_887	NA	0.42047223448753357	NA
Cell_888	NA	0.4252385199069977	NA
Cell_889	NA	0.42675143480300903	NA
Cell_890	NA	0.4221804141998291	NA
Cell_891	NA	0.4203549921512604	NA
Cell_892	NA	0.4200003147125244	NA
Cell_893	NA	0.4182489216327667	NA
Cell_894	NA	0.4194442927837372	NA
Cell_895	NA	0.41885122656822205	NA
Cell_896	NA	0.4172259569168091	NA
Cell_897	NA	0.414045512676239	NA
Cell_898	NA	0.41376203298568726	NA
Cell_899	NA	0.41150015592575073	NA
Cell_900	NA	0.4121815264225006	NA
Cell_901	NA	0.41035178303718567	NA
Cell_902	NA	0.4102134108543396	NA
Cell_903	NA	0.4108140766620636	NA
Cell_904	NA	0.41255438327789307	NA
Cell_905	NA	0.41232675313949585	NA
Cell_906	NA	0.4132443368434906	NA
Cell_907	NA	0.4104662537574768	NA
Cell_908	NA	0.4129890501499176	NA
Cell_909	NA	0.412893682718277	NA
Cell_910	NA	0.4121416211128235	NA
Cell_911	NA	0.4111081063747406	NA
Cell_912	NA	0.41165879368782043	NA
Cell_913	NA	0.4102506935596466	NA
Cell_914	NA	0.410963237285614	NA
Cell_915	NA	0.4084322154521942	NA
Cell_916	NA	0.4060019254684448	NA
Cell_917	NA	0.4062710106372833	NA
Cell_918	NA	0.405241996049881	NA
Cell_919	NA	0.40507349371910095	NA
Cell_920	NA	0.4038412868976593	NA
Cell_921	NA	0.40340548753738403	NA
Cell_922	NA	0.4033534824848175	NA
Cell_923	NA	0.4029582440853119	NA
Cell_924	NA	0.4049637019634247	NA
Cell_925	NA	0.4031079411506653	NA
Cell_926	NA	0.4029608368873596	NA
Cell_927	NA	0.40445324778556824	NA
Cell_928	NA	0.4046761691570282	NA
Cell_929	NA	0.40377408266067505	NA
Cell_930	NA	0.40374472737312317	NA
Cell_931	NA	0.40402987599372864	NA
Cell_932	NA	0.40449458360671997	NA
Cell_933	NA	0.40383052825927734	NA
Cell_934	NA	0.4048645496368408	NA
Cell_935	NA	0.4042710065841675	NA
Cell_936	NA	0.4044583737850189	NA
Cell_937	NA	0.4062967002391815	NA
Cell_938	NA	0.4113243520259857	NA
Cell_939	NA	0.4163515269756317	NA
Cell_940	NA	0.4176237881183624	NA
Cell_941	NA	0.4175865650177002	NA
Cell_942	NA	0.4198547303676605	NA
Cell_943	NA	0.42447301745414734	NA
Cell_944	NA	0.4293583333492279	NA
Cell_945	NA	0.4360410273075104	NA
Cell_946	NA	0.4368893504142761	NA
Cell_947	NA	0.4340916574001312	NA
Cell_948	NA	0.45326513051986694	NA
Cell_949	NA	0.4557190537452698	NA
Cell_950	NA	0.46019765734672546	NA
Cell_951	NA	0.464107483625412	NA
Cell_952	NA	0.4615861773490906	NA
Cell_953	NA	0.4618991017341614	NA
Cell_954	NA	0.4610375761985779	NA
Cell_955	NA	0.45934808254241943	NA
Cell_956	NA	0.4610832929611206	NA
Cell_957	NA	0.4594094157218933	NA
Cell_958	NA	0.4579082727432251	NA
Cell_959	NA	0.4595637321472168	NA
Cell_960	NA	0.4583277702331543	NA
Cell_961	NA	0.4607560932636261	NA
Cell_962	NA	0.4604778587818146	NA
Cell_963	NA	0.4703150689601898	NA
Cell_964	NA	0.4619362950325012	NA
Cell_965	NA	0.4614051282405853	NA
Cell_966	NA	0.4627280533313751	NA
Cell_967	NA	0.4716995060443878	NA
Cell_968	NA	0.4780978560447693	NA
Cell_969	NA	0.4809974133968353	NA
Cell_970	NA	0.4879513680934906	NA
Cell_971	NA	0.4965316951274872	NA
Cell_972	NA	0.4969349503517151	NA
Cell_973	NA	0.49943670630455017	NA
Cell_974	NA	0.498619019985199	NA
Cell_975	NA	0.4990696310997009	NA
Cell_976	NA	0.5022642612457275	NA
Cell_977	NA	0.5083914995193481	NA
Cell_978	NA	0.5134792923927307	NA
Cell_979	NA	0.5159707069396973	NA
Cell_980	NA	0.507814884185791	NA
Cell_981	NA	0.5128839612007141	NA
Cell_982	NA	0.5131688714027405	NA
Cell_983	NA	0.5148536562919617	NA
Cell_984	NA	0.516550600528717	NA
Cell_985	NA	0.5117587447166443	NA
Cell_986	NA	0.5148420929908752	NA
Cell_987	NA	0.5123388171195984	NA
Cell_988	NA	0.5143042802810669	NA
Cell_989	NA	0.5120131373405457	NA
Cell_990	NA	0.5147219300270081	NA
Cell_991	NA	0.522365152835846	NA
Cell_992	NA	0.5219675898551941	NA
Cell_993	NA	0.5223856568336487	NA
Cell_994	NA	0.5290095210075378	NA
Cell_995	NA	0.5351510047912598	NA
Cell_996	NA	0.5363244414329529	NA
Cell_997	NA	0.5383131504058838	NA
Cell_998	NA	0.5381423830986023	NA
Cell_999	NA	0.5400760769844055	NA
Cell_1000	NA	0.53667151927948	NA
Cell_1001	NA	0.5350233316421509	NA
Cell_1002	NA	0.5379847288131714	NA
Cell_1003	NA	0.5355318784713745	NA
Cell_1004	NA	0.5361983180046082	NA
Cell_1005	NA	0.5347486138343811	NA
Cell_1006	NA	0.5316235423088074	NA
Cell_1007	NA	0.5283281207084656	NA
Cell_1008	NA	0.5323485136032104	NA
Cell_1009	NA	0.5449205040931702	NA
Cell_1010	NA	0.5877461433410645	NA
Cell_1011	NA	0.5880445241928101	NA
Cell_1012	NA	0.5968393087387085	NA
Cell_1013	NA	0.5976399779319763	NA
Cell_1014	NA	0.6008309125900269	NA
Cell_1015	NA	0.5965975522994995	NA
Cell_1016	NA	0.6024534106254578	NA
Cell_1017	NA	0.5982624888420105	NA
Cell_1018	NA	0.5969231128692627	NA
Cell_1019	NA	0.5960542559623718	NA
Cell_1020	NA	0.5977970957756042	NA
Cell_1021	NA	0.5953475832939148	NA
Cell_1022	NA	0.5920447707176208	NA
Cell_1023	NA	0.5959629416465759	NA
Cell_1024	NA	0.5981406569480896	NA
Cell_1025	NA	0.595253050327301	NA
Cell_1026	NA	0.5995160341262817	NA
Cell_1027	NA	0.6012997627258301	NA
Cell_1028	NA	0.6055278778076172	NA
Cell_1029	NA	0.6084139347076416	NA
Cell_1030	NA	0.6054968237876892	NA
Cell_1031	NA	0.614019513130188	NA
Cell_1032	NA	0.6233027577400208	NA
Cell_1033	NA	0.6209065318107605	NA
Cell_1034	NA	0.6207391023635864	NA
Cell_1035	NA	0.6170100569725037	NA
Cell_1036	NA	0.6239767074584961	NA
Cell_1037	NA	0.628472089767456	NA
Cell_1038	NA	0.6255404949188232	NA
Cell_1039	NA	0.6224104166030884	NA
Cell_1040	NA	0.6276426315307617	NA
Cell_1041	NA	0.6337994337081909	NA
Cell_1042	NA	0.6416794061660767	NA
Cell_1043	NA	0.6359720826148987	NA
Cell_1044	NA	0.6433055996894836	NA
Cell_1045	NA	0.640039324760437	NA
Cell_1046	NA	0.6383544206619263	NA
Cell_1047	NA	0.6407667994499207	NA
Cell_1048	NA	0.6522329449653625	NA
Cell_1049	NA	0.6479443907737732	NA
Cell_1050	NA	0.6514443159103394	NA
Cell_1051	NA	0.6529664397239685	NA
Cell_1052	NA	0.654632568359375	NA
Cell_1053	NA	0.6525884866714478	NA
Cell_1054	NA	0.6513281464576721	NA
Cell_1055	NA	0.6511096358299255	NA
Cell_1056	NA	0.6528857350349426	NA
Cell_1057	NA	0.6486741304397583	NA
Cell_1058	NA	0.6474183797836304	NA
Cell_1059	NA	0.6573039889335632	NA
Cell_1060	NA	0.6548484563827515	NA
Cell_1061	NA	0.6521808505058289	NA
Cell_1062	NA	0.6509029269218445	NA
Cell_1063	NA	0.9407625794410706	NA
Cell_1064	NA	0.9392380118370056	NA
Cell_1065	NA	0.9441486597061157	NA
Cell_1066	NA	0.9397719502449036	NA
Cell_1067	NA	0.9466990828514099	NA
Cell_1068	NA	0.937163770198822	NA
Cell_1069	NA	0.9297803640365601	NA
Cell_1070	NA	0.9387566447257996	NA
Cell_1071	NA	0.92740398645401	NA
Cell_1072	NA	0.9221210479736328	NA
Cell_1073	NA	0.9142798185348511	NA
Cell_1074	NA	0.9113773107528687	NA
Cell_1075	NA	0.9185129404067993	NA
Cell_1076	NA	0.9107823967933655	NA
Cell_1077	0.9164294600486755	NA	NA
Cell_1078	NA	0.9113643765449524	NA
Cell_1079	0.9156439900398254	NA	NA
Cell_1080	0.9175565242767334	NA	NA
Cell_1081	0.9224647283554077	NA	NA
Cell_1082	0.9239830374717712	NA	NA
Cell_1083	0.9337133765220642	NA	NA
Cell_1084	0.9401559829711914	NA	NA
Cell_1085	0.9421394467353821	NA	NA
Cell_1086	0.9444563388824463	NA	NA
Cell_1087	NA	0.9491386413574219	NA
Cell_1088	0.9381730556488037	NA	NA
Cell_1089	0.9357853531837463	NA	NA
Cell_1090	0.9205389022827148	NA	NA
Cell_1091	0.9094359874725342	NA	NA
Cell_1092	0.9029744267463684	NA	NA
Cell_1093	0.904021680355072	NA	NA
Cell_1094	0.9056402444839478	NA	NA
Cell_1095	0.9063004851341248	NA	NA
Cell_1096	0.9010264873504639	NA	NA
Cell_1097	0.900952160358429	NA	NA
Cell_1098	0.9017869830131531	NA	NA
Cell_1099	0.9011083841323853	NA	NA
Cell_1100	0.8994815945625305	NA	NA
Cell_1101	0.9020159840583801	NA	NA
Cell_1102	0.8974735736846924	NA	NA
Cell_1103	0.9022305607795715	NA	NA
Cell_1104	0.8936747908592224	NA	NA
Cell_1105	0.8950496315956116	NA	NA
Cell_1106	0.8906403183937073	NA	NA
Cell_1107	0.8879839777946472	NA	NA
Cell_1108	0.8811286091804504	NA	NA
Cell_1109	0.8743201494216919	NA	NA
Cell_1110	0.8796426057815552	NA	NA
Cell_1111	0.875450849533081	NA	NA
Cell_1112	0.8789042830467224	NA	NA
Cell_1113	0.8804359436035156	NA	NA
Cell_1114	0.8773975968360901	NA	NA
Cell_1115	0.8707380890846252	NA	NA
Cell_1116	0.8685732483863831	NA	NA
Cell_1117	0.8618641495704651	NA	NA
Cell_1118	0.8581370711326599	NA	NA
Cell_1119	0.862159788608551	NA	NA
Cell_1120	0.861748456954956	NA	NA
Cell_1121	0.8703691959381104	NA	NA
Cell_1122	0.8652923107147217	NA	NA
Cell_1123	0.8659381866455078	NA	NA
Cell_1124	0.8719850778579712	NA	NA
Cell_1125	0.8732287883758545	NA	NA
Cell_1126	0.8690464496612549	NA	NA
Cell_1127	0.8824133276939392	NA	NA
Cell_1128	0.8695701360702515	NA	NA
Cell_1129	0.8768938779830933	NA	NA
Cell_1130	0.8820632696151733	NA	NA
Cell_1131	0.8844287991523743	NA	NA
Cell_1132	0.8885260820388794	NA	NA
Cell_1133	0.8925424814224243	NA	NA
Cell_1134	0.8927532434463501	NA	NA
Cell_1135	0.8898844122886658	NA	NA
Cell_1136	0.8859961628913879	NA	NA
Cell_1137	0.8812347054481506	NA	NA
Cell_1138	0.8761679530143738	NA	NA
Cell_1139	0.8521811962127686	NA	NA
Cell_1140	0.8539010882377625	NA	NA
Cell_1141	0.8477717638015747	NA	NA
Cell_1142	0.8362838625907898	NA	NA
Cell_1143	0.8376703858375549	NA	NA
Cell_1144	0.8310050368309021	NA	NA
Cell_1145	0.8281410932540894	NA	NA
Cell_1146	0.8323549628257751	NA	NA
Cell_1147	0.8260787725448608	NA	NA
Cell_1148	0.8286574482917786	NA	NA
Cell_1149	0.832883358001709	NA	NA
Cell_1150	0.8350285887718201	NA	NA
Cell_1151	0.833441436290741	NA	NA
Cell_1152	0.8339663147926331	NA	NA
Cell_1153	0.8320466876029968	NA	NA
Cell_1154	0.822606086730957	NA	NA
Cell_1155	0.8226240277290344	NA	NA
Cell_1156	0.8186258673667908	NA	NA
Cell_1157	0.8118348121643066	NA	NA
Cell_1158	0.8118700385093689	NA	NA
Cell_1159	0.813811182975769	NA	NA
Cell_1160	0.8151001930236816	NA	NA
Cell_1161	0.817801296710968	NA	NA
Cell_1162	0.8195651173591614	NA	NA
Cell_1163	0.8162857294082642	NA	NA
Cell_1164	0.817610502243042	NA	NA
Cell_1165	0.8151653409004211	NA	NA
Cell_1166	0.816235363483429	NA	NA
Cell_1167	0.816050112247467	NA	NA
Cell_1168	0.8102983832359314	NA	NA
Cell_1169	0.810337245464325	NA	NA
Cell_1170	0.7993394136428833	NA	NA
Cell_1171	0.7976099252700806	NA	NA
Cell_1172	0.791047990322113	NA	NA
Cell_1173	0.7847097516059875	NA	NA
Cell_1174	0.7774658203125	NA	NA
Cell_1175	0.7783645391464233	NA	NA
Cell_1176	0.7716373205184937	NA	NA
Cell_1177	0.7728915214538574	NA	NA
Cell_1178	0.772556483745575	NA	NA
Cell_1179	0.7679185271263123	NA	NA
Cell_1180	0.7610586881637573	NA	NA
Cell_1181	0.760998010635376	NA	NA
Cell_1182	0.7614567279815674	NA	NA
Cell_1183	0.7459224462509155	NA	NA
Cell_1184	0.7226963043212891	NA	NA
Cell_1185	0.7237867116928101	NA	NA
Cell_1186	0.7204484939575195	NA	NA
Cell_1187	0.7146854996681213	NA	NA
Cell_1188	0.7139021754264832	NA	NA
Cell_1189	0.7130383849143982	NA	NA
Cell_1190	0.7134578227996826	NA	NA
Cell_1191	0.7127894163131714	NA	NA
Cell_1192	0.711672842502594	NA	NA
Cell_1193	0.7077378630638123	NA	NA
Cell_1194	0.7029489278793335	NA	NA
Cell_1195	0.7029798030853271	NA	NA
Cell_1196	0.7072354555130005	NA	NA
Cell_1197	0.7021995782852173	NA	NA
Cell_1198	0.701724112033844	NA	NA
Cell_1199	0.6986331939697266	NA	NA
Cell_1200	0.6968410611152649	NA	NA
Cell_1201	0.70046067237854	NA	NA
Cell_1202	0.7003486752510071	NA	NA
Cell_1203	0.7025043964385986	NA	NA
Cell_1204	0.703656017780304	NA	NA
Cell_1205	0.7003389000892639	NA	NA
Cell_1206	0.701427698135376	NA	NA
Cell_1207	0.6918680667877197	NA	NA
Cell_1208	0.6895406246185303	NA	NA
Cell_1209	0.6922591328620911	NA	NA
Cell_1210	0.6867033839225769	NA	NA
Cell_1211	0.6890522241592407	NA	NA
Cell_1212	0.6880178451538086	NA	NA
Cell_1213	0.6854774355888367	NA	NA
Cell_1214	0.6831008791923523	NA	NA
Cell_1215	0.6697495579719543	NA	NA
Cell_1216	0.6691298484802246	NA	NA
Cell_1217	0.6715735793113708	NA	NA
Cell_1218	0.6613841652870178	NA	NA
Cell_1219	0.6553043723106384	NA	NA
Cell_1220	0.6336166858673096	NA	NA
Cell_1221	0.6291000843048096	NA	NA
Cell_1222	0.6236308813095093	NA	NA
Cell_1223	0.6229197978973389	NA	NA
Cell_1224	0.6187551617622375	NA	NA
Cell_1225	0.6150199174880981	NA	NA
Cell_1226	0.6121872067451477	NA	NA
Cell_1227	0.6114910840988159	NA	NA
Cell_1228	0.611806333065033	NA	NA
Cell_1229	0.6106501221656799	NA	NA
Cell_1230	0.6114339828491211	NA	NA
Cell_1231	0.6083998084068298	NA	NA
Cell_1232	0.6101201176643372	NA	NA
Cell_1233	0.6078341603279114	NA	NA
Cell_1234	0.6083966493606567	NA	NA
Cell_1235	0.6090472936630249	NA	NA
Cell_1236	0.6049640774726868	NA	NA
Cell_1237	0.6085610389709473	NA	NA
Cell_1238	0.6065352559089661	NA	NA
Cell_1239	0.6074711084365845	NA	NA
Cell_1240	0.610443115234375	NA	NA
Cell_1241	0.6074259877204895	NA	NA
Cell_1242	0.6063355803489685	NA	NA
Cell_1243	0.605642557144165	NA	NA
Cell_1244	0.6063152551651001	NA	NA
Cell_1245	0.6041580438613892	NA	NA
Cell_1246	0.6040277481079102	NA	NA
Cell_1247	0.6035846471786499	NA	NA
Cell_1248	0.60341477394104	NA	NA
Cell_1249	0.6012166142463684	NA	NA
Cell_1250	0.5999738574028015	NA	NA
Cell_1251	0.6000010371208191	NA	NA
Cell_1252	0.6003201603889465	NA	NA
Cell_1253	0.5936936736106873	NA	NA
Cell_1254	0.5931077003479004	NA	NA
Cell_1255	0.5918084383010864	NA	NA
Cell_1256	0.5908684730529785	NA	NA
Cell_1257	0.5883647203445435	NA	NA
Cell_1258	0.5859594941139221	NA	NA
Cell_1259	0.586182713508606	NA	NA
Cell_1260	0.5851200222969055	NA	NA
Cell_1261	0.5862948894500732	NA	NA
Cell_1262	0.5887237787246704	NA	NA
Cell_1263	0.5869654417037964	NA	NA
Cell_1264	0.5838395357131958	NA	NA
Cell_1265	0.5790236592292786	NA	NA
Cell_1266	0.5782871842384338	NA	NA
Cell_1267	0.5793912410736084	NA	NA
Cell_1268	0.5804213285446167	NA	NA
Cell_1269	0.576936662197113	NA	NA
Cell_1270	0.5771409869194031	NA	NA
Cell_1271	0.575449526309967	NA	NA
Cell_1272	0.557275652885437	NA	NA
Cell_1273	0.5524610877037048	NA	NA
Cell_1274	0.5451287627220154	NA	NA
Cell_1275	0.5486394166946411	NA	NA
Cell_1276	0.5420215725898743	NA	NA
Cell_1277	0.5388895869255066	NA	NA
Cell_1278	0.5425800085067749	NA	NA
Cell_1279	0.5416080355644226	NA	NA
Cell_1280	0.5404828190803528	NA	NA
Cell_1281	0.5400522351264954	NA	NA
Cell_1282	0.5395010113716125	NA	NA
Cell_1283	0.5361700654029846	NA	NA
Cell_1284	0.5383316278457642	NA	NA
Cell_1285	0.5334773063659668	NA	NA
Cell_1286	0.5325912833213806	NA	NA
Cell_1287	0.5306689739227295	NA	NA
Cell_1288	0.5304343104362488	NA	NA
Cell_1289	0.5262269377708435	NA	NA
Cell_1290	0.52216637134552	NA	NA
Cell_1291	0.5211707949638367	NA	NA
Cell_1292	0.5216197967529297	NA	NA
Cell_1293	0.5204429030418396	NA	NA
Cell_1294	0.5148231387138367	NA	NA
Cell_1295	0.5147783756256104	NA	NA
Cell_1296	0.5163673758506775	NA	NA
Cell_1297	0.5077992081642151	NA	NA
Cell_1298	0.5085370540618896	NA	NA
Cell_1299	0.5017890930175781	NA	NA
Cell_1300	0.5039225220680237	NA	NA
Cell_1301	0.5057318806648254	NA	NA
Cell_1302	0.49929606914520264	NA	NA
Cell_1303	0.49567022919654846	NA	NA
Cell_1304	0.48878875374794006	NA	NA
Cell_1305	0.4832160472869873	NA	NA
Cell_1306	0.48096412420272827	NA	NA
Cell_1307	0.4817885160446167	NA	NA
Cell_1308	0.4783773124217987	NA	NA
Cell_1309	0.4829510450363159	NA	NA
Cell_1310	0.4851202070713043	NA	NA
Cell_1311	0.4846518337726593	NA	NA
Cell_1312	0.48695215582847595	NA	NA
Cell_1313	0.4864237308502197	NA	NA
Cell_1314	0.48518556356430054	NA	NA
Cell_1315	0.48343905806541443	NA	NA
Cell_1316	0.4844377338886261	NA	NA
Cell_1317	0.4847124218940735	NA	NA
Cell_1318	0.48543161153793335	NA	NA
Cell_1319	0.485065221786499	NA	NA
Cell_1320	0.4847123622894287	NA	NA
Cell_1321	0.48385873436927795	NA	NA
Cell_1322	0.48254579305648804	NA	NA
Cell_1323	0.4834847152233124	NA	NA
Cell_1324	0.48100000619888306	NA	NA
Cell_1325	0.4787592887878418	NA	NA
Cell_1326	0.4698750376701355	NA	NA
Cell_1327	0.457871675491333	NA	NA
Cell_1328	0.4607204496860504	NA	NA
Cell_1329	0.45692092180252075	NA	NA
Cell_1330	0.45877763628959656	NA	NA
Cell_1331	0.45890048146247864	NA	NA
Cell_1332	0.4559191167354584	NA	NA
Cell_1333	0.4581321179866791	NA	NA
Cell_1334	0.4518808126449585	NA	NA
Cell_1335	0.44953346252441406	NA	NA
Cell_1336	0.4459429085254669	NA	NA
Cell_1337	0.44097232818603516	NA	NA
Cell_1338	0.4368544816970825	NA	NA
Cell_1339	0.4325059652328491	NA	NA
Cell_1340	0.4269256293773651	NA	NA
Cell_1341	0.42601245641708374	NA	NA
Cell_1342	0.43139544129371643	NA	NA
Cell_1343	0.4311596751213074	NA	NA
Cell_1344	0.42832857370376587	NA	NA
Cell_1345	0.4238516390323639	NA	NA
Cell_1346	0.4252347946166992	NA	NA
Cell_1347	0.42660561203956604	NA	NA
Cell_1348	0.42705321311950684	NA	NA
Cell_1349	0.4251154661178589	NA	NA
Cell_1350	0.4261554181575775	NA	NA
Cell_1351	0.4255194365978241	NA	NA
Cell_1352	0.42443570494651794	NA	NA
Cell_1353	0.42311352491378784	NA	NA
Cell_1354	0.42308488488197327	NA	NA
Cell_1355	0.42283114790916443	NA	NA
Cell_1356	0.4226769208908081	NA	NA
Cell_1357	0.4212985634803772	NA	NA
Cell_1358	0.4223818778991699	NA	NA
Cell_1359	0.41755545139312744	NA	NA
Cell_1360	0.4163729250431061	NA	NA
Cell_1361	0.4209315776824951	NA	NA
Cell_1362	0.42100003361701965	NA	NA
Cell_1363	0.4212140738964081	NA	NA
Cell_1364	0.4222051203250885	NA	NA
Cell_1365	0.42329367995262146	NA	NA
Cell_1366	0.424044668674469	NA	NA
Cell_1367	0.419636994600296	NA	NA
Cell_1368	0.41930946707725525	NA	NA
Cell_1369	0.41861727833747864	NA	NA
Cell_1370	0.41968515515327454	NA	NA
Cell_1371	0.4174511730670929	NA	NA
Cell_1372	0.4193256199359894	NA	NA
Cell_1373	0.41834545135498047	NA	NA
Cell_1374	0.415942907333374	NA	NA
Cell_1375	0.4138876795768738	NA	NA
Cell_1376	0.4131115972995758	NA	NA
Cell_1377	0.41092923283576965	NA	NA
Cell_1378	0.4085451066493988	NA	NA
Cell_1379	0.4080526828765869	NA	NA
Cell_1380	0.40978148579597473	NA	NA
Cell_1381	0.41008681058883667	NA	NA
Cell_1382	0.4118686020374298	NA	NA
Cell_1383	0.41369345784187317	NA	NA
Cell_1384	0.41391614079475403	NA	NA
Cell_1385	0.4151645302772522	NA	NA
Cell_1386	0.4139362573623657	NA	NA
Cell_1387	0.41331446170806885	NA	NA
Cell_1388	0.4110367000102997	NA	NA
Cell_1389	0.41187652945518494	NA	NA
Cell_1390	0.41104915738105774	NA	NA
Cell_1391	0.4110596477985382	NA	NA
Cell_1392	0.410846471786499	NA	NA
Cell_1393	0.4102715253829956	NA	NA
Cell_1394	0.4079894721508026	NA	NA
Cell_1395	0.40536102652549744	NA	NA
Cell_1396	0.4069668650627136	NA	NA
Cell_1397	0.40584397315979004	NA	NA
Cell_1398	0.40535783767700195	NA	NA
Cell_1399	0.40474316477775574	NA	NA
Cell_1400	0.4050706624984741	NA	NA
Cell_1401	0.40096473693847656	NA	NA
Cell_1402	0.39602863788604736	NA	NA
Cell_1403	0.3950195014476776	NA	NA
Cell_1404	0.39381974935531616	NA	NA
Cell_1405	0.38915783166885376	NA	NA
Cell_1406	0.38839325308799744	NA	NA
Cell_1407	0.38881605863571167	NA	NA
Cell_1408	0.38804957270622253	NA	NA
Cell_1409	0.38744214177131653	NA	NA
Cell_1410	0.389047771692276	NA	NA
Cell_1411	0.38806653022766113	NA	NA
Cell_1412	0.38513752818107605	NA	NA
Cell_1413	0.3773108124732971	NA	NA
Cell_1414	0.3796933591365814	NA	NA
Cell_1415	0.38224321603775024	NA	NA
Cell_1416	0.38632407784461975	NA	NA
Cell_1417	0.38890039920806885	NA	NA
Cell_1418	0.3897482454776764	NA	NA
Cell_1419	0.3891327977180481	NA	NA
Cell_1420	0.38990291953086853	NA	NA
Cell_1421	0.3895513713359833	NA	NA
Cell_1422	0.39024242758750916	NA	NA
Cell_1423	0.39066222310066223	NA	NA
Cell_1424	0.3913572430610657	NA	NA
Cell_1425	0.3929927945137024	NA	NA
Cell_1426	0.39556020498275757	NA	NA
Cell_1427	0.40105757117271423	NA	NA
Cell_1428	0.40565937757492065	NA	NA
Cell_1429	0.4079509973526001	NA	NA
Cell_1430	0.4066142737865448	NA	NA
Cell_1431	0.40872952342033386	NA	NA
Cell_1432	0.4107677638530731	NA	NA
Cell_1433	0.4082873463630676	NA	NA
Cell_1434	0.4081612825393677	NA	NA
Cell_1435	0.40837419033050537	NA	NA
Cell_1436	0.4085446894168854	NA	NA
Cell_1437	0.4089123606681824	NA	NA
Cell_1438	0.41172170639038086	NA	NA
Cell_1439	0.41543781757354736	NA	NA
Cell_1440	0.4122140109539032	NA	NA
Cell_1441	0.4125838577747345	NA	NA
Cell_1442	0.4130634665489197	NA	NA
Cell_1443	0.4131177067756653	NA	NA
Cell_1444	0.4180680811405182	NA	NA
Cell_1445	0.4201996326446533	NA	NA
Cell_1446	0.42495858669281006	NA	NA
Cell_1447	0.4294572174549103	NA	NA
Cell_1448	0.4328818619251251	NA	NA
Cell_1449	0.44544047117233276	NA	NA
Cell_1450	0.44947549700737	NA	NA
Cell_1451	0.45505979657173157	NA	NA
Cell_1452	0.5046215653419495	NA	NA
Cell_1453	0.5156124234199524	NA	NA
Cell_1454	0.5215343236923218	NA	NA
Cell_1455	0.5305403470993042	NA	NA
Cell_1456	0.5341013669967651	NA	NA
Cell_1457	0.530961275100708	NA	NA
Cell_1458	0.5371589064598083	NA	NA
Cell_1459	0.5435659289360046	NA	NA
Cell_1460	0.5491406321525574	NA	NA
Cell_1461	0.556911826133728	NA	NA
Cell_1462	0.5555520057678223	NA	NA
Cell_1463	0.5583352446556091	NA	NA
Cell_1464	0.5559859871864319	NA	NA
Cell_1465	0.5536945462226868	NA	NA
Cell_1466	0.5583885908126831	NA	NA
Cell_1467	0.5564149618148804	NA	NA
Cell_1468	0.5573381185531616	NA	NA
Cell_1469	0.5596768260002136	NA	NA
Cell_1470	0.5669453740119934	NA	NA
Cell_1471	0.5620177388191223	NA	NA
Cell_1472	0.5653116106987	NA	NA
Cell_1473	0.5685562491416931	NA	NA
Cell_1474	0.5662440657615662	NA	NA
Cell_1475	0.5651793479919434	NA	NA
Cell_1476	0.5693302750587463	NA	NA
Cell_1477	0.5773916244506836	NA	NA
Cell_1478	0.5796287655830383	NA	NA
Cell_1479	0.5786391496658325	NA	NA
Cell_1480	0.5774980187416077	NA	NA
Cell_1481	0.571167528629303	NA	NA
Cell_1482	0.5671502351760864	NA	NA
Cell_1483	0.5706139206886292	NA	NA
Cell_1484	0.5715334415435791	NA	NA
Cell_1485	0.5671210289001465	NA	NA
Cell_1486	0.572485089302063	NA	NA
Cell_1487	0.5658349990844727	NA	NA
Cell_1488	0.5729194283485413	NA	NA
Cell_1489	0.5750404000282288	NA	NA
Cell_1490	0.5774776339530945	NA	NA
Cell_1491	0.57606440782547	NA	NA
Cell_1492	0.5840223431587219	NA	NA
Cell_1493	0.5823848843574524	NA	NA
Cell_1494	0.5851837992668152	NA	NA
Cell_1495	0.5875774025917053	NA	NA
Cell_1496	0.5924928784370422	NA	NA
Cell_1497	0.590257465839386	NA	NA
Cell_1498	0.5930338501930237	NA	NA
Cell_1499	0.5899324417114258	NA	NA
Cell_1500	0.5863334536552429	NA	NA
Cell_1501	0.5870206952095032	NA	NA
Cell_1502	0.5827575325965881	NA	NA
Cell_1503	0.5806754231452942	NA	NA
Cell_1504	0.5796940922737122	NA	NA
Cell_1505	0.5739808678627014	NA	NA
Cell_1506	0.5756657719612122	NA	NA
Cell_1507	0.5799043774604797	NA	NA
Cell_1508	0.5754797458648682	NA	NA
Cell_1509	0.5776914954185486	NA	NA
Cell_1510	0.5751546621322632	NA	NA
Cell_1511	0.579983651638031	NA	NA
Cell_1512	0.5924390554428101	NA	NA
Cell_1513	0.5940929651260376	NA	NA
Cell_1514	0.5929499864578247	NA	NA
Cell_1515	0.5949130058288574	NA	NA
Cell_1516	0.598349928855896	NA	NA
Cell_1517	0.5966483354568481	NA	NA
Cell_1518	0.5951508283615112	NA	NA
Cell_1519	0.5928560495376587	NA	NA
Cell_1520	0.5904996395111084	NA	NA
Cell_1521	0.5880908966064453	NA	NA
Cell_1522	0.5890181064605713	NA	NA
Cell_1523	0.5894548296928406	NA	NA
Cell_1524	0.585303008556366	NA	NA
Cell_1525	0.5840491056442261	NA	NA
Cell_1526	0.591103732585907	NA	NA
Cell_1527	0.5966019630432129	NA	NA
Cell_1528	0.5917456150054932	NA	NA
Cell_1529	0.6004020571708679	NA	NA
Cell_1530	0.6007013320922852	NA	NA
Cell_1531	0.6038349270820618	NA	NA
Cell_1532	0.6010693907737732	NA	NA
Cell_1533	0.6025011539459229	NA	NA
Cell_1534	0.598872721195221	NA	NA
Cell_1535	NA	NA	0.8673912286758423
Cell_1536	NA	NA	0.8647017478942871
Cell_1537	NA	NA	0.8627228140830994
Cell_1538	NA	NA	0.8701300024986267
Cell_1539	NA	NA	0.86674964427948
Cell_1540	NA	NA	0.8742930293083191
Cell_1541	NA	NA	0.8724852204322815
Cell_1542	NA	NA	0.8819410800933838
Cell_1543	NA	NA	0.8847050666809082
Cell_1544	NA	NA	0.8857909440994263
Cell_1545	NA	NA	0.8961198329925537
Cell_1546	NA	NA	0.8901590704917908
Cell_1547	NA	NA	0.88416987657547
Cell_1548	NA	NA	0.8908511996269226
Cell_1549	NA	NA	0.9007343649864197
Cell_1550	NA	NA	0.8959339261054993
Cell_1551	NA	NA	0.9063100218772888
Cell_1552	NA	NA	0.9019714593887329
Cell_1553	NA	NA	0.9090656638145447
Cell_1554	NA	NA	0.9115680456161499
Cell_1555	NA	NA	0.9071571230888367
Cell_1556	NA	NA	0.9134598970413208
Cell_1557	NA	NA	0.9083732962608337
Cell_1558	NA	NA	0.9063801169395447
Cell_1559	NA	NA	0.9043475389480591
Cell_1560	NA	NA	0.9057318568229675
Cell_1561	NA	NA	0.9024879336357117
Cell_1562	NA	NA	0.8991255164146423
Cell_1563	NA	NA	0.906096875667572
Cell_1564	NA	NA	0.9044967889785767
Cell_1565	NA	NA	0.8981647491455078
Cell_1566	NA	NA	0.9003320336341858
Cell_1567	NA	NA	0.8979724049568176
Cell_1568	NA	NA	0.8988555073738098
Cell_1569	NA	NA	0.8935288190841675
Cell_1570	NA	NA	0.8944982290267944
Cell_1571	NA	NA	0.8945393562316895
Cell_1572	NA	NA	0.8963197469711304
Cell_1573	NA	NA	0.8960991501808167
Cell_1574	NA	NA	0.8974767327308655
Cell_1575	NA	NA	0.896117627620697
Cell_1576	NA	NA	0.8973751664161682
Cell_1577	NA	NA	0.8971015214920044
Cell_1578	NA	NA	0.8931583762168884
Cell_1579	NA	NA	0.8981677889823914
Cell_1580	NA	NA	0.8972514867782593
Cell_1581	NA	NA	0.9043504595756531
Cell_1582	NA	NA	0.899764358997345
Cell_1583	NA	NA	0.9049530029296875
Cell_1584	NA	NA	0.9045933485031128
Cell_1585	NA	NA	0.9100106954574585
Cell_1586	NA	NA	0.9132228493690491
Cell_1587	NA	NA	0.9143964648246765
Cell_1588	NA	NA	0.9171850085258484
Cell_1589	NA	NA	0.9169427752494812
Cell_1590	NA	NA	0.9161246418952942
Cell_1591	NA	NA	0.9138471484184265
Cell_1592	NA	NA	0.9153481721878052
Cell_1593	NA	NA	0.914793848991394
Cell_1594	NA	NA	0.9046320915222168
Cell_1595	NA	NA	0.9000123739242554
Cell_1596	NA	NA	0.9005457758903503
Cell_1597	NA	NA	0.9018388986587524
Cell_1598	NA	NA	0.8948127031326294
Cell_1599	NA	NA	0.891071617603302
Cell_1600	NA	NA	0.8851815462112427
Cell_1601	NA	NA	0.8842081427574158
Cell_1602	NA	NA	0.8915834426879883
Cell_1603	NA	NA	0.8925349116325378
Cell_1604	NA	NA	0.8944209218025208
Cell_1605	NA	NA	0.899090588092804
Cell_1606	NA	NA	0.8944383859634399
Cell_1607	NA	NA	0.905366063117981
Cell_1608	NA	NA	0.9033796191215515
Cell_1609	NA	NA	0.9024695158004761
Cell_1610	NA	NA	0.8898139595985413
Cell_1611	NA	NA	0.8828003406524658
Cell_1612	NA	NA	0.8857776522636414
Cell_1613	NA	NA	0.8790720701217651
Cell_1614	NA	NA	0.8809371590614319
Cell_1615	NA	NA	0.8841325044631958
Cell_1616	NA	NA	0.8879918456077576
Cell_1617	NA	NA	0.8958553075790405
Cell_1618	NA	NA	0.9050107002258301
Cell_1619	NA	NA	0.9087695479393005
Cell_1620	NA	NA	0.9054552912712097
Cell_1621	NA	NA	0.8948585391044617
Cell_1622	NA	NA	0.8961013555526733
Cell_1623	NA	NA	0.8960200548171997
Cell_1624	NA	NA	0.8899697661399841
Cell_1625	NA	NA	0.8772584199905396
Cell_1626	NA	NA	0.8779289126396179
Cell_1627	NA	NA	0.8790168762207031
Cell_1628	NA	NA	0.8765339851379395
Cell_1629	NA	NA	0.8748449683189392
Cell_1630	NA	NA	0.877088725566864
Cell_1631	NA	NA	0.874497652053833
Cell_1632	NA	NA	0.8711585402488708
Cell_1633	NA	NA	0.8695850968360901
Cell_1634	NA	NA	0.8648350238800049
Cell_1635	NA	NA	0.860639214515686
Cell_1636	NA	NA	0.8603978753089905
Cell_1637	NA	NA	0.8579301238059998
Cell_1638	NA	NA	0.8591471314430237
Cell_1639	NA	NA	0.8570356965065002
Cell_1640	NA	NA	0.8573061227798462
Cell_1641	NA	NA	0.8595410585403442
Cell_1642	NA	NA	0.8550021052360535
Cell_1643	NA	NA	0.8552265167236328
Cell_1644	NA	NA	0.8552215099334717
Cell_1645	NA	NA	0.8538953065872192
Cell_1646	NA	NA	0.853708803653717
Cell_1647	NA	NA	0.8531309366226196
Cell_1648	NA	NA	0.850959300994873
Cell_1649	NA	NA	0.8508961200714111
Cell_1650	NA	NA	0.8484615683555603
Cell_1651	NA	NA	0.8507436513900757
Cell_1652	NA	NA	0.8522494435310364
Cell_1653	NA	NA	0.851911723613739
Cell_1654	NA	NA	0.8553795218467712
Cell_1655	NA	NA	0.8528995513916016
Cell_1656	NA	NA	0.8513375520706177
Cell_1657	NA	NA	0.8491647243499756
Cell_1658	NA	NA	0.8498958945274353
Cell_1659	NA	NA	0.8448538780212402
Cell_1660	NA	NA	0.839648962020874
Cell_1661	NA	NA	0.838649332523346
Cell_1662	NA	NA	0.8321751952171326
Cell_1663	NA	NA	0.8352755904197693
Cell_1664	NA	NA	0.8308988213539124
Cell_1665	NA	NA	0.8271456956863403
Cell_1666	NA	NA	0.8228945136070251
Cell_1667	NA	NA	0.8200293779373169
Cell_1668	NA	NA	0.819208562374115
Cell_1669	NA	NA	0.8178737163543701
Cell_1670	NA	NA	0.8154283761978149
Cell_1671	NA	NA	0.8135075569152832
Cell_1672	NA	NA	0.8107320070266724
Cell_1673	NA	NA	0.8090267777442932
Cell_1674	NA	NA	0.8081862330436707
Cell_1675	NA	NA	0.8063608407974243
Cell_1676	NA	NA	0.800186038017273
Cell_1677	NA	NA	0.7993550300598145
Cell_1678	NA	NA	0.7967850565910339
Cell_1679	NA	NA	0.7919341325759888
Cell_1680	NA	NA	0.7854453325271606
Cell_1681	NA	NA	0.7829375267028809
Cell_1682	NA	NA	0.7801576256752014
Cell_1683	NA	NA	0.7800242900848389
Cell_1684	NA	NA	0.7767324447631836
Cell_1685	NA	NA	0.7748713493347168
Cell_1686	NA	NA	0.7697950601577759
Cell_1687	NA	NA	0.76966792345047
Cell_1688	NA	NA	0.7672545909881592
Cell_1689	NA	NA	0.7762503027915955
Cell_1690	NA	NA	0.7757226228713989
Cell_1691	NA	NA	0.7733523845672607
Cell_1692	NA	NA	0.772027313709259
Cell_1693	NA	NA	0.7737280130386353
Cell_1694	NA	NA	0.770717978477478
Cell_1695	NA	NA	0.7627992033958435
Cell_1696	NA	NA	0.7568331956863403
Cell_1697	NA	NA	0.7548679709434509
Cell_1698	NA	NA	0.7535221576690674
Cell_1699	NA	NA	0.7555137872695923
Cell_1700	NA	NA	0.7491813898086548
Cell_1701	NA	NA	0.7506665587425232
Cell_1702	NA	NA	0.7442680597305298
Cell_1703	NA	NA	0.7461862564086914
Cell_1704	NA	NA	0.7467591166496277
Cell_1705	NA	NA	0.7366629838943481
Cell_1706	NA	NA	0.737349271774292
Cell_1707	NA	NA	0.7290507555007935
Cell_1708	NA	NA	0.7280821800231934
Cell_1709	NA	NA	0.7197860479354858
Cell_1710	NA	NA	0.7177563309669495
Cell_1711	NA	NA	0.7161181569099426
Cell_1712	NA	NA	0.719672441482544
Cell_1713	NA	NA	0.7238408923149109
Cell_1714	NA	NA	0.7210222482681274
Cell_1715	NA	NA	0.7222334742546082
Cell_1716	NA	NA	0.7140921354293823
Cell_1717	NA	NA	0.7177414298057556
Cell_1718	NA	NA	0.7187264561653137
Cell_1719	NA	NA	0.6841941475868225
Cell_1720	NA	NA	0.6759239435195923
Cell_1721	NA	NA	0.6788449287414551
Cell_1722	NA	NA	0.6707008481025696
Cell_1723	NA	NA	0.6749119162559509
Cell_1724	NA	NA	0.6634675860404968
Cell_1725	NA	NA	0.6679015159606934
Cell_1726	NA	NA	0.6577887535095215
Cell_1727	NA	NA	0.6372752785682678
Cell_1728	NA	NA	0.6207270622253418
Cell_1729	NA	NA	0.6147579550743103
Cell_1730	NA	NA	0.6036602258682251
Cell_1731	NA	NA	0.5965662598609924
Cell_1732	NA	NA	0.5846309661865234
Cell_1733	NA	NA	0.5853490233421326
Cell_1734	NA	NA	0.5728782415390015
Cell_1735	NA	NA	0.5659144520759583
Cell_1736	NA	NA	0.5600279569625854
Cell_1737	NA	NA	0.5610368847846985
Cell_1738	NA	NA	0.5620317459106445
Cell_1739	NA	NA	0.5576950907707214
Cell_1740	NA	NA	0.55950528383255
Cell_1741	NA	NA	0.5601788759231567
Cell_1742	NA	NA	0.559548020362854
Cell_1743	NA	NA	0.556061863899231
Cell_1744	NA	NA	0.5528180599212646
Cell_1745	NA	NA	0.5461624264717102
Cell_1746	NA	NA	0.5480256676673889
Cell_1747	NA	NA	0.5459774732589722
Cell_1748	NA	NA	0.5441564321517944
Cell_1749	NA	NA	0.5445553660392761
Cell_1750	NA	NA	0.5414119362831116
Cell_1751	NA	NA	0.531457245349884
Cell_1752	NA	NA	0.5311246514320374
Cell_1753	NA	NA	0.5208120942115784
Cell_1754	NA	NA	0.5314688682556152
Cell_1755	NA	NA	0.530040442943573
Cell_1756	NA	NA	0.5288847088813782
Cell_1757	NA	NA	0.49690574407577515
Cell_1758	NA	NA	0.4970279037952423
Cell_1759	NA	NA	0.4981418251991272
Cell_1760	NA	NA	0.4996282160282135
Cell_1761	NA	NA	0.49893876910209656
Cell_1762	NA	NA	0.502856433391571
Cell_1763	NA	NA	0.5092371702194214
Cell_1764	NA	NA	0.5149644613265991
Cell_1765	NA	NA	0.5122299790382385
Cell_1766	NA	NA	0.5102397203445435
Cell_1767	NA	NA	0.5147863030433655
Cell_1768	NA	NA	0.5156916379928589
Cell_1769	NA	NA	0.5011698603630066
Cell_1770	NA	NA	0.4973081946372986
Cell_1771	NA	NA	0.4922425448894501
Cell_1772	NA	NA	0.4885011315345764
Cell_1773	NA	NA	0.4848186671733856
Cell_1774	NA	NA	0.4874016344547272
Cell_1775	NA	NA	0.4816027283668518
Cell_1776	NA	NA	0.49017655849456787
Cell_1777	NA	NA	0.4843539297580719
Cell_1778	NA	NA	0.48437342047691345
Cell_1779	NA	NA	0.48288074135780334
Cell_1780	NA	NA	0.4821465015411377
Cell_1781	NA	NA	0.4837738573551178
Cell_1782	NA	NA	0.4839101731777191
Cell_1783	NA	NA	0.4837055504322052
Cell_1784	NA	NA	0.484269380569458
Cell_1785	NA	NA	0.48245930671691895
Cell_1786	NA	NA	0.48103922605514526
Cell_1787	NA	NA	0.4787790775299072
Cell_1788	NA	NA	0.47562864422798157
Cell_1789	NA	NA	0.4715479910373688
Cell_1790	NA	NA	0.46816593408584595
Cell_1791	NA	NA	0.465165376663208
Cell_1792	NA	NA	0.4604036211967468
Cell_1793	NA	NA	0.45315858721733093
Cell_1794	NA	NA	0.44590291380882263
Cell_1795	NA	NA	0.444933146238327
Cell_1796	NA	NA	0.44969943165779114
Cell_1797	NA	NA	0.44655588269233704
Cell_1798	NA	NA	0.4448758065700531
Cell_1799	NA	NA	0.43972355127334595
Cell_1800	NA	NA	0.44187334179878235
Cell_1801	NA	NA	0.43503516912460327
Cell_1802	NA	NA	0.43711423873901367
Cell_1803	NA	NA	0.4356280267238617
Cell_1804	NA	NA	0.4347725212574005
Cell_1805	NA	NA	0.4343988001346588
Cell_1806	NA	NA	0.4340604245662689
Cell_1807	NA	NA	0.43529343605041504
Cell_1808	NA	NA	0.4355229139328003
Cell_1809	NA	NA	0.43554073572158813
Cell_1810	NA	NA	0.43546390533447266
Cell_1811	NA	NA	0.4357677698135376
Cell_1812	NA	NA	0.43539196252822876
Cell_1813	NA	NA	0.4351670444011688
Cell_1814	NA	NA	0.4339750409126282
Cell_1815	NA	NA	0.4335077702999115
Cell_1816	NA	NA	0.4325803518295288
Cell_1817	NA	NA	0.42940059304237366
Cell_1818	NA	NA	0.42599818110466003
Cell_1819	NA	NA	0.42654895782470703
Cell_1820	NA	NA	0.4231890141963959
Cell_1821	NA	NA	0.42179811000823975
Cell_1822	NA	NA	0.4210909605026245
Cell_1823	NA	NA	0.4238303005695343
Cell_1824	NA	NA	0.42350950837135315
Cell_1825	NA	NA	0.4252740442752838
Cell_1826	NA	NA	0.4251059889793396
Cell_1827	NA	NA	0.4238300025463104
Cell_1828	NA	NA	0.4200623035430908
Cell_1829	NA	NA	0.41435515880584717
Cell_1830	NA	NA	0.41683486104011536
Cell_1831	NA	NA	0.41357994079589844
Cell_1832	NA	NA	0.4095269739627838
Cell_1833	NA	NA	0.41192394495010376
Cell_1834	NA	NA	0.40726238489151
Cell_1835	NA	NA	0.4047242999076843
Cell_1836	NA	NA	0.40608853101730347
Cell_1837	NA	NA	0.4058622121810913
Cell_1838	NA	NA	0.4076874852180481
Cell_1839	NA	NA	0.40955230593681335
Cell_1840	NA	NA	0.4055815637111664
Cell_1841	NA	NA	0.40305665135383606
Cell_1842	NA	NA	0.40530723333358765
Cell_1843	NA	NA	0.40346401929855347
Cell_1844	NA	NA	0.4023118019104004
Cell_1845	NA	NA	0.3960413634777069
Cell_1846	NA	NA	0.3965345621109009
Cell_1847	NA	NA	0.3967905342578888
Cell_1848	NA	NA	0.39918288588523865
Cell_1849	NA	NA	0.40032047033309937
Cell_1850	NA	NA	0.4009004533290863
Cell_1851	NA	NA	0.40044116973876953
Cell_1852	NA	NA	0.4012843072414398
Cell_1853	NA	NA	0.39975154399871826
Cell_1854	NA	NA	0.393795371055603
Cell_1855	NA	NA	0.39533326029777527
Cell_1856	NA	NA	0.39584290981292725
Cell_1857	NA	NA	0.39653289318084717
Cell_1858	NA	NA	0.39645400643348694
Cell_1859	NA	NA	0.3955787122249603
Cell_1860	NA	NA	0.3959428071975708
Cell_1861	NA	NA	0.3937157988548279
Cell_1862	NA	NA	0.390331894159317
Cell_1863	NA	NA	0.3854010999202728
Cell_1864	NA	NA	0.3873280882835388
Cell_1865	NA	NA	0.38393133878707886
Cell_1866	NA	NA	0.38292738795280457
Cell_1867	NA	NA	0.3824456036090851
Cell_1868	NA	NA	0.3812220096588135
Cell_1869	NA	NA	0.38169851899147034
Cell_1870	NA	NA	0.38031941652297974
Cell_1871	NA	NA	0.37898942828178406
Cell_1872	NA	NA	0.37569883465766907
Cell_1873	NA	NA	0.37504422664642334
Cell_1874	NA	NA	0.3755326569080353
Cell_1875	NA	NA	0.37123337388038635
Cell_1876	NA	NA	0.3680000603199005
Cell_1877	NA	NA	0.3487972617149353
Cell_1878	NA	NA	0.3479998707771301
Cell_1879	NA	NA	0.34781739115715027
Cell_1880	NA	NA	0.3506859242916107
Cell_1881	NA	NA	0.35203656554222107
Cell_1882	NA	NA	0.35653093457221985
Cell_1883	NA	NA	0.3555079698562622
Cell_1884	NA	NA	0.3529127538204193
Cell_1885	NA	NA	0.3537859618663788
Cell_1886	NA	NA	0.35313326120376587
Cell_1887	NA	NA	0.3527352213859558
Cell_1888	NA	NA	0.3549126982688904
Cell_1889	NA	NA	0.3568588197231293
Cell_1890	NA	NA	0.3548382818698883
Cell_1891	NA	NA	0.3535928726196289
Cell_1892	NA	NA	0.3613412082195282
Cell_1893	NA	NA	0.3512630760669708
Cell_1894	NA	NA	0.3508535623550415
Cell_1895	NA	NA	0.35205259919166565
Cell_1896	NA	NA	0.3527534008026123
Cell_1897	NA	NA	0.3506486415863037
Cell_1898	NA	NA	0.3507804274559021
Cell_1899	NA	NA	0.35361945629119873
Cell_1900	NA	NA	0.3521169424057007
Cell_1901	NA	NA	0.3480713367462158
Cell_1902	NA	NA	0.3462772071361542
Cell_1903	NA	NA	0.34493494033813477
Cell_1904	NA	NA	0.34275543689727783
Cell_1905	NA	NA	0.3427076041698456
Cell_1906	NA	NA	0.3422245681285858
Cell_1907	NA	NA	0.34197303652763367
Cell_1908	NA	NA	0.34330832958221436
Cell_1909	NA	NA	0.3429025709629059
Cell_1910	NA	NA	0.3456275761127472
Cell_1911	NA	NA	0.3467943072319031
Cell_1912	NA	NA	0.3464478552341461
Cell_1913	NA	NA	0.34623435139656067
Cell_1914	NA	NA	0.34724652767181396
Cell_1915	NA	NA	0.3470990061759949
Cell_1916	NA	NA	0.3478206396102905
Cell_1917	NA	NA	0.3467373847961426
Cell_1918	NA	NA	0.3487267792224884
Cell_1919	NA	NA	0.34888893365859985
Cell_1920	NA	NA	0.3507217764854431
Cell_1921	NA	NA	0.3508959710597992
Cell_1922	NA	NA	0.3504195809364319
Cell_1923	NA	NA	0.3504253923892975
Cell_1924	NA	NA	0.3515484929084778
Cell_1925	NA	NA	0.352292537689209
Cell_1926	NA	NA	0.35246968269348145
Cell_1927	NA	NA	0.3540465235710144
Cell_1928	NA	NA	0.35501110553741455
Cell_1929	NA	NA	0.3582891523838043
Cell_1930	NA	NA	0.35577237606048584
Cell_1931	NA	NA	0.3587486743927002
Cell_1932	NA	NA	0.3641127347946167
Cell_1933	NA	NA	0.36863410472869873
Cell_1934	NA	NA	0.3787830173969269
Cell_1935	NA	NA	0.3851465582847595
Cell_1936	NA	NA	0.3856298625469208
Cell_1937	NA	NA	0.3878304064273834
Cell_1938	NA	NA	0.387021005153656
Cell_1939	NA	NA	0.38873839378356934
Cell_1940	NA	NA	0.38824325799942017
Cell_1941	NA	NA	0.39067065715789795
Cell_1942	NA	NA	0.3924695551395416
Cell_1943	NA	NA	0.3940645754337311
Cell_1944	NA	NA	0.39411666989326477
Cell_1945	NA	NA	0.3926052451133728
Cell_1946	NA	NA	0.3925004303455353
Cell_1947	NA	NA	0.392426460981369
Cell_1948	NA	NA	0.39194542169570923
Cell_1949	NA	NA	0.3935660123825073
Cell_1950	NA	NA	0.39789676666259766
Cell_1951	NA	NA	0.39861419796943665
Cell_1952	NA	NA	0.39909130334854126
Cell_1953	NA	NA	0.3996821343898773
Cell_1954	NA	NA	0.4014301300048828
Cell_1955	NA	NA	0.4013496935367584
Cell_1956	NA	NA	0.4009058475494385
Cell_1957	NA	NA	0.40228572487831116
Cell_1958	NA	NA	0.4028812050819397
Cell_1959	NA	NA	0.40449097752571106
Cell_1960	NA	NA	0.4024397134780884
Cell_1961	NA	NA	0.40520602464675903
Cell_1962	NA	NA	0.4044220745563507
Cell_1963	NA	NA	0.40384042263031006
Cell_1964	NA	NA	0.40454673767089844
Cell_1965	NA	NA	0.4057964086532593
Cell_1966	NA	NA	0.4061233699321747
Cell_1967	NA	NA	0.4053453803062439
Cell_1968	NA	NA	0.40363171696662903
Cell_1969	NA	NA	0.4050060510635376
Cell_1970	NA	NA	0.4052596986293793
Cell_1971	NA	NA	0.40632328391075134
Cell_1972	NA	NA	0.40630531311035156
Cell_1973	NA	NA	0.4072149693965912
Cell_1974	NA	NA	0.40756332874298096
Cell_1975	NA	NA	0.40893274545669556
Cell_1976	NA	NA	0.4098348915576935
Cell_1977	NA	NA	0.40999433398246765
Cell_1978	NA	NA	0.40984588861465454
Cell_1979	NA	NA	0.4097863435745239
Cell_1980	NA	NA	0.4102102220058441
Cell_1981	NA	NA	0.41044747829437256
Cell_1982	NA	NA	0.41098952293395996
Cell_1983	NA	NA	0.41003522276878357
Cell_1984	NA	NA	0.4124317467212677
Cell_1985	NA	NA	0.4119455814361572
Cell_1986	NA	NA	0.415118932723999
Cell_1987	NA	NA	0.41512158513069153
Cell_1988	NA	NA	0.4171556532382965
Cell_1989	NA	NA	0.4153345823287964
Cell_1990	NA	NA	0.41530361771583557
Cell_1991	NA	NA	0.415069580078125
Cell_1992	NA	NA	0.411378413438797
Cell_1993	NA	NA	0.41042661666870117
Cell_1994	NA	NA	0.41053107380867004
Cell_1995	NA	NA	0.4109802842140198
Cell_1996	NA	NA	0.4100940227508545
Cell_1997	NA	NA	0.41149699687957764
Cell_1998	NA	NA	0.4092993438243866
Cell_1999	NA	NA	0.4095713198184967
