NA	1.04441650487431	NA
0.71798983973237	0.718152637524893	0.71771117471804
0	0	0
1.18086814106722	1.18106669696032	1.18411365112733
1.82332061865465	1.82455562434996	1.83143949614884
1.62698895261311	1.6249193453194	1.62884171104622
2.12108219032293	2.12257596797423	2.13166148489974
1.87913842555356	1.87988946394213	1.88606125410987
1.76173647951717	1.7620651351586	1.76476971633745
1.84451346781807	1.84437013211025	1.85076763500163
2.19122921248342	2.19093472124708	2.19939677799572
2.81837146971437	2.82077138086492	2.82825569048912
2.28562020924584	2.28368139841096	2.28883958373219
2.52551635340978	2.52664267430687	2.53418665537506
2.74387287216172	2.74683473351009	2.75826811557165
2.88743963920105	2.88350043666149	2.88953947328519
2.44297510506049	2.44287171314125	2.45360942084138
2.81334998194642	2.81631309224862	2.82651831943507
3.00718561446599	3.00444997756094	3.01446584344639
3.01545893823742	3.01330356148322	3.02428109980153
2.08428450417957	2.08351018492269	2.08932925250534
2.53097565154821	2.53076737571979	2.53650742183386
2.27510673412377	2.27490485629612	2.28027845726378
2.14548046072047	2.14456452761472	2.15196177004617
3.48940021015738	3.49431221379879	3.49479111293072
2.97967583160612	2.97712780314752	2.983570816398
2.52819389894034	2.52756644267264	2.53512775992788
3.04850617567366	3.04439410783419	3.05259620136218
2.92084336351994	2.9164502852856	2.92494906893579
3.67249963687754	3.66744891096889	3.66699935998696
3.59319016808913	3.58806603880719	3.58552843089157
4.27289682144273	4.27232388232815	4.25475029551363
3.83212505344146	3.84318981816296	3.83860222078092
3.38097647590898	3.37932773746018	3.38362879528248
3.35739219083405	3.35586307426688	3.36650316226882
4.45801556159889	4.46027873874911	4.45483640300108
4.0965494399256	4.0950496930091	4.0995138448291
3.28806536701063	3.28939411830192	3.29674843773415
4.3142785238073	4.31482617048368	4.31945068199351
3.53246524513481	3.53388876959427	3.54113792810588
3.58302282010345	3.58290575073657	3.58784973638874
3.33877841984809	3.33868024536279	3.34353595053591
4.05120716802312	4.05135602519798	4.05330908919092
2.87364486447145	2.87402286382614	2.8777870303118
3.47271337016884	3.46928708485078	3.47399066217762
3.95482477984621	3.95558432034581	3.95586037115452
3.4771329850871	3.47391869542526	3.48131420913404
4.15301207781522	4.1397507527683	4.14418457236715
3.77653902586536	3.77140630554165	3.77889160548742
3.89736904247932	3.89853610554059	3.8920231567539
3.66487430795701	3.66780263001976	3.66778436867915
4.3147710087265	4.31491479756418	4.32035087315753
4.00790829026712	4.00983025953517	4.01004851423914
4.09517156172695	4.09392383481109	4.09090123168908
4.07548103779246	4.07762654192481	4.08508928072912
4.78614261142582	4.78017913351088	4.76863641690758
5.1228033969395	5.12401406078762	5.16595603699006
4.39052063274591	4.39219542202586	4.40913313652823
4.37683470048501	4.37861902451451	4.40987289210025
5.12279103365272	5.12401406078762	5.16504960545928
5.12279103365272	5.12025453839157	5.14958098155322
5.12591611904269	5.12401406078762	5.19554760707918
5.29673380080981	5.29194937311537	5.30361329570867
5.18686410878534	5.17842233878571	5.2619508560967
5.36039539375539	5.35588976770965	5.36142772491092
5.08389435780675	5.07955259629981	5.09691379656484
5.12279103365272	5.12401406078762	5.150200549365
5.43087899771913	5.42592634208936	5.44358177502179
5.76634807754759	5.78492886388316	5.79369638357121
5.5859957195357	5.57752119915052	5.60150553739509
4.88947628235708	4.8886024539679	4.93204557306134
5.69252733988262	5.68189704195195	5.69764301286215
5.10925593552418	5.10986758925665	5.1000406244953
5.41705470835789	5.41372624258389	5.41411525380236
4.63628878227516	4.6371677512991	4.64883558869725
5.47865130295645	5.46836301900607	5.53621450866231
5.44443017994602	5.46681488000914	5.50046315633778
4.95071779987089	4.94774942207696	4.99486341853281
5.32621942007786	5.31875012241797	5.36333938482184
5.44478426150342	5.46836301900607	5.51758077916567
5.9631631393889	5.94271940551712	6.0128417185779
5.77570563770535	5.80621746594056	5.84398545259404
5.98847908931126	5.96840008845198	6.04160528826588
6.26016662040613	6.24285208419225	6.30370547163933
6.57613729376082	6.5669410974232	6.58881912765228
5.61640843877614	5.60835342765582	5.65537548398044
5.2691422234725	5.26669489175397	5.28895150760238
4.66121158270961	4.65937863997358	4.68035847898081
4.96877794667702	4.96664239377458	4.9890314190166
5.09410156962939	5.0911296493845	5.11626659898342
5.22258591856991	5.2219693440257	5.24080112186636
6.06033842254766	6.05370633094515	6.10953878173162
5.58493815994181	5.58450819407156	5.6138071140673
6.85511428000042	6.8514752303091	6.87088378274113
6.61344519971516	6.59802270492174	6.64446497958095
6.78237221532121	6.78917121096868	6.7917900164281
7.70435405407278	7.69056678512217	7.78725093509596
6.81661651633327	6.82915885282124	6.91388794743273
7.38051568594677	7.36439951358113	7.47379417176237
7.6918174814084	7.61857754644468	7.85164658780504
7.70435405407278	7.69826787162882	7.82808038315901
8.48460334036356	8.4691937795738	8.59716159611659
8.69156369792327	8.66281009643312	8.85180218626764
8.29098047104203	8.24520799212727	8.45419441086027
8.52039152207721	8.50769786795583	8.66859748804811
7.9173208449933	7.89567005386813	8.02843721816812
8.35315982278463	8.33833299623014	8.46359781635906
9.27129706981285	9.22799312054087	9.33828021130878
9.39382524038503	9.33997561274172	9.58639024589854
9.2528337661544	9.20525939451453	9.41067757558151
9.32909221515371	9.27333782830968	9.52717735786531
9.65531356859751	9.58955670865399	9.80693597096399
9.98180516210769	9.95380273895606	10.1485025019562
9.83205367607306	9.75073826771372	10.1269273273873
10.27859861496	10.2015550731842	10.4285999423917
10.3086343650227	10.2340894499485	10.5839849493128
9.98180516210769	9.96680722271004	10.3031591127922
10.4636089071797	10.3690484706789	10.7078196083625
10.6358356975645	10.5751363470603	10.9062153915438
10.2215580864136	10.1666633428714	10.4212842051694
10.4163338091378	10.3594999150621	10.5625290835099
10.4829001173468	10.4224295748735	10.7078196083625
11.1810599409335	11.0710450992588	11.3976551419354
11.0768202033798	11.0710450992588	11.3166130111563
10.6708468796107	10.6906745624159	10.8083989730169
11.2091639098551	11.1291529210747	11.3557220176372
10.794569734519	10.714855609074	10.9871245723302
11.2163770860446	11.1162274429383	11.3942278447977
10.9944343439122	11.0382629945323	11.2641706052963
10.6358356975645	10.6024463945399	10.7888439432876
10.8744686178411	10.7934709034963	11.1804869173396
10.9633627289038	10.8873004138965	11.001119279972
10.6465204339223	10.665441243215	10.8761773900172
10.3760624977882	10.3594999150621	10.5076504662601
10.3640135836226	10.3594999150621	10.4285999423917
10.6358356975645	10.5976411133038	10.6626806571211
10.5279239199576	10.4673634249677	10.5298444470705
10.9633627289038	10.9470645818388	10.9863278996025
10.8378677072778	10.7861163450408	10.7695292939302
10.5189751868892	10.4657618586492	10.5094458634319
9.9920754761428	10.0050332963215	10.1485025019562
10.7525251914278	10.714855609074	10.8431488505659
10.6358356975645	10.5958435182003	10.6719801008243
10.6407002513017	10.6618692661263	10.7636979704062
10.3086343650227	10.3085497561398	10.3470874908707
11.2090879661157	11.1893245481841	11.2324780282779
11.1923620305452	11.0753274865135	11.2641706052963
11.4393541637848	11.4281129211226	11.5317725003767
11.2911961283705	11.2157005339682	11.5413834511063
10.7880352318543	10.714855609074	11.1424300711723
10.8400229440682	10.75310970913	11.2220709617174
11.4550113729598	11.4281129211226	11.8132382251703
11.121619418601	11.0710450992588	11.4644754145273
11.5256153507961	11.4281129211226	11.8536164202401
11.2911961283705	11.2796744104345	11.5413834511063
11.4191190227125	11.4281129211226	11.8179016211186
11.6883898131124	11.7795513311567	11.9297177634298
11.3854542428338	11.4281129211226	11.5733459465648
11.2911961283705	11.3547191103691	11.71007443484
11.5207361126417	11.4307894823252	11.8179016211186
11.2911961283705	11.2489700005942	11.5413834511063
11.8516330420935	11.7859563992866	12.0938570837566
11.978199239932	12.0416667344519	12.2106128337398
12.2761899595738	12.2428792122657	12.5574720986232
11.5574264391387	11.45308330726	11.8179016211186
12.2761899595738	12.2991333014296	12.6441818593806
11.9589535961557	12.0383355621083	12.2532914151409
11.9476298653247	11.8677001903393	12.4763459220697
11.7570100134771	11.7859563992866	12.2699893366027
12.1893727970303	12.1445027186796	12.7619369020715
12.049138459874	12.1099797428072	12.657424389484
12.2761899595738	12.2637462032845	12.8324187005797
12.1605077937959	12.1445027186796	12.7997353562871
12.1647093254049	12.1445027186796	12.7823424496141
12.1856265057761	12.1445027186796	12.6441818593806
12.2863999660739	12.3571197273409	12.9187018485682
12.2761899595738	12.1914685440953	12.8065263529457
11.9637865432008	12.0303291325508	12.6441818593806
12.6049349078034	12.5037032309823	13.2189212382073
12.4926306283058	12.5037032309823	12.9772190223904
12.4190467685823	12.4571455674837	12.9738684302161
12.3503302547961	12.3930673394572	12.9187018485682
12.6432355418898	12.6592880103312	13.1929253300204
12.8451649675136	12.8635120190578	13.27618294489
12.5276711688076	12.5037032309823	12.9666809155497
12.7913942892383	12.8232756336508	13.466980168531
12.9338405929184	12.8635120190578	13.6163807631804
13.2628721234404	13.2238768357918	13.9214466221345
13.2628721234404	13.2238768357918	13.7779210372954
13.6048151892444	13.6295501841795	14.015419919969
13.2628721234404	13.2238768357918	13.9066478186154
13.8348784531249	13.827780720368	14.564726697175
13.551567315375	13.5845442634131	14.015419919969
13.7746507997948	13.813410700143	14.29585348403
13.9213253699738	13.9619828427767	14.289865429142
13.9329148780303	13.9458986150545	14.471570986993
14.0000339028975	14.0047750005008	14.5106607914936
13.5677020673409	13.5307744051098	14.288050672331
13.5920494637012	13.5782464662178	14.2391262457501
13.2588103600501	13.2007407751819	13.9275960084245
12.8064574568939	12.7959673717219	13.466980168531
13.2353513785185	13.2238768357918	13.7559948170083
12.9338405929184	12.9128272281515	13.5708740292172
12.9338405929184	12.8635120190578	13.6949817650452
12.7311903836549	12.7077332000173	13.466980168531
12.9338405929184	12.8635120190578	13.7411349374959
12.9338405929184	12.8635120190578	13.7303874930227
12.9321476000023	12.8635120190578	13.5204856684119
13.429583884165	13.3704086086366	14.1618612034919
13.2628721234404	13.2238768357918	13.8659402377137
13.3724887834452	13.3371629822232	13.8338396358482
13.2778651173006	13.2878573017594	13.7411349374959
13.5920494637012	13.5847093418966	14.1411880886647
13.2628721234404	13.2338653340816	13.6739476852363
13.5502469410692	13.5441461917729	14.0782525091717
13.3520329251431	13.3359419687283	14.015419919969
13.3355455004712	13.3292022180108	13.9008757913848
13.2538153505984	13.2238768357918	13.8341966910369
13.5598113360033	13.5694741488438	14.1792625518441
14.239781959537	14.2027648536812	14.7754873882647
14.0065511240619	13.9914153686875	14.7655687094764
14.250674627689	14.307384043541	15.0935760058387
13.9374639850069	13.9458986150545	14.6280470401723
14.4681615287375	14.4621628962986	15.0737287249858
13.9311697060606	13.9504850100236	14.564726697175
14.250674627689	14.307384043541	14.8401586803322
14.2961766271361	14.33262846344	14.9379412087215
14.250674627689	14.307384043541	15.0344158994672
14.3766363698821	14.4361532909931	15.1163097111312
14.4433483194457	14.4555192621399	15.3379739481997
14.1797068309073	14.175416580524	14.9285426668372
14.5480613699197	14.5122829031112	15.4571194761838
14.2640331040897	14.307384043541	15.1163097111312
14.250674627689	14.307384043541	15.0930883237068
14.5012368932459	14.4589270384278	15.3879844315677
14.7175994079769	14.669063539209	15.4583378190241
14.8163337347753	14.7719186266355	15.6422748189305
14.9093803427461	14.842244378538	15.8118472228121
15.4418175945681	15.3951298276611	16.065985895937
14.9093803427461	14.8733870098311	15.7680167927407
15.3173311930869	15.3229501234623	16.1485097153419
15.0818374400654	15.0308596653886	15.9503432820434
15.01318629145	14.9617748885459	15.9503432820434
15.664691200101	15.5865601535236	16.8569818087929
15.2330294207126	15.1199860703668	16.1163040756635
15.5442910845964	15.4542156348341	16.3997046468468
16.4823610663922	16.4445039382596	17.309722923921
15.7181101215916	15.6417761277179	16.8194411284232
16.4634986740149	16.4002181332851	17.2418286067567
16.8733391073792	16.7665057912107	17.3639276307284
16.4786474756244	16.3950935386759	17.4433732038029
16.6052623662391	16.5281787993694	17.4649191910577
16.5547741234959	16.4850696828626	17.8084561822943
16.5022703480174	16.4354096597051	17.0755189524454
15.96972135911	15.8896459863036	16.9992303394252
16.8156849319962	16.7894858038047	17.2045963629463
17.2118384778241	17.1737921775213	17.6298201622714
16.5547741234959	16.4818536860731	16.9726037580312
16.3870643008112	16.3687364425265	17.0111829722431
16.7303126244007	16.6884861577765	17.5190367697483
16.6917397906493	16.6505109064731	17.6077586889584
16.7621465954297	16.7434150991688	17.2900689438011
16.5547741234959	16.4772318251786	17.2785352433434
16.4060124808849	16.3004838815078	17.0785941220213
16.6287642047176	16.4772318251786	17.3033863349075
16.36705239023	16.1971872351713	17.51447191638
16.6401588331675	16.4942823636356	17.7115246531462
16.5798313320571	16.4772318251786	17.6505593687859
16.5547741234959	16.3739743197565	17.8791631660006
16.724342616948	16.5229850617306	18.1542311145425
17.0551175402229	16.8505289809102	18.517686603042
17.0722212153266	16.854151529953	18.3866951261249
17.1524410554064	16.941585792651	18.6975548365866
17.0091230357695	16.8383085721362	18.2675434922626
16.8838498766319	16.8128659813072	18.5341778514491
16.7956507483468	16.5961184668557	18.299426639651
16.5996877568293	16.4772318251786	17.9384374353243
16.6733149358589	16.5663484258935	17.8996163155796
16.1517844207288	16.0109306246461	17.6081460168137
16.8758638257754	16.7928646243519	18.2855243997892
16.7531098790472	16.6468206853744	18.0788104960215
17.2540947878881	17.1990083340365	18.7809205812968
17.0347816636913	16.9570451239437	18.4140947215713
17.7882627871007	17.6364090376639	19.3768368762932
17.5399945047995	17.4571658706821	18.9477922799665
17.3601437045321	17.2201481084141	18.7435084709256
17.3007107822962	17.1990083340365	18.8374139866138
17.6469357284524	17.5592367650657	19.2048519973004
17.8556447398629	17.6999561190456	18.8088817269572
17.9540801365259	17.877154046475	19.0087320988789
18.0021506513293	17.8984161197552	19.100976871807
18.3341786489033	18.2409958049151	19.7565317050376
17.8770722860338	17.7972192111287	19.3717373774584
18.4949698781306	18.3528403830328	19.8414727558728
18.0315116669928	17.901750045685	19.0985307023935
17.5399945047995	17.4203780977014	18.9023528026264
18.0320203458037	17.9189254768099	19.3938450208234
18.6775827907578	18.6347880041574	19.687361004727
18.8898625749546	18.829687651985	20.1949383748639
18.6051542688101	18.5328960043136	19.6504738134264
18.2420531262678	18.2244246999917	19.3436818310941
18.2617846488257	18.2780158191068	19.687361004727
18.1954118761707	18.2302280049198	19.8245411947783
17.9923602261529	17.9411106065548	19.687361004727
17.7250219079407	17.6693789516674	19.293420002866
18.5226388574037	18.4109196595335	19.9813845094647
18.6616748902232	18.6364609935419	20.0986350958058
18.8495362401964	18.8736838760142	20.5119491463513
18.5226388574037	18.4431416851764	20.0895608738387
18.7579735366174	18.7069246673855	20.4229456017561
18.0429926570807	17.9592284172769	19.9314353294642
18.7261849283937	18.6581796755153	20.1300715343732
18.3376680109343	18.2964991389862	20.2223082535737
18.3038068326866	18.2679532899524	19.9455739288615
18.280166461498	18.2265404729548	20.0541372112536
18.4789638942903	18.365353870478	20.0563137452703
18.1818216077405	18.1142687804878	20.2757916032755
18.1954118761707	18.2369370369848	20.2690157051369
18.0886574398179	17.990928492314	19.8096290587825
18.4571232119869	18.3788223980576	19.9813845094647
18.491067977066	18.3563312987117	19.9803465517833
18.2810803096955	18.2772772306286	19.6603785734544
18.5226388574037	18.4859745763079	20.0772235276557
18.5569442992263	18.547935896018	19.737178475975
17.8678597660321	17.8794836405553	19.2086212028346
17.9905636175679	17.9189254768099	19.5926105512306
18.4812684293132	18.3418412035395	19.8368585297664
18.3558142003187	18.2925319711328	19.6983993305801
18.5226388574037	18.3885158195467	19.9982962777631
18.6456576715568	18.6364609935419	20.2036732712597
18.3473872324988	18.2780158191068	20.3537467813098
18.1954118761707	18.1050476728392	20.2161826903886
17.5750245378258	17.5194733877401	19.3368562020082
18.1954118761707	18.1207347306165	19.6908980136787
17.9680106530983	17.9189254768099	19.3150316354182
17.9178679833813	17.8848547627101	19.125109012291
17.6267601537888	17.5670024272627	18.7994131907548
18.226490404603	18.21773535178	19.8005819290604
17.9277898809159	17.8557029165067	19.4967514990017
18.5730604667331	18.5555810931907	20.3501230540629
18.4186371953381	18.2780158191068	20.4053752205842
18.8274403229501	18.6387138644102	20.9010940883557
NA	NA	20.9311206950091
18.13351545117	17.9189254768099	20.3390773281379
17.8678597660321	17.7567110132505	20.2757916032755
18.1954118761707	18.040225891893	20.8231179362159
18.3234753633516	18.2311929757166	20.6711716227455
17.5793715585624	17.440254730412	20.4037642023056
18.4589732459352	18.2780158191068	20.6030017422816
NA	NA	21.515500064763
18.8067867380958	18.6364609935419	21.455110677469
19.0044563003044	18.9942711275585	21.4909300398289
18.5299867142465	18.5312927083401	21.1135446111519
18.5720996378343	18.614292781329	20.8652859299401
18.8495362401964	18.8442560780896	21.0246623537008
18.8495362401964	18.7480674464042	20.9398028720086
18.3824932014266	18.2780158191068	20.5873486296418
18.9446143541515	18.9843281701889	20.8308686795785
18.9568968938071	18.9697116236659	20.8457119402861
18.5226388574037	18.4941556747905	20.5704593807538
18.4687591273785	18.347621612605	20.3213606194482
18.5783987094669	18.5355407806824	20.6235756151423
18.8241021642995	18.7337931416418	20.3226113260214
18.5538052329517	18.5454334633153	20.5731394444897
18.4778441521769	18.3646676750463	20.7258367837968
19.2625462362909	19.2603961543916	20.5394568848694
18.9085313700514	18.8700099572754	20.4176046998814
18.5226388574037	18.5626630544284	20.5418929157919
19.1760915081939	19.0415646157418	20.9014287391004
19.5022986177901	19.3710043389117	21.2724867172438
19.4027818407227	19.3513477170391	20.8261329193841
19.3570837062165	19.3513477170391	20.7442059441971
19.8281584397433	19.7430908811538	20.9571451419268
19.7964127673962	19.7076369361814	20.9329017324378
19.4973628333865	19.3513477170391	20.2225108481042
19.2493615327114	19.0863694095185	20.5532008037642
19.0920452769304	18.8812491087969	20.4213935505488
19.5151058592571	19.3505922266151	20.3431743404153
19.9360152123933	19.7076369361814	20.7439518507384
19.4220677243271	19.0353457672979	20.1633011020608
19.6375294932807	19.3459842338906	20.1241043173604
19.4401615555386	19.2286313532987	19.9699174942481
19.7701179590265	19.5410185386334	19.925466127917
19.8281584397433	19.7076369361814	20.2757916032755
20.5161911773981	20.2855329156771	NA
20.8036267098249	20.4900038433172	NA
20.4690054862868	20.1122569094645	NA
20.4788245321011	20.3677799858779	NA
20.7429562440047	20.4177372382345	NA
20.4788245321011	20.3099666926737	NA
20.8036267098249	20.579639541907	NA
20.5052665660273	20.4177372382345	NA
20.1598206499583	20.0631085053589	NA
20.6495370877815	20.5096195028763	NA
20.4788245321011	20.4177372382345	NA
20.1536716568989	20.0631085053589	NA
20.4788245321011	20.4177372382345	NA
20.1743088945714	20.1304500651919	NA
20.1591174551727	20.1876308194521	NA
20.8995228169702	20.8371411171751	NA
21.0000551333093	21.0575675972662	NA
21.4522239654707	21.3382430963732	NA
21.1707011421088	21.2669249685722	NA
21.0187675272301	21.040844750527	NA
21.1280866373099	21.1234082233919	NA
21.151414561928	21.1244624898692	NA
21.1506398811583	21.1244624898692	NA
21.1280866373099	21.1067837092223	NA
21.1280866373099	20.9765913582422	NA
20.8186885719702	20.7715246097492	NA
20.823767272006	20.822272116111	NA
21.1280866373099	20.9915569837047	NA
20.8406617830134	20.7715246097492	NA
20.6217103248724	20.4895426101818	NA
20.8036267098249	20.7715246097492	NA
20.8036267098249	20.7715246097492	NA
20.8036267098249	20.7484038459334	NA
20.5625491706782	20.4177372382345	NA
20.5562361043748	20.4177372382345	NA
20.9650330680524	20.7715246097492	NA
20.8036267098249	20.4522396208161	NA
21.0863126838722	20.728627707829	NA
21.5905431459628	21.3156039805649	NA
21.4522239654707	21.1535294029038	NA
21.0923959197428	20.7715246097492	NA
21.0566473081668	20.9140021143778	NA
21.0395888969195	20.9308568543051	NA
21.1178978114183	21.0896080441749	NA
20.7689931393627	20.6194612239301	NA
21.6683623782216	21.6137477560924	NA
21.1280866373099	21.1244624898692	NA
22.0282027949811	22.0533317808028	NA
21.4522239654707	21.5155367130693	NA
21.773936873468	21.7784890197699	NA
21.7295117357313	21.6468585138975	NA
21.7760210010342	21.7806399302279	NA
21.8129311554072	21.8277278998257	NA
21.5027015437182	21.5658409951894	NA
21.8683922981169	21.8499649063402	NA
22.2707430183584	22.1781040930823	NA
21.9494818823187	21.9050702183433	NA
21.8438184739913	21.8277278998257	NA
22.0708076899374	21.8537738526059	NA
21.7650665376388	21.6744054859582	NA
22.3970505960571	22.2413842565423	NA
22.6808768575338	22.7335027214929	NA
22.1644506378217	22.2304204752268	NA
22.6096186367799	22.7529393966117	NA
22.4822176557049	22.4547119086493	NA
22.4298207616847	22.3163563566701	NA
22.4226665624866	22.2898405530904	NA
22.4226665624866	22.1781040930823	NA
22.7455744672433	22.650060570635	NA
22.4512784699491	22.2229112746571	NA
22.9368056766951	22.8764312885917	NA
22.7591482222681	22.5669407031738	NA
22.8481440273471	22.860862221034	NA
22.5685346886632	22.5276655532812	NA
22.4780565730313	22.515365458412	NA
23.0682175389534	22.9676985279809	NA
22.9172322640968	22.8764312885917	NA
23.0136465901817	22.8764312885917	NA
23.0871248892193	23.2244058955627	NA
22.915836948969	23.0457665334712	NA
23.0682175389534	23.2244058955627	NA
23.3906165318213	23.5716334292382	NA
23.2947631903733	23.2244058955627	NA
23.7116728761486	23.5716334292382	NA
23.4572898999583	23.5716334292382	NA
23.1729018286485	23.2250373093883	NA
22.8049500665713	22.8764312885917	NA
23.0334541801416	23.2244058955627	NA
22.8396420633617	22.9911770512505	NA
23.0355247469816	23.3934973075858	NA
23.0682175389534	23.4230526100987	NA
22.4776755300481	22.6096813807319	NA
23.0682175389534	23.2244058955627	NA
23.3906165318213	23.2717396945955	NA
23.7127863387173	23.4815946443302	NA
24.0347785240481	23.6839105440391	NA
23.4366590107231	23.2244058955627	NA
24.0193241412788	23.6724956125499	NA
23.9082942276733	23.751019206307	NA
24.2728909885002	23.8864056052058	NA
24.0792071596822	23.8997615806072	NA
23.4881580605295	23.3170569587615	NA
24.0347785240481	23.8714196370157	NA
24.0011661083278	23.9181328215883	NA
24.0347785240481	24.3816146584214	NA
24.0423551826054	24.2639367109882	NA
24.3565374145349	24.6090813392491	NA
24.0347785240481	24.1162721333177	NA
24.4717094068343	24.5714846762868	NA
24.4709145573292	24.5507231359732	NA
24.6219855770261	24.2250887913337	NA
24.7142876767629	24.5102340746739	NA
24.9995076691461	24.4969459255482	NA
24.4072466857527	23.9422637499282	NA
25.0553482534816	24.3827483236218	NA
24.9995076691461	24.5882564944007	NA
24.5129485132421	24.1281106689259	NA
24.4664611462784	24.2630023030036	NA
24.7444021163993	24.6847842423179	NA
24.1209137640316	24.1348394023283	NA
24.6781096689428	24.603407608987	NA
24.9684368304229	24.6283093627564	NA
24.8410348272717	24.6090813392491	NA
25.0200075525007	24.5541933927832	NA
24.9995076691461	24.7500738729515	NA
25.1182130926051	24.6998700961959	NA
25.5509786941335	25.131832496704	NA
25.6418069685138	25.1076129650156	NA
25.6418069685138	25.1714636512608	NA
24.7267208259738	24.6249561357659	NA
25.1163021075749	24.9291412017431	NA
25.319802900034	25.1318431802362	NA
24.9995076691461	24.9535875149312	NA
24.6781096689428	24.5072953311014	NA
25.3207372510486	25.1744293600267	NA
25.0517422539162	24.9535875149312	NA
25.6015907718773	25.5211513793133	NA
25.736960819307	25.6408173057131	NA
25.9200043020643	25.9392993079623	NA
25.9627152995036	25.9775245597218	NA
25.8655271631287	26.3259896657057	NA
25.331684516967	25.7769892597095	NA
25.4994665639099	26.2091208434293	NA
25.7719918985511	26.3989062975761	NA
25.9219344325128	26.213109379155	NA
25.6670063093312	26.4407750686017	NA
25.7676344325493	25.8692663229564	NA
25.8821887937597	25.9412784610339	NA
26.4222059869112	26.5322018955984	NA
26.2328965687909	25.9350808308529	NA
26.2834659802768	26.3259896657057	NA
26.040246172679	25.9236538918081	NA
26.2834659802768	26.5076981495504	NA
26.2410350389746	25.9836461463803	NA
26.1801647450786	25.8440109823191	NA
26.6040567159114	25.9836461463803	NA
26.2834659802768	25.7013724968132	NA
26.2834659802768	25.6304538425945	NA
26.392696031895	25.4803896775025	NA
26.6040567159114	25.4519959275321	NA
26.8992507647132	25.6408173057131	NA
26.6040567159114	25.4574232123047	NA
26.9244897484086	25.8194237837001	NA
26.9244897484086	26.0192281452036	NA
26.9231053542878	26.0824494778585	NA
27.0598728285497	26.0201883400269	NA
26.9244897484086	25.8397655032038	NA
26.4408127489802	25.2611880446153	NA
26.9244897484086	25.6408173057131	NA
27.0457799292732	NA	NA
26.9244897484086	25.3899254349945	NA
26.8703261269365	NA	NA
26.7240468786819	25.6408173057131	NA
27.1699917123827	26.0963565245597	NA
27.0587768234561	26.3259896657057	NA
27.0029921913077	26.2323878802344	NA
26.9246871323838	26.0892349373263	NA
26.9908804315846	26.1147044893472	NA
27.5648806543262	26.8538590931143	NA
27.7082914334183	26.5368123830104	NA
27.5027379567911	26.6678904221541	NA
27.4277590968888	26.6678904221541	NA
27.2447623921096	26.4959892226421	NA
27.2751598594619	26.3259896657057	NA
27.2598681456987	26.1522188565138	NA
27.8287496636137	26.6678904221541	NA
27.975855525727	27.1403323801378	NA
28.0421896806209	26.8587737069842	NA
28.15754555615	27.1526055442081	NA
27.9843679099912	27.3505659042014	NA
28.2346620053539	27.3387624324209	NA
28.194359727435	27.8926922457521	NA
28.1919214170938	28.018569410227	NA
28.8440681010333	28.1083795986983	NA
28.5104251659733	28.3728010939186	NA
28.4905351767146	28.0145506948305	NA
28.839558399574	28.3015445961787	NA
28.5244119374701	28.3773822988952	NA
28.8440681010333	28.76893202508	NA
28.7122107951886	27.9851928790876	NA
28.8362697559306	28.6790209179091	NA
28.8440681010333	28.230143302011	NA
28.6757420308976	28.1758998234755	NA
28.5244119374701	28.3166407493044	NA
28.8100323189287	28.2570630801812	NA
28.3483672591023	28.3728010939186	NA
28.3745921457311	28.0301301948736	NA
28.8627778742051	28.4545507762285	NA
28.613124856785	28.6053156917409	NA
29.137622056491	28.7134147204825	NA
29.4189297257996	29.3556866399173	NA
29.4833483977672	29.0540300986552	NA
29.4833483977672	29.0540300986552	NA
29.2067492523533	29.0540300986552	NA
28.5244119374701	29.0540300986552	NA
28.8440681010333	29.0540300986552	NA
28.9343849994757	29.1874116919254	NA
29.1149581596134	29.2627717231191	NA
29.342371755708	29.0540300986552	NA
29.4371221861206	28.7741074353406	NA
28.9826724266766	28.0756044200114	NA
29.1637043875501	28.7203139483968	NA
28.6338337645225	28.458281432281	NA
28.8440681010333	28.7545398388418	NA
28.7177753701605	28.6959309717981	NA
28.6784393611227	29.3946486493458	NA
28.2046858751986	28.6249418984976	NA
28.247758800161	28.7722417144451	NA
28.8440681010333	28.9255367048479	NA
28.5243195765619	29.0357428507478	NA
28.7864968975882	28.8190650437925	NA
28.6720578787746	29.0307776597933	NA
28.8440681010333	28.3728010939186	NA
28.9135622439485	28.7134147204825	NA
28.6634776172822	28.478199882716	NA
28.727804196047	28.7600160592126	NA
NA	28.7143287884936	NA
NA	28.7134147204825	NA
NA	28.8584523088231	NA
NA	29.2882495389886	NA
28.1809314311176	28.7220015369419	NA
28.248798330966	29.0347341054816	NA
28.5244119374701	28.7509756701289	NA
28.677789238006	28.7134147204825	NA
NA	28.8421288364467	NA
NA	29.3136007383476	NA
NA	29.7352719713895	NA
NA	29.9922350886798	NA
NA	29.4456569414245	NA
NA	29.7352719713895	NA
NA	29.3946486493458	NA
NA	29.7352719713895	NA
NA	30.1702933300723	NA
NA	30.0759020372085	NA
NA	29.9503070532466	NA
NA	30.0759020372085	NA
NA	30.7571599763189	NA
NA	30.1914846121696	NA
NA	30.6240171706816	NA
NA	30.0759020372085	NA
NA	30.0759020372085	NA
NA	30.7465374948243	NA
NA	30.8717398545372	NA
NA	31.119079002705	NA
NA	31.0977796778001	NA
NA	30.6936135579292	NA
NA	30.3982706957524	NA
NA	30.4342932530412	NA
NA	30.2153152171956	NA
NA	30.4182841710296	NA
NA	30.0469635388638	NA
NA	30.5723994390616	NA
NA	30.8334399879229	NA
NA	31.0977796778001	NA
NA	31.4383919238168	NA
NA	31.6154317144232	NA
NA	31.7789929300815	NA
NA	30.9889465778298	NA
NA	31.395061596139	NA
NA	31.2327471258901	NA
NA	31.6251029692022	NA
NA	31.3062129798899	NA
NA	31.661723051166	NA
NA	31.8520937464832	NA
NA	31.6436404659297	NA
NA	32.1196154410334	NA
NA	32.6864663634645	NA
NA	32.9751165262563	NA
NA	32.8007629799968	NA
NA	32.6935924550844	NA
NA	32.4721559700928	NA
NA	32.8007629799968	NA
NA	32.8007629799968	NA
NA	32.4588840815848	NA
NA	32.552495737213	NA
NA	33.1163193180078	NA
NA	32.8760340191696	NA
NA	32.8352463559027	NA
NA	33.1838133349292	NA
NA	33.149412269835	NA
NA	33.0071588544784	NA
NA	32.8007629799968	NA
NA	33.0000515491211	NA
NA	33.415569516012	NA
NA	33.3569317877078	NA
NA	33.6196401796382	NA
NA	32.8007629799968	NA
NA	33.4818585241451	NA
NA	33.5225607116236	NA
NA	33.4818585241451	NA
NA	33.6050133109438	NA
NA	34.0168937358671	NA
NA	33.6508780261292	NA
NA	33.5354837907533	NA
NA	33.4731388597085	NA
NA	33.5348025239539	NA
NA	34.3063525062372	NA
NA	33.8335939734735	NA
NA	34.0965223044947	NA
NA	33.8243796074759	NA
NA	33.822423684228	NA
NA	34.1629423153197	NA
NA	34.5034771453486	NA
NA	34.5037103484135	NA
NA	34.8265668794123	NA
NA	34.8439932606528	NA
NA	34.8439932606528	NA
NA	35.00079195738	NA
NA	34.5034771453486	NA
NA	34.5904593064552	NA
NA	34.5034771453486	NA
NA	34.5034771453486	NA
NA	34.7719957638011	NA
NA	34.8876675676478	NA
NA	34.8439932606528	NA
NA	34.7924019936597	NA
NA	34.8570836189527	NA
NA	34.7849947546512	NA
NA	34.5034771453486	NA
NA	34.5075576214961	NA
NA	34.6384590036434	NA
NA	34.1928887354057	NA
NA	34.7851711920098	NA
NA	34.5034771453486	NA
NA	34.5988566095786	NA
NA	34.8439932606528	NA
NA	35.2447471579117	NA
NA	34.6719277804424	NA
NA	34.8790575074444	NA
NA	35.1845089395489	NA
NA	35.3496273582085	NA
NA	35.497594043966	NA
NA	35.6850064495214	NA
NA	35.1989101542843	NA
NA	35.5875473656091	NA
NA	35.8655235940987	NA
NA	36.2029509740681	NA
NA	36.3412912904532	NA
NA	36.6271273642606	NA
NA	36.1945696626498	NA
NA	36.0112214768601	NA
NA	36.3919971785518	NA
NA	36.2151387995473	NA
NA	36.7676510897142	NA
NA	36.9411959564546	NA
NA	36.9166233171992	NA
NA	37.2275682395988	NA
NA	37.2275682395988	NA
NA	37.4234441685962	NA
NA	37.5177965645262	NA
NA	37.407272643855	NA
NA	37.4545211860546	NA
NA	37.5741309409038	NA
NA	38.5590811811682	NA
NA	37.9890938077125	NA
NA	38.5899615742358	NA
NA	38.7648059818785	NA
NA	38.6011252371425	NA
NA	38.0267832623517	NA
NA	38.188694007884	NA
NA	38.2485996676659	NA
NA	38.1981894010849	NA
NA	37.9946981265325	NA
NA	37.9840662946884	NA
NA	38.0015931862947	NA
NA	38.2493853446436	NA
NA	38.4409472634317	NA
NA	38.2606199440488	NA
NA	38.5899615742358	NA
NA	38.4258302552347	NA
NA	38.0177942766238	NA
NA	37.5344931811078	NA
NA	37.3627625302379	NA
NA	37.689793344575	NA
NA	37.8960998486558	NA
NA	37.974447204733	NA
NA	38.3497145390463	NA
NA	37.801715672316	NA
NA	38.2528596860807	NA
NA	38.4636370286924	NA
NA	38.1812671227305	NA
NA	38.2493853446436	NA
NA	38.93051795	NA
NA	38.3561922923319	NA
NA	38.5197187329393	NA
NA	38.311278003289	NA
NA	38.4739336844359	NA
NA	38.4326251037867	NA
NA	38.4671006022125	NA
NA	38.6032031035052	NA
NA	38.5899615742358	NA
NA	38.3377625030377	NA
NA	38.3873693268575	NA
NA	38.93051795	NA
NA	38.5899615742358	NA
NA	38.6577298895641	NA
NA	38.4207197411771	NA
NA	38.6016329924101	NA
NA	38.2493853446436	NA
NA	38.2821022927885	NA
NA	38.5899615742358	NA
NA	38.2493853446436	NA
NA	38.6119568837652	NA
NA	38.6702892234569	NA
NA	38.5306283213708	NA
NA	37.9651442875172	NA
NA	38.0708209565482	NA
NA	38.2745886216202	NA
NA	37.9087796607861	NA
NA	37.9772023862245	NA
NA	37.9087796607861	NA
NA	38.1486054235159	NA
NA	37.9434371057394	NA
NA	38.291965081004	NA
NA	38.6413972849081	NA
NA	38.2493853446436	NA
NA	39.0165329730066	NA
NA	38.5899615742358	NA
NA	39.4458827697171	NA
NA	39.3766807019941	NA
NA	38.93051795	NA
NA	38.5041955308337	NA
NA	39.2437009435813	NA
NA	38.8939787492142	NA
NA	39.1880707180464	NA
NA	38.93051795	NA
NA	39.0761077513921	NA
NA	38.8273523578814	NA
NA	38.8259151344884	NA
NA	39.4481261112184	NA
NA	39.3544861445123	NA
NA	40.2239603242688	NA
NA	39.6203237735907	NA
NA	39.7611662510978	NA
NA	39.7217698252479	NA
NA	39.7533984582368	NA
NA	39.6596681504201	NA
NA	40.1979212761241	NA
NA	40.0064868660211	NA
NA	40.2791982385476	NA
NA	40.0367543064511	NA
NA	40.9489592390388	NA
NA	40.6851576290197	NA
NA	40.810944842674	NA
NA	40.7589030443159	NA
NA	40.620640061459	NA
NA	40.5585291657895	NA
NA	40.9274814507316	NA
NA	40.9737574598752	NA
NA	40.5790989860598	NA
NA	40.2926358610596	NA
NA	40.2752345227427	NA
NA	40.5754696438398	NA
NA	40.1874555392464	NA
NA	40.1609889494058	NA
NA	40.2649832467133	NA
NA	39.9521172975939	NA
NA	39.5674073005827	NA
NA	39.6115550950515	NA
NA	40.2455016563835	NA
NA	40.2960798327907	NA
NA	40.561258705809	NA
NA	40.9737574598752	NA
NA	40.9563825927585	NA
NA	40.530298116018	NA
NA	40.8143844272642	NA
NA	40.6332069120507	NA
NA	40.568057298766	NA
NA	40.9737574598752	NA
NA	40.8054915128097	NA
NA	41.1964018190754	NA
NA	40.8850967849932	NA
NA	40.7290277854179	NA
NA	40.759392155956	NA
NA	40.5673834054354	NA
NA	41.1728444655893	NA
NA	41.1422132524086	NA
NA	41.4832737272474	NA
NA	41.4990115793025	NA
NA	41.3235337896341	NA
NA	41.204115762818	NA
NA	41.0284453327266	NA
NA	41.4664938426673	NA
NA	41.1926519182232	NA
NA	40.9764635269475	NA
NA	40.7465972396016	NA
NA	41.120144319361	NA
NA	40.9852209400056	NA
NA	41.3142790523775	NA
NA	41.039750336975	NA
NA	41.0597809336867	NA
NA	41.1280664613917	NA
NA	41.3996394180186	NA
NA	41.8450110773463	NA
NA	41.654903627005	NA
NA	41.4789436877882	NA
NA	41.9782424734367	NA
NA	41.8601106593959	NA
NA	41.8518685796232	NA
NA	41.6704544191936	NA
NA	41.5512221116285	NA
NA	41.3978418485924	NA
NA	41.0983221522837	NA
NA	41.3142790523775	NA
NA	41.4018382207287	NA
NA	41.215858714016	NA
NA	41.0063294001874	NA
NA	41.2558299868587	NA
NA	41.9981557659371	NA
NA	41.9954700236144	NA
NA	42.5561673758444	NA
NA	42.6031891634061	NA
NA	42.7011783985375	NA
NA	42.930640277616	NA
NA	42.6766221694511	NA
NA	43.0603668926584	NA
NA	43.3582799869036	NA
NA	43.7944604397597	NA
NA	43.9389312268543	NA
NA	43.6878994154316	NA
NA	43.0667686327057	NA
NA	43.0024620188506	NA
NA	43.0354487677902	NA
NA	42.6751319894118	NA
NA	43.171024988935	NA
NA	43.0172327187416	NA
NA	43.3939870604082	NA
NA	43.600838651052	NA
NA	43.5206755090489	NA
NA	42.9146049372541	NA
NA	42.6766221694511	NA
NA	43.3306068108632	NA
NA	43.1741900729361	NA
NA	43.0172327187416	NA
NA	43.3578439573397	NA
NA	43.3787749976824	NA
NA	43.6653916879557	NA
NA	44.407673171624	NA
NA	43.7206736115059	NA
NA	44.121358471747	NA
NA	44.9075459562335	NA
NA	44.5076044075934	NA
NA	44.8387477512846	NA
NA	45.0609356485719	NA
NA	44.7458078370811	NA
NA	44.8239773143998	NA
NA	45.0863338574665	NA
NA	44.9111231943489	NA
NA	44.8348022074627	NA
NA	45.3575625580672	NA
NA	44.805850815135	NA
NA	45.570719949879	NA
NA	45.4628123290641	NA
NA	45.3158048041789	NA
NA	45.6766137689992	NA
NA	45.1298647771832	NA
NA	44.9090944407846	NA
NA	45.7505243488857	NA
NA	46.5487000741514	NA
NA	47.2040997799918	NA
NA	46.6261859695141	NA
NA	46.0603157917626	NA
NA	45.8557027941096	NA
NA	45.8185823645362	NA
NA	46.0407761491957	NA
NA	45.6515054750889	NA
NA	46.2178547856076	NA
NA	45.9352078171282	NA
NA	45.6742438684312	NA
NA	45.5116844589386	NA
NA	45.4990249371089	NA
NA	45.764668599807	NA
NA	45.465865246419	NA
NA	45.7620704461471	NA
NA	46.2761958482313	NA
NA	46.3029464705861	NA
NA	46.2250458532654	NA
NA	46.8425942430986	NA
NA	46.6986451226915	NA
NA	46.8432715372959	NA
NA	46.2651761929574	NA
NA	46.0520983449395	NA
NA	46.6598637362881	NA
NA	46.9318111798023	NA
NA	47.0842130398053	NA
NA	47.1156730512427	NA
NA	47.8253298564626	NA
NA	48.578100173802	NA
NA	49.1020447075457	NA
NA	49.552323928557	NA
NA	49.9505152189592	NA
NA	50.107257765363	NA
NA	49.6257707894442	NA
NA	49.0978201438731	NA
NA	48.760396749738	NA
NA	49.0870906714702	NA
NA	49.5644000601666	NA
NA	49.1337948107165	NA
NA	49.5824375743271	NA
NA	48.7342173333026	NA
NA	48.6636616867037	NA
NA	49.8547325425035	NA
NA	50.3290062616747	NA
NA	49.7964216893955	NA
NA	49.5011853088019	NA
NA	49.1585124167024	NA
NA	48.7865147197302	NA
NA	49.5732894118112	NA
NA	48.4794907072764	NA
NA	48.4813594794932	NA
NA	49.6688648777764	NA
NA	48.8318746655941	NA
NA	49.3184468832521	NA
NA	49.4091416778211	NA
NA	49.5820581403231	NA
NA	49.4802681806627	NA
NA	48.8570344265009	NA
NA	49.024667455639	NA
NA	48.3820098218263	NA
NA	48.7638804666601	NA
NA	49.7987126758634	NA
NA	51.1691283757339	NA
NA	51.3684731896695	NA
NA	51.533067366968	NA
NA	51.3484638305534	NA
NA	51.5101812171295	NA
NA	51.4617089933519	NA
NA	51.1250968890073	NA
NA	49.8950589438047	NA
NA	49.57169704727	NA
NA	49.5435001560297	NA
NA	49.3882883762764	NA
NA	50.2754134186897	NA
NA	50.512242876119	NA
NA	50.1548272884123	NA
NA	50.3109446598262	NA
NA	49.8250458415691	NA
NA	48.9310358296298	NA
NA	49.0201267127962	NA
NA	49.067424236698	NA
NA	49.5206579936513	NA
NA	49.8048901669318	NA
NA	49.7191879551894	NA
NA	49.4980386427958	NA
NA	48.9606350628588	NA
NA	49.2959766492421	NA
NA	48.5782362498681	NA
NA	48.6321584125881	NA
NA	47.9912558285464	NA
NA	48.2680972784221	NA
NA	47.9625622396839	NA
NA	48.1243873540113	NA
NA	48.0822943282089	NA
NA	48.193407186345	NA
NA	48.6283148231581	NA
NA	48.7178629814001	NA
NA	48.7397024303873	NA
NA	48.262353790441	NA
28.8706091202375	28.5415428442391	NA
29.1314331207461	28.564391759071	NA
28.8440681010333	28.6807682162275	NA
28.8440681010333	28.3627461440158	NA
28.8944661593912	28.032176541354	NA
29.9868286156125	28.3728010939186	NA
29.4833483977672	28.3728010939186	NA
30.1226660169782	NA	NA
29.7973840822555	28.699091861151	NA
30.1226660169782	28.7924355154987	NA
29.8030042459942	28.7134147204825	NA
29.4833483977672	28.5343474038206	NA
29.1637043875501	28.2694794061167	NA
29.3997337506408	NA	NA
29.1637043875501	28.032176541354	NA
29.5038155244622	28.2179771713655	NA
29.4833483977672	28.3426371851503	NA
29.7114023159244	28.3192015198277	NA
29.5800662413352	NA	NA
29.6222987346648	NA	NA
29.2887588187983	28.2685418571056	NA
29.1637043875501	27.9006472733019	NA
29.4164226061035	27.9970145127497	NA
29.6408805698749	28.5075569636935	NA
29.5371624712836	28.3728010939186	NA
29.8855941398492	28.2498835494608	NA
29.4656518631185	27.8938790720498	NA
30.0309640412894	NA	NA
30.0688482597122	NA	NA
29.4833483977672	28.1243684079981	NA
29.22561481061	NA	NA
29.8030042459942	NA	NA
29.8030042459942	NA	NA
30.2411739365939	NA	NA
30.1226660169782	NA	NA
30.1616495766729	NA	NA
30.44178658259	NA	NA
30.4423206575127	NA	NA
30.6007714444025	NA	NA
30.7619733128666	NA	NA
31.0815905730693	NA	NA
30.6867555265818	NA	NA
31.4672330902714	NA	NA
31.4234008077258	NA	NA
31.8501177500455	NA	NA
31.4012045775142	NA	NA
31.0815905730693	NA	NA
31.2192730267984	NA	NA
31.0815905730693	NA	NA
31.6412541920366	NA	NA
31.1784329921265	NA	NA
31.4985511605106	NA	NA
31.7208051925815	NA	NA
31.7850735311857	NA	NA
31.4012045775142	NA	NA
31.7208051925815	NA	NA
31.9580453951095	NA	NA
32.2153639067805	NA	NA
32.0403942618348	NA	NA
32.1681472324484	NA	NA
32.4760085715805	NA	NA
33.106437370798	NA	NA
33.2330165526285	NA	NA
33.3186897305818	NA	NA
33.1868801235486	NA	NA
32.6795502728838	NA	NA
32.6750353469228	NA	NA
32.1950275082768	NA	NA
32.359977986417	NA	NA
32.1189323803983	NA	NA
31.9059069512967	NA	NA
31.7208051925815	NA	NA
31.6943918905028	NA	NA
31.8155946141095	NA	NA
31.319108350013	NA	NA
31.4012045775142	NA	NA
31.0815905730693	NA	NA
31.7229685961081	NA	NA
31.7208051925815	NA	NA
31.4890043001221	NA	NA
31.592746407384	NA	NA
32.0403942618348	NA	NA
32.5883535442988	NA	NA
31.9602319432242	NA	NA
32.0169875456068	NA	NA
31.9165708286059	NA	NA
32.0950299722483	NA	NA
31.7208051925815	NA	NA
31.7208051925815	NA	NA
32.3871011277364	NA	NA
32.5568814745849	NA	NA
32.2546148126219	NA	NA
32.4191031847295	NA	NA
32.3585148155316	NA	NA
32.359977986417	NA	NA
32.1349340562951	NA	NA
31.9076315783406	NA	NA
32.8898017821467	NA	NA
32.9719077276921	NA	NA
32.6795502728838	NA	NA
33.0590787602704	NA	NA
32.9991203121759	NA	NA
33.0663240465877	NA	NA
32.9991203121759	NA	NA
33.2026962005906	NA	NA
33.3186897305818	NA	NA
33.3459048163465	NA	NA
33.0702960449459	NA	NA
33.0146765518971	NA	NA
33.2219547401641	NA	NA
33.3186897305818	NA	NA
32.9688506666069	NA	NA
32.9991203121759	NA	NA
32.9991203121759	NA	NA
32.8794938518179	NA	NA
32.6632663681832	NA	NA
32.9991203121759	NA	NA
33.3150894280575	NA	NA
33.4086282444499	NA	NA
33.0896644869217	NA	NA
33.1828842113308	NA	NA
33.3186897305818	NA	NA
32.9991203121759	NA	NA
33.5271064833294	NA	NA
33.1730627883661	NA	NA
32.7616969855869	NA	NA
32.7185115307192	NA	NA
32.3662863920684	NA	NA
32.9991203121759	NA	NA
32.3633329956067	NA	NA
32.4711143459463	NA	NA
32.6795502728838	NA	NA
32.6795502728838	NA	NA
33.3186897305818	NA	NA
33.3186897305818	NA	NA
33.6382590616681	NA	NA
33.4385898548595	NA	NA
33.7157322400556	NA	NA
33.271958904798	NA	NA
33.6464860187518	NA	NA
33.3284624787695	NA	NA
32.9991203121759	NA	NA
33.3182932189671	NA	NA
33.5612578613559	NA	NA
33.752002831727	NA	NA
33.5538436811994	NA	NA
34.7517809231143	NA	NA
33.8493444251489	NA	NA
33.8809156403898	NA	NA
34.0831882047772	NA	NA
33.7786083364918	NA	NA
34.5381536134852	NA	NA
33.9114689251614	NA	NA
34.212793010715	NA	NA
34.5842290736296	NA	NA
34.4737679420572	NA	NA
34.6504682685497	NA	NA
34.9765584242832	NA	NA
35.4228999336596	NA	NA
35.5002255438606	NA	NA
35.0653575261227	NA	NA
35.9527137329492	NA	NA
35.2840679196575	NA	NA
35.5430134347851	NA	NA
35.5557301705827	NA	NA
35.8440393143882	NA	NA
35.8753778073707	NA	NA
36.1653310189871	NA	NA
35.5962082901518	NA	NA
35.623776319337	NA	NA
36.0385694171352	NA	NA
35.6055424770482	NA	NA
35.8052826951111	NA	NA
35.0368204879001	NA	NA
35.2195702796582	NA	NA
35.4834700283712	NA	NA
35.4589141051099	NA	NA
35.5158069125028	NA	NA
35.4730139104948	NA	NA
35.5557301705827	NA	NA
35.6960146306726	NA	NA
35.9094917969862	NA	NA
35.7780871589466	NA	NA
35.6465952909264	NA	NA
35.4128351685021	NA	NA
36.0322609627824	NA	NA
36.4373751081035	NA	NA
36.4882723797183	NA	NA
36.0971751599654	NA	NA
36.3720078150149	NA	NA
36.6062865362406	NA	NA
36.6917058651046	NA	NA
37.4253176066307	NA	NA
37.3346776073948	NA	NA
37.1016579784757	NA	NA
37.4044096324924	NA	NA
36.6464036883676	NA	NA
37.1538236642619	NA	NA
36.8085932730286	NA	NA
36.8342298484965	NA	NA
36.876619990194	NA	NA
36.5146173042621	NA	NA
36.5146173042621	NA	NA
36.6822295964548	NA	NA
36.3355347166387	NA	NA
36.9834198372022	NA	NA
37.4307415673753	NA	NA
37.7259526018545	NA	NA
37.493498214258	NA	NA
37.288694294428	NA	NA
37.0746074739594	NA	NA
37.7728161289612	NA	NA
37.7929806670908	NA	NA
37.5101257042384	NA	NA
37.7092447442682	NA	NA
38.1424029736813	NA	NA
38.0730293635456	NA	NA
38.0162080212562	NA	NA
38.1009632951935	NA	NA
37.6109462478933	NA	NA
37.9287692568245	NA	NA
37.7803877964301	NA	NA
37.848945334904	NA	NA
37.4734062462997	NA	NA
37.5790292056246	NA	NA
38.0141768130667	NA	NA
37.7929806670908	NA	NA
38.1125551251467	NA	NA
38.4321389131414	NA	NA
37.7929806670908	NA	NA
38.1125551251467	NA	NA
37.1538236642619	NA	NA
37.1538236642619	NA	NA
36.7467742022402	NA	NA
36.5900458193978	NA	NA
37.1538236642619	NA	NA
36.8342298484965	NA	NA
37.1538236642619	NA	NA
37.2724840526303	NA	NA
37.4734062462997	NA	NA
37.1538236642619	NA	NA
37.4040551704062	NA	NA
37.6265816960423	NA	NA
37.9120705627243	NA	NA
37.6162443607396	NA	NA
37.7969602047074	NA	NA
37.7929806670908	NA	NA
37.7054721005769	NA	NA
38.1125551251467	NA	NA
37.989321012905	NA	NA
38.1125551251467	NA	NA
38.5242715486003	NA	NA
38.0152091406827	NA	NA
37.7929806670908	NA	NA
38.2973906455791	NA	NA
37.89830313094	NA	NA
38.1125551251467	NA	NA
38.1125551251467	NA	NA
38.4321389131414	NA	NA
38.4553716930744	NA	NA
38.4321389131414	NA	NA
38.5526400993191	NA	NA
38.4321389131414	NA	NA
38.4321389131414	NA	NA
38.8043448688411	NA	NA
39.0713091056836	NA	NA
39.0713091056836	NA	NA
39.4150993483483	NA	NA
39.7057552263577	NA	NA
40.0162199536709	NA	NA
39.7105211030215	NA	NA
40.0291148425421	NA	NA
39.4107630869227	NA	NA
39.7105211030215	NA	NA
39.0713091056836	NA	NA
38.959737683589	NA	NA
39.179772099315	NA	NA
38.9614760388627	NA	NA
39.0713091056836	NA	NA
39.018338783081	NA	NA
38.7686531454886	NA	NA
38.7318066100609	NA	NA
38.78277831738	NA	NA
39.0713091056836	NA	NA
39.3908608567298	NA	NA
39.4834955532129	NA	NA
39.863004367225	NA	NA
40.6694220594688	NA	NA
40.5798485607052	NA	NA
41.0247770271841	NA	NA
40.6833113441299	NA	NA
40.6694220594688	NA	NA
41.0773058863761	NA	NA
41.1208585857858	NA	NA
40.6694220594688	NA	NA
41.007402420217	NA	NA
40.9330503847572	NA	NA
40.8081093579376	NA	NA
40.6694220594688	NA	NA
40.9760855478066	NA	NA
41.0596177061631	NA	NA
41.4877927394546	NA	NA
42.2025594730673	NA	NA
42.5241431118879	NA	NA
42.9595765604169	NA	NA
43.0451430197848	NA	NA
43.5460458153948	NA	NA
43.3978518583373	NA	NA
43.3166324491661	NA	NA
43.1183460758422	NA	NA
42.9919764689438	NA	NA
42.9067282225563	NA	NA
42.9689131662724	NA	NA
42.7652131469614	NA	NA
42.7918242637009	NA	NA
42.8841064563637	NA	NA
42.8602622920086	NA	NA
42.7884368167933	NA	NA
42.7595169762387	NA	NA
42.931382566363	NA	NA
43.2186342790902	NA	NA
43.5100008631483	NA	NA
43.5713987354519	NA	NA
43.1482151136541	NA	NA
42.9067282225563	NA	NA
43.2823725058278	NA	NA
43.2234115724281	NA	NA
43.2527940983093	NA	NA
43.247641651744	NA	NA
43.5460458153948	NA	NA
42.9067282225563	NA	NA
43.5040949792365	NA	NA
43.6892227595317	NA	NA
43.8336501093304	NA	NA
43.5737570999943	NA	NA
43.8700107823848	NA	NA
43.4593657955345	NA	NA
43.2263857114879	NA	NA
43.2884359236943	NA	NA
43.7747594596248	NA	NA
43.4832209582087	NA	NA
43.4017715853512	NA	NA
44.1281379869382	NA	NA
43.9873339490227	NA	NA
44.824713008068	NA	NA
45.0523051325595	NA	NA
44.5845119112837	NA	NA
44.7889282172303	NA	NA
44.2906911507037	NA	NA
43.7681311774876	NA	NA
43.8389159639815	NA	NA
43.865708897587	NA	NA
43.8974830563744	NA	NA
44.3400497210003	NA	NA
43.5910832598067	NA	NA
43.2528677957379	NA	NA
43.8303304330209	NA	NA
44.0366171305849	NA	NA
44.1442368882703	NA	NA
44.2150030708487	NA	NA
43.9611540914178	NA	NA
43.89383693792	NA	NA
44.3206408013197	NA	NA
44.7039931247667	NA	NA
45.3888714487344	NA	NA
45.1484091494656	NA	NA
45.1953934854837	NA	NA
44.8470076392375	NA	NA
45.4920013658806	NA	NA
45.0342154671109	NA	NA
44.9310802670288	NA	NA
45.1990390167811	NA	NA
45.4324552659902	NA	NA
45.0437785053209	NA	NA
44.9520551091453	NA	NA
45.4559610343935	NA	NA
45.1485782279708	NA	NA
44.5382399062099	NA	NA
44.9882521175974	NA	NA
44.6945221441816	NA	NA
45.5146036891917	NA	NA
45.1387776565281	NA	NA
45.9437504119027	NA	NA
45.5379345975484	NA	NA
45.1134942720064	NA	NA
45.7837387229658	NA	NA
45.8836560267946	NA	NA
45.6242798450859	NA	NA
45.8317186548558	NA	NA
45.5602509741786	NA	NA
45.0904505485962	NA	NA
44.7711439427207	NA	NA
44.7725800243738	NA	NA
44.6459189226156	NA	NA
44.4639170132152	NA	NA
44.1488396265394	NA	NA
44.4332117977129	NA	NA
44.2721806028162	NA	NA
44.7295727824125	NA	NA
45.1190228936044	NA	NA
44.6538958974592	NA	NA
44.7346237672494	NA	NA
45.1371006895661	NA	NA
45.1450120116099	NA	NA
45.2557268426696	NA	NA
45.8172817622121	NA	NA
45.0746867836488	NA	NA
45.5567787143136	NA	NA
45.7456139569922	NA	NA
46.3257223917532	NA	NA
45.767681362571	NA	NA
45.7781636140652	NA	NA
45.5498088277454	NA	NA
44.7246329583338	NA	NA
44.7376413483632	NA	NA
44.4860059660429	NA	NA
45.0492896202599	NA	NA
43.9498881251984	NA	NA
44.1612119747896	NA	NA
44.0146438683162	NA	NA
44.292738995733	NA	NA
43.6609790814666	NA	NA
44.4663887491664	NA	NA
44.4240926677323	NA	NA
45.6476635352681	NA	NA
45.8156477203683	NA	NA
47.0069896239746	NA	NA
46.6118430180293	NA	NA
46.5793427111182	NA	NA
46.5775020956341	NA	NA
46.5308003042923	NA	NA
46.2203433920641	NA	NA
46.6172246837536	NA	NA
46.9639454994939	NA	NA
46.6917705909686	NA	NA
46.5187533406874	NA	NA
46.454221761292	NA	NA
46.4933527251071	NA	NA
46.7890146425346	NA	NA
46.7402175078257	NA	NA
46.0149560496703	NA	NA
46.1010982042343	NA	NA
45.9640284197503	NA	NA
45.9210163430051	NA	NA
45.8791162064641	NA	NA
45.770241266969	NA	NA
45.7532702169441	NA	NA
45.6951563026511	NA	NA
46.055203356787	NA	NA
45.4996213972197	NA	NA
45.325010609959	NA	NA
45.5474987813103	NA	NA
45.5508645791999	NA	NA
45.2858747993685	NA	NA
45.830645680963	NA	NA
46.1908692167135	NA	NA
46.1905562342061	NA	NA
46.9947003428435	NA	NA
46.8586696518555	NA	NA
46.9649779739471	NA	NA
46.8098541337961	NA	NA
46.9597601847964	NA	NA
47.6070582741732	NA	NA
47.9029032804938	NA	NA
47.7849828465508	NA	NA
48.0214787229052	NA	NA
47.5263219267501	NA	NA
47.0040777496057	NA	NA
46.9864688579469	NA	NA
48.0127437280884	NA	NA
47.4846547496254	NA	NA
47.7665859173298	NA	NA
18.7297912157269	18.6364609935419	21.3204711148115
18.8233382305437	18.7012823882442	20.8652859299401
19.1760915081939	19.0738159438327	21.2713897620641
18.8695339865581	18.8449442422872	21.455110677469
18.8495362401964	18.6840370007622	21.1210734641186
18.8495362401964	18.7612662885523	21.1601878024498
18.681868437909	18.6364609935419	21.288405836359
18.5317861481385	18.5760465165906	21.2803742920534
18.485242283048	18.3902320030021	20.8194114887285
18.4826615531912	18.3376555330849	20.8652859299401
18.8068827932579	18.7016964907483	21.1601878024498
NA	NA	21.455110677469
NA	NA	21.3775199055306
NA	NA	21.1601878024498
NA	NA	21.750029821349
NA	NA	21.750029821349
NA	NA	22.0449421664676
NA	NA	22.0619700690735
NA	NA	21.750029821349
19.9183703497979	19.96027460707	22.3398481850775
NA	NA	22.6347500470822
NA	NA	22.5062095363784
20.0845821275026	20.0631085053589	22.3398481850775
NA	NA	22.3398481850775
NA	NA	22.4740481617754
NA	NA	22.3988195051062
NA	NA	22.1337689936428
NA	NA	22.1941857668305
NA	NA	22.1329909077566
NA	NA	22.0620791476815
NA	NA	22.2072375857326
NA	NA	22.3398481850775
NA	NA	22.1003692134519
NA	NA	22.0449421664676
NA	NA	21.750029821349
NA	NA	22.708709209067
NA	NA	22.9296506754826
NA	NA	22.9296506754826
NA	NA	23.136441253296
NA	NA	23.2245523085781
NA	NA	22.9296506754826
NA	NA	23.5194575588055
NA	NA	22.9296506754826
NA	NA	23.8143704816718
NA	NA	24.0887808108445
NA	NA	24.2871118074643
NA	NA	23.8143704816718
NA	NA	24.2064767263415
NA	NA	23.839360359664
NA	NA	24.1094778532712
NA	NA	23.8295246854484
NA	NA	23.5194575588055
NA	NA	24.1694461440292
NA	NA	24.3886294888821
NA	NA	24.6826597416295
NA	NA	24.4579335915277
NA	NA	24.4863616260454
NA	NA	24.6183680259752
NA	NA	24.6015214947979
NA	NA	24.7913708880066
NA	NA	24.5979606440311
NA	NA	24.6754934540852
NA	NA	24.9941648586208
NA	NA	24.8658641328689
NA	NA	24.6991980726482
NA	NA	25.052535690325
NA	NA	24.6991980726482
NA	NA	24.9941648586208
NA	NA	24.6846881914208
NA	NA	24.6991980726482
NA	NA	24.4031199861016
NA	NA	24.7004386700032
NA	NA	24.6718246431513
NA	NA	24.5575636071318
NA	NA	25.1116488537008
NA	NA	24.8343284426164
NA	NA	24.6991980726482
NA	NA	24.6991980726482
NA	NA	24.6591130448896
NA	NA	24.4042344344862
NA	NA	25.108492335531
NA	NA	25.2891068252618
NA	NA	25.1290072288432
NA	NA	25.2891068252618
NA	NA	25.5840152885893
NA	NA	25.5840152885893
NA	NA	25.2891068252618
NA	NA	24.6991980726482
NA	NA	25.304699836069
NA	NA	25.0162091444893
NA	NA	24.9941648586208
NA	NA	25.0401331988476
NA	NA	24.7542686720569
NA	NA	24.9941648586208
NA	NA	24.7337185840991
NA	NA	24.818039307006
NA	NA	25.2891068252618
NA	NA	25.0856573143607
NA	NA	25.2557090174178
NA	NA	25.1037736646609
NA	NA	25.0631764064414
NA	NA	24.4042344344862
NA	NA	24.4220895742895
NA	NA	24.9797157465251
NA	NA	25.5840152885893
NA	NA	25.1057726816217
NA	NA	25.2891068252618
NA	NA	25.2782681842255
NA	NA	25.6814866814799
NA	NA	25.9507604438851
NA	NA	25.7743136997656
NA	NA	25.5840152885893
NA	NA	25.7644163067262
NA	NA	25.8789245610773
NA	NA	25.4701956157119
NA	NA	25.9406833445884
NA	NA	25.8789245610773
NA	NA	26.3547605648535
NA	NA	26.1820325170764
NA	NA	26.1737977314128
NA	NA	25.8789245610773
NA	NA	25.8829298929285
NA	NA	26.0151831383192
NA	NA	26.1737977314128
NA	NA	26.0463159640282
NA	NA	26.0197464717004
NA	NA	26.7635788137637
NA	NA	26.7635788137637
NA	NA	26.583133472657
NA	NA	26.9147037531267
NA	NA	26.4686938655524
NA	NA	26.7635788137637
NA	NA	26.7635788137637
NA	NA	26.7621820738772
NA	NA	26.7704291363288
NA	NA	27.6483891273659
NA	NA	27.0584590960871
NA	NA	27.0584590960871
NA	NA	26.960033672864
NA	NA	27.3534650880072
NA	NA	27.4575602770571
NA	NA	27.6483891273659
NA	NA	27.5593285520151
NA	NA	27.547594989242
NA	NA	27.7943585889183
NA	NA	27.7318186486793
NA	NA	27.7384848175024
NA	NA	27.896240502633
NA	NA	27.6483891273659
NA	NA	27.6483891273659
NA	NA	27.6483891273659
NA	NA	27.6483891273659
NA	NA	28.0240797202371
NA	NA	27.7606830363089
NA	NA	27.9433455247688
NA	NA	28.2383281033259
NA	NA	28.1482714446141
NA	NA	28.0310857231126
NA	NA	28.3084610950005
NA	NA	28.5606645058111
NA	NA	28.5333375169683
NA	NA	28.5826949536595
NA	NA	28.7455575581049
NA	NA	29.1850845358653
NA	NA	29.2056149523933
NA	NA	29.1088635449752
NA	NA	29.1235788421571
NA	NA	28.958465678193
NA	NA	29.1880871499128
NA	NA	29.4683021216426
NA	NA	29.7130858498497
NA	NA	29.8834372067399
NA	NA	30.0080077417099
NA	NA	29.7145791838888
NA	NA	30.0479742157767
NA	NA	30.5978413096677
NA	NA	30.4158489495452
NA	NA	30.3949271008297
NA	NA	30.0346666776574
NA	NA	30.2486736810234
NA	NA	30.7672126785837
NA	NA	30.3029456245728
NA	NA	30.2439581679406
NA	NA	30.4329295867078
NA	NA	30.9868292841425
NA	NA	30.7836631150058
NA	NA	31.3986221470102
NA	NA	31.4177492564406
NA	NA	31.467526609002
NA	NA	31.3096896815083
NA	NA	31.5590083005522
NA	NA	31.344425659215
NA	NA	31.5151632029862
NA	NA	31.4824362174613
NA	NA	31.4824362174613
NA	NA	32.1654431996195
NA	NA	32.0722930427858
NA	NA	31.4824362174613
NA	NA	31.7029004617978
NA	NA	31.7773601486708
NA	NA	31.7773601486708
NA	NA	32.0141284657491
NA	NA	31.8807999539636
NA	NA	31.6581833343954
NA	NA	31.6135860796876
NA	NA	31.7773601486708
NA	NA	31.7773601486708
NA	NA	31.9592874089161
NA	NA	32.0925754453052
NA	NA	32.0722930427858
NA	NA	31.9832772876107
NA	NA	31.4134519078951
NA	NA	31.4824362174613
NA	NA	31.9451325256359
NA	NA	31.8538786159216
NA	NA	32.1838087446191
NA	NA	31.8566712687559
NA	NA	32.3672382187845
NA	NA	32.0894037927497
NA	NA	32.3672382187845
NA	NA	32.5414066802969
NA	NA	32.3595259672812
NA	NA	32.0722930427858
NA	NA	32.6621953223332
NA	NA	32.6621953223332
NA	NA	32.3382777058145
NA	NA	32.5959476618614
NA	NA	32.0722930427858
NA	NA	32.3423447411636
NA	NA	32.1148961527911
NA	NA	32.0052103071783
NA	NA	31.5369608538959
NA	NA	31.7773601486708
NA	NA	31.8125870556764
NA	NA	32.228006686665
NA	NA	32.2789907064549
NA	NA	32.3672382187845
NA	NA	32.50182807027
NA	NA	32.3672382187845
NA	NA	32.2426271349661
NA	NA	32.0722930427858
NA	NA	32.3672382187845
NA	NA	32.1317240025786
NA	NA	32.0722930427858
NA	NA	32.172314430343
NA	NA	32.5213360623827
NA	NA	32.6749471172303
NA	NA	32.9571734518154
NA	NA	32.3672382187845
NA	NA	32.6202679417857
NA	NA	32.3672382187845
NA	NA	32.6621953223332
NA	NA	32.0453987035847
NA	NA	32.3684919701164
NA	NA	32.8177597290305
NA	NA	32.4187158633811
NA	NA	32.7349963229849
NA	NA	32.9011499939918
NA	NA	33.1551607823602
NA	NA	33.4983957219323
NA	NA	33.8090118828671
NA	NA	34.241155317906
NA	NA	33.5471098349488
NA	NA	33.8421004483059
NA	NA	33.8761342499072
NA	NA	34.2304093236354
NA	NA	34.7270178020323
NA	NA	34.5234088358138
NA	NA	34.4320270774852
NA	NA	34.7270178020323
NA	NA	34.4320270774852
NA	NA	34.437187707793
NA	NA	34.4320270774852
NA	NA	34.4167673860765
NA	NA	34.9926195242277
NA	NA	34.7270178020323
NA	NA	34.4389680603963
NA	NA	34.4393265124939
NA	NA	34.269800022473
NA	NA	34.4320270774852
NA	NA	34.7103521386989
NA	NA	34.9790999918606
NA	NA	34.4051887062209
NA	NA	34.4419312261123
NA	NA	34.2256533390824
NA	NA	33.6064429529255
NA	NA	33.8031893747539
NA	NA	33.3315464218979
NA	NA	33.6516478192189
NA	NA	33.8421004483059
NA	NA	33.7851916516174
NA	NA	34.7270178020323
NA	NA	35.0409956844901
NA	NA	34.2710550763579
NA	NA	34.7361203783215
NA	NA	34.4369478285112
NA	NA	34.8648681797365
NA	NA	34.5122621561027
NA	NA	35.0138103852781
NA	NA	35.4217977065518
NA	NA	34.7498144264612
NA	NA	35.3169552323963
NA	NA	35.6119542533746
NA	NA	35.7114092459216
NA	NA	35.4414956066277
NA	NA	35.4098587739311
NA	NA	36.1591524996295
NA	NA	36.0775431808137
NA	NA	35.7161394774358
NA	NA	36.3106111987075
NA	NA	36.1026427186581
NA	NA	36.1178453355599
NA	NA	36.5578270841048
NA	NA	36.8135564008969
NA	NA	36.3775287156523
NA	NA	37.0800591061528
NA	NA	36.2018392614637
NA	NA	37.2870422443705
NA	NA	36.1823156619919
NA	NA	36.168970031691
NA	NA	36.2018392614637
NA	NA	36.6228383245639
NA	NA	36.9770150440034
NA	NA	36.7695232198045
NA	NA	37.1788432027504
NA	NA	37.0867272154432
NA	NA	37.2794247069659
NA	NA	37.3816984937375
NA	NA	37.4790442771616
NA	NA	37.5981558137756
NA	NA	37.4309169248737
NA	NA	37.6708409895013
NA	NA	37.7124884662313
NA	NA	37.5052146300564
NA	NA	37.5715497401348
NA	NA	37.9689703970351
NA	NA	37.1086623070234
NA	NA	37.2002860150918
NA	NA	37.0063072771597
NA	NA	37.0867272154432
NA	NA	37.3405320835446
NA	NA	37.8397043739185
NA	NA	37.6766823903142
NA	NA	37.6763507573062
NA	NA	38.2666428925062
NA	NA	38.5616298178531
NA	NA	38.3277217549397
NA	NA	38.856623456781
NA	NA	38.2666428925062
NA	NA	37.9331215134956
NA	NA	37.9716583485
NA	NA	38.5641224049037
NA	NA	37.5925218302602
NA	NA	37.9716583485
NA	NA	37.8031594296727
NA	NA	38.302119192396
NA	NA	38.4538900052139
NA	NA	38.4159417668108
NA	NA	39.1049644197949
NA	NA	39.1314324476551
NA	NA	38.6372119219784
NA	NA	38.868668846825
NA	NA	38.5849321471541
NA	NA	38.6251156690985
NA	NA	38.9612811892669
NA	NA	39.0386530969858
NA	NA	39.2921556964624
NA	NA	39.0963336309473
NA	NA	38.1778031400804
NA	NA	38.473430935373
NA	NA	37.7193767534864
NA	NA	38.4086622066875
NA	NA	38.2891681975343
NA	NA	38.7546277844679
NA	NA	38.4604937947242
NA	NA	38.8025818452767
NA	NA	38.4905798535119
NA	NA	38.6119536610959
NA	NA	39.3069573979783
NA	NA	38.7798357000653
NA	NA	38.856623456781
NA	NA	38.856623456781
NA	NA	38.545468583138
NA	NA	39.1166223042906
NA	NA	38.6510513616347
NA	NA	39.4455239873272
NA	NA	39.8783869197522
NA	NA	39.8921688062974
NA	NA	39.385262022469
NA	NA	39.9399485410494
NA	NA	40.1575354080577
NA	NA	39.4466149202801
NA	NA	40.0858570686689
NA	NA	40.1018467841995
NA	NA	40.0311231844418
NA	NA	39.399635789441
NA	NA	39.5424200690356
NA	NA	39.3371007827408
NA	NA	40.1377559236653
NA	NA	40.0056537034445
NA	NA	40.0366206410153
NA	NA	39.7212604735779
NA	NA	40.3273933589186
NA	NA	40.2324061555833
NA	NA	40.0366206410153
NA	NA	39.7083938832479
NA	NA	40.7664250744058
NA	NA	40.2890463749772
NA	NA	39.6557665512001
NA	NA	39.0680031074916
NA	NA	39.4677070426601
NA	NA	38.4784870219856
NA	NA	39.6002128349762
NA	NA	39.4383042238183
NA	NA	39.5893470063101
NA	NA	40.1519141323072
NA	NA	40.0070208600633
NA	NA	40.4015296732185
NA	NA	40.7339168337148
NA	NA	40.7375037901749
NA	NA	39.987015942647
NA	NA	40.5298583519267
NA	NA	40.3435320653298
NA	NA	39.958916367056
NA	NA	39.9136768382407
NA	NA	39.8350651147291
NA	NA	39.7857101853524
NA	NA	39.3031334114028
NA	NA	39.9733597269576
NA	NA	39.4166609713272
NA	NA	39.6988891877296
NA	NA	39.7879693316224
NA	NA	39.6165832175503
NA	NA	39.5395949342523
NA	NA	39.1724574715579
NA	NA	40.2245144796967
NA	NA	40.2627074963443
NA	NA	40.5444110506212
NA	NA	40.9308626277075
NA	NA	40.7049725527544
NA	NA	41.2294961376805
NA	NA	42.3454751951618
NA	NA	41.1121066407855
NA	NA	40.6575112717489
NA	NA	41.8873620486311
NA	NA	40.9486710638383
NA	NA	41.004670160656
NA	NA	41.0705171294008
NA	NA	40.8479936669146
NA	NA	41.6892192118797
NA	NA	42.3918318706604
NA	NA	42.8171863670793
NA	NA	42.3300949373299
NA	NA	42.6674409398499
NA	NA	42.8333830001014
NA	NA	42.2162856889943
NA	NA	42.1332217799115
NA	NA	42.6535580439875
NA	NA	42.5723899606727
NA	NA	42.8143020135571
NA	NA	43.0340797077982
NA	NA	43.1693213110888
NA	NA	43.2817376293446
NA	NA	42.9372774420313
NA	NA	42.3042545998571
