NA	0	NA
0.522996567932638	0.522993384408294	0.522977567107471
1.61266934589623	1.61868383335647	1.61018085941566
2.53120418490298	2.5309665477497	2.52387611183014
2.07110945148692	2.0702770218919	2.0650943721946
2.31793339948759	2.31715085184355	2.30319454251335
1.93463502358775	1.94026991054539	1.93134194652788
2.1579613206675	2.15712114502124	2.15553157938176
1.4278893456402	1.42774825274423	1.42776780669339
1.28014232976655	1.28008949643248	1.27980944597076
1.10230696993188	1.10225883748301	1.10215865486911
1.53941989254285	1.53935055163666	1.54031429313819
1.44422531817973	1.4441014538724	1.4453934549411
NA	NA	0.919745491250926
NA	NA	0.441464920984929
0.855815259234899	0.855803953628581	0.855812593950198
0.749993252488977	0.749980780144909	0.749987115715358
0.0884007294722143	0.0884007324591069	0.0884002850464857
0.777968303299607	0.777955576982426	0.777939812824481
0.720039558171205	0.720027166106115	0.720013548764745
1.22985887370369	1.22979636748925	1.22953335230291
1.99667713124043	1.99539609816774	1.98903584188186
2.0409543029174	2.03973122057753	2.03337198688911
1.80498016180688	1.80416024660939	1.80198400942018
1.18691156937428	1.18684798547643	1.18655116390471
1.29280046831005	1.2936184555016	1.29251789487036
1.84584923269367	1.84510405837321	1.84346216452749
1.27514742133362	1.27508870503111	1.27466232504143
1.14198195895124	1.14193469557358	1.14171819150174
1.28710807087759	1.2878429384435	1.28676520647042
1.65337546993972	1.65270152825288	1.64959584090037
1.41852754007023	1.41828938398082	1.41743032210761
2.09345009082734	2.0929202143586	2.09170064388706
2.0101475619656	2.00948342425358	2.00396508713235
2.58784935813897	2.59200860997878	2.58087640721313
3.04084316815614	3.03943265582274	3.0225152882927
2.55710048839024	2.5563470127939	2.54638782689029
2.85035885996962	2.84969585167017	2.83637430407932
3.05730583728864	3.05514519222701	3.03652655333016
2.80260139291217	2.80173808410624	2.79357979988374
2.19946858447154	2.19907009399985	2.19520929430374
2.96819916599761	2.96774241462211	2.96279316942281
2.56042189778737	2.56007692270052	2.55471043579099
2.99249802142751	2.99248282752812	2.98629112605715
3.90628894841249	3.90723618509938	3.89269924910032
3.29856985303237	3.29788874658997	3.28702318531655
3.91583293180639	3.916016747184	3.9052082312807
3.38717401310747	3.3857006862995	3.37375584077735
3.61297410160993	3.61318031453124	3.59558735305827
3.10748903831207	3.10739215898202	3.09987795101301
3.55182770533056	3.55038324363242	3.53874037015042
3.82518029611046	3.82533091916032	3.79506946546782
3.94127824119795	3.94121777608194	3.91818316257326
4.17440337114267	4.17754785168587	4.13243626584667
3.68951112641412	3.69053102437761	3.68536858590135
3.3582460111237	3.35901702327368	3.34809132876757
3.60797863790343	3.60790231343699	3.59727635412368
3.93569338732909	3.93117379741192	3.90085505409636
4.05970133247703	4.06302962150392	4.0393544067484
4.24514323372098	4.21546730832789	4.20936855692504
3.89946504573437	3.877632342148	3.87232857467454
4.46808767083611	4.47493973895261	4.45253319606314
4.85439029388643	4.82239249636221	4.81475928256931
4.52622149476229	4.50151702604359	4.48192630699535
4.40210513160355	4.40910213468097	4.38713263569951
4.5496206088743	4.51464689957299	4.51922791249126
4.59084688678586	4.59585936294004	4.61905766899257
4.56532990170486	4.53000555811989	4.54109389522344
3.83570000787761	3.83758744747531	3.81427766856101
4.32069121766443	4.32602047982366	4.31169360734986
4.08804280904937	4.09166159770898	4.08739538274892
4.448641010873	4.45200136154317	4.40556130766659
4.61518387739391	4.62328164680288	4.59345314220595
5.24559305236311	5.24813130219773	5.18141800513341
4.90837666271374	4.87744026767609	4.83927878363003
5.24559305236311	5.24628514860006	5.17558884047863
6.03426115777714	6.04917379314742	5.95878457416933
5.58829190459442	5.60988374241465	5.54658391639123
5.43886959827948	5.4564877012681	5.40866636427427
6.06247918851334	6.0768840003273	6.02029991491947
6.07055425055799	6.08502576179612	6.03132636939507
6.11766855023093	6.10428672534964	6.07243611048412
5.8651928073496	5.80021087428435	5.84095609051941
5.65476412377092	5.67985517431876	5.62566119557435
5.8998549383065	5.84308941596152	5.84555289639772
5.60362448773329	5.62308668101551	5.5522742036334
5.87600163241366	5.81531165335791	5.85638053514222
6.39753172156842	6.41957955679439	6.32328380130158
6.0980572010465	6.10428672534964	6.04622891716573
6.55360307873055	6.56030639006098	6.51574361520979
6.49305974541073	6.43273760711637	6.41688459338734
6.15780459352341	6.10797041249923	6.0818938533969
6.57515119418508	6.60660865843335	6.55474929850914
7.00271918547623	7.03590607313373	6.90441086003978
6.77187284890731	6.74418028147807	6.72198528898138
6.4043948813418	6.42432546048528	6.39822654436499
7.04185044425635	7.06384608732272	7.00069160592106
7.33573018691656	7.35366446614079	7.254616574092
7.08034052838796	7.06384608732272	7.0241612512572
7.65349310904556	7.67285237086404	7.60532048260345
7.41005533159545	7.3833080736246	7.31591500548801
6.78801731174004	6.74418028147807	6.72661719924145
6.93495591342778	6.95427061039978	6.90441086003978
7.20678273831153	7.18735302749193	7.16159703473155
7.15178659925151	7.09486435934469	7.09120238325763
7.20770263417017	7.22851043135146	7.23002441810888
6.76378731003699	6.74418028147807	6.72672863801048
6.99589191720621	7.0154327454976	6.95394841242381
7.19761143155499	7.14432363609096	7.22613545966545
7.21355980097464	7.22430998913126	7.254616574092
7.53390584735636	7.55638243435572	7.53549536855185
7.53313672618921	7.50670996157712	7.53107263864304
7.29367077477709	7.30664163445342	7.28168521544612
7.38254604529989	7.3833080736246	7.36569050891755
7.65567539430977	7.67503695160717	7.60532048260345
7.65311956398152	7.67092975629726	7.60532048260345
8.33770510722895	8.3403960717236	8.30811370860749
8.05946903016757	8.02162028783431	7.94272638198447
8.41581202498025	8.37227199188299	8.30811370860749
8.41731471187075	8.39315172369447	8.37633652072978
9.48720869000817	9.46305125048799	9.34949741207955
9.29394126496493	9.29553009538782	9.11924355861288
9.48720869000817	9.45243119813435	9.35335123812007
9.8047305889102	9.75163636777613	9.6897612771335
9.75027372556073	9.7126410129245	9.59758670119762
9.86968086073872	9.85913970504114	9.71788506307692
9.51019810049844	9.52980267448659	9.36502596360411
10.4123016969695	10.3528111158762	10.3174097892546
9.56574924781433	9.57489953436102	9.496202648184
10.3710617090369	10.3207944474622	10.2540301775034
9.72417523549973	9.68311986659354	9.65776034231635
10.5049743259256	10.5145827242326	10.4240424648868
10.2604020580853	10.2484703198279	10.0805266284232
10.4756704336788	10.4915394126175	10.3334587087908
10.4009379981582	10.3705066643158	10.2291059970863
11.0740791365947	11.0140476086973	10.8226996274745
10.9138606499415	10.8826200886995	10.7592373341758
11.1092992820697	11.0610305216197	10.8005730964872
10.9895709549651	10.9230372378752	10.7497687967585
11.1279096377698	11.1517361543337	10.9202861557127
10.8173509719634	10.8258063875373	10.585078228247
10.6458146575273	10.6158879502649	10.4240424648868
10.9378841958836	10.8826200886995	10.7487363488313
11.1092992820697	11.0947745580845	10.9771129903209
11.1092992820697	11.0384013251409	10.9590487224419
10.5562220968615	10.5586046518049	10.4240424648868
10.4612621292983	10.4167562397745	10.2596914825394
10.6198382730549	10.5656574068996	10.4240424648868
11.4329107591557	11.4566991150611	11.311314560456
11.1092992820697	11.1078353217227	10.924481215524
11.4280311299819	11.3332882987666	11.2205753762014
11.2623131640444	11.1993742763636	11.1989677652187
11.6525312189865	11.6015940052953	11.5207589327906
12.080716554789	12.1263153891524	12.1487033397934
12.0792952056453	12.0945871274354	12.0326767318988
12.1497900459521	12.1483951959484	12.0828254662624
12.528758618588	12.4644818376858	12.4818888165985
12.4784679450713	12.4644818376858	12.5403175103394
12.4021465792678	12.4561744054219	12.4415136075589
12.4021465792678	12.3786209374337	12.2143505835112
12.6373214498131	12.5186897501795	12.6085390341335
13.0472347301071	12.963375775489	13.0226202339709
12.7911500516711	12.7805307805805	12.9343459386799
13.0472347301071	13.0663889496505	13.2182536082144
13.0472347301071	13.0351326365256	13.0775400927081
13.4331615621777	13.4123835740885	13.5354774047128
13.2908851043167	13.2170004458515	13.3371783404933
13.3754830190736	13.4123835740885	13.5196296901958
13.578770177272	13.4913113407973	13.8519618992411
13.3981189382238	13.4123835740885	13.5328465878138
13.152079372678	13.0964467807889	13.1959704742551
13.0472347301071	13.0859294235513	13.2127653675475
13.1489900098129	13.0964467807889	13.3054835889686
13.1814943517505	13.1178481961225	13.2639357893661
13.1883111388499	13.1348137586241	13.2431339410821
12.5912104914393	12.5392295251996	12.5758224207328
13.03500793108	12.9473139689239	13.2055579782003
13.0472347301071	13.0913058944823	13.0821807134945
13.297669360388	13.2329536683405	13.5426153993637
13.7063439101069	13.7283391817399	14.0974601280252
13.3413874578042	13.2708989170819	13.6397270988981
13.1934086280563	13.1026096101446	13.4329316904336
13.7814839069808	13.7283391817399	14.0357379734345
13.6554216569182	13.5585776211261	13.9206584553935
14.0138683804947	13.9277910020545	14.5361325243457
13.6888351265918	13.6092517920946	13.9776216560892
13.6917341399839	13.6426546110288	14.29316026947
13.3695400056108	13.3828831914369	13.9131906469505
13.2612589484723	13.1526541540091	13.5938198134292
13.407235510325	13.4123835740885	13.8026110470758
13.3695400056108	13.3222052769723	13.6731977314013
13.6910630962362	13.6067797761684	14.1180702515954
13.4163521265077	13.4123835740885	13.9045846685203
13.2116245572453	13.142358897364	13.595571597681
13.3111286112796	13.2584398381445	13.6357656711411
13.955981390053	13.8790764285197	14.2458820617939
13.4907096235425	13.4312238303259	13.5997796898986
13.8394642726902	13.7582234181546	14.2739958999183
13.6917341399839	13.7135192449656	13.9285215902716
13.6917341399839	13.7283391817399	14.1330182979767
14.0138683804947	14.044304552684	14.2935305029242
14.1693370906829	14.0940122490168	14.285883877941
14.3359369873341	14.3602677128884	14.642595464082
14.5710016754431	14.501952361836	14.6159315422349
14.4461546788454	14.3826337433489	14.6359001213273
14.2818152033618	14.2243418781692	14.4448187260197
14.5001474328134	14.3839387637072	14.7681953774948
14.5283311281984	14.423953647039	14.7286068073725
14.1260827231549	14.044304552684	14.2935305029242
14.0138683804947	14.044304552684	14.3676386236928
13.3144532840913	13.2276952387994	13.553963837302
13.5327775884184	13.4138821467591	13.5938198134292
13.5708867850569	13.4949572269458	13.8313415259219
14.0138683804947	14.044304552684	14.4668858824537
13.8581679793613	13.7855682070194	14.1160075782106
14.3359369873341	14.3134645664823	14.6708826205718
14.0115538551841	13.934861705391	14.2935305029242
14.0222194871592	14.044304552684	14.4985966108781
14.5081353062993	14.4924172988475	14.9911390700929
14.3359369873341	14.3602677128884	14.9911390700929
14.6580090502999	14.6763061190706	15.1274765915576
14.5402796871648	14.5672815407372	14.7112878714696
14.6580090502999	14.6763061190706	15.1821798139548
14.6580090502999	14.6885087652679	15.0860721373668
14.6580090502999	14.6763061190706	15.3391616553181
14.7334620540539	14.77758922758	15.3391616553181
15.0184330386195	15.0018675658731	15.2383328287486
14.980096711823	14.9924599823651	15.239686275648
14.9071643496367	14.9083353286568	15.0948262150913
15.1009078727909	15.113510461374	15.465696012031
14.980096711823	14.9924599823651	15.0747518779042
15.2935979434568	15.3087569194937	15.3391616553181
15.0108636542025	14.9924599823651	15.177690214728
14.980096711823	14.9924599823651	15.2310329555254
15.3022640354514	15.2530573366009	15.3391616553181
15.0242675582107	14.9924599823651	15.3391616553181
15.276685639442	15.1593304319238	15.3495675232409
15.1273766638026	15.0719089772407	15.2339320687834
15.4578197071361	15.4098630407399	15.4422486616496
14.9026557050843	14.8568113468033	14.9911390700929
15.6464124078942	15.6250862542233	15.5891436985119
15.6244562114324	15.6250862542233	15.671903326257
15.6244562114324	15.6250862542233	15.4964843153517
15.3022640354514	15.3087569194937	15.1560304655896
15.4237750759296	15.4000035719877	15.5081295344662
15.5403262779255	15.5108784159603	15.7565875362215
15.5784179265382	15.5604166790103	15.6621376603455
15.6244562114324	15.6250862542233	16.2629026514042
16.0030013010384	15.9807600936648	16.0882840067131
16.2207045490753	16.1721853897294	16.6562131005423
16.2028960728183	16.142151987043	16.4618859408084
16.2694162078588	16.2581144478671	16.7695989333077
16.2694162078588	16.2581144478671	16.7816927994576
16.3591789925558	16.2991060461439	16.5481432030473
16.5922542490096	16.5747719312645	17.3158300600109
16.9033111449675	16.8707611987656	17.4189754701128
16.5352118777125	16.5618714844252	17.025041488005
16.9153139285956	16.8915953655846	17.1385882406041
17.15774555227	17.1469516688454	17.4513150220422
16.9153139285956	16.8915953655846	17.2402604088438
17.1499473340789	17.1852515134054	16.7271538439583
16.9214346890637	16.9634559894971	16.9443523183312
16.5893039737159	16.5747719312645	16.6978791909589
16.7832722957292	16.8560163277503	16.8815895925821
16.6947740367888	16.7181218333555	17.1839165278081
16.5682993405423	16.5747719312645	16.9298667590798
16.6090627693935	16.6292361131573	17.0481409298737
16.4321793223598	16.5368100450392	16.9340655366733
16.4647164621475	16.5504586758038	16.7271538439583
16.9818779729845	17.2052244084334	17.4772978725893
16.7501467025568	16.8915953655846	17.1043147665142
17.2215613105334	17.2305572780409	17.586305537027
16.9153139285956	16.9994524203323	17.167448563601
16.9291925039316	17.1295429134378	17.1137958942961
16.5922542490096	16.5987493400056	16.9672543281702
17.0737040316281	17.2085729390169	17.344401253219
16.8412976896287	16.9168827138807	16.6107530928169
16.2694162078588	16.4754730111654	16.6642990382556
16.9107230562801	17.0209037159241	16.646177180455
17.2385835439588	17.2659765144955	17.0127577378898
17.5155487633725	17.5256935566821	17.0426814589192
17.673759407594	17.6758104649183	17.1881646487991
18.4755594417114	18.4393305263942	17.5304127855015
17.5809232536363	17.5734025114537	16.7702525972403
18.6520370906946	18.664031803626	17.4150714405024
18.658699784648	18.7185789465472	17.0164353843322
18.8683160712419	18.8659287442798	17.4189754701128
19.373649045793	19.4310203283939	17.7863300061015
19.9017042972251	19.9140167506806	17.7302664603665
20.7654859621878	20.599503218658	NA
20.4595617573517	20.2878617633143	17.7643201502789
19.9117697240249	19.7490887721882	17.5935895394209
20.0911413503315	19.9452738344618	18.1008276372948
20.3533289865972	20.2725701005444	18.157967608111
20.483837388439	20.3857845669696	18.1268867459665
20.4227746103802	20.3834787696888	17.0383148762918
19.8503142205674	19.8621812379522	17.7937453557743
20.7796303424321	20.8839276125623	NA
20.2685653932626	20.4176275856339	16.8067170125112
20.8659574378911	21.023312783459	NA
20.8800972768632	21.0919021958573	NA
20.6103719389628	20.808185220532	NA
20.6311658335011	20.8700866333738	NA
20.4919631316747	20.6921924150179	NA
20.5825467989719	20.8425143532858	NA
20.5690094655101	20.9503182552675	NA
20.4945898941023	20.8167129347762	NA
20.9007006792429	21.1318177872624	NA
20.7033576882539	20.9671607611729	NA
21.2240905027736	21.2769790834889	NA
21.7293561035333	21.661823042733	NA
22.4425740271222	22.3012647557178	NA
22.6140087299685	22.3012647557178	NA
21.9589430681669	21.7700047117483	NA
21.7626044420997	21.7131587904378	NA
21.7524057427936	21.6590940536577	NA
21.7452751924574	21.661823042733	NA
21.723667862735	21.661823042733	NA
21.7887109258511	21.661823042733	NA
21.308755275515	21.3424064145232	NA
22.2442147988381	22.282079446369	NA
22.162795456909	22.1559805862223	NA
22.731859431606	22.5325901732203	NA
22.4425740271222	22.2645220982223	NA
22.1070799038591	22.0801533726332	NA
21.9908300101086	22.1011936410144	NA
22.362325684622	22.4948031185477	NA
22.7887806554927	22.6973573822578	NA
22.0348262619517	22.3012647557178	NA
22.3662181357499	22.3012647557178	NA
22.477721626208	22.38035722661	NA
22.9538322156682	22.9069837570607	NA
22.7698373896173	22.6214110450224	NA
22.703346230503	22.4613989989576	NA
22.336984256137	22.3039419030445	NA
22.7698373896173	22.7702516215908	NA
23.3796915051335	23.2055967329703	NA
23.6116470941282	23.5811063636305	NA
23.3779999540144	23.1959800651205	NA
22.8727252703484	22.6214110450224	NA
22.7261317705032	22.5569598232051	NA
22.6518026128569	22.5680117803842	NA
22.5675410414985	22.4388880382599	NA
22.9861430573119	22.9405006511103	NA
22.7280501018849	22.6214110450224	NA
22.3363528561187	22.4081245079764	NA
22.1840318641639	22.4966287425622	NA
22.445637929058	22.6214110450224	NA
21.9650382719289	21.8475847564551	NA
22.3152953377731	22.0507467259585	NA
21.9966473613523	21.9456513647306	NA
22.4425740271222	22.3012647557178	NA
21.8075199912606	21.6846742473651	NA
22.7698373896173	22.4759974688563	NA
22.7656710052908	22.3012647557178	NA
22.7720298858137	22.224038967619	NA
22.7285585539924	22.3023725970434	NA
23.0972998739371	22.8207074289788	NA
23.533813398001	22.8887562085688	NA
23.3073377399089	22.9418223086379	NA
24.0328931063495	23.4131719923488	NA
23.5992978151366	23.2625446201496	NA
23.7540661630711	23.3088535290922	NA
23.7060653522026	23.2625446201496	NA
23.9265203810721	23.5834731891313	NA
23.9717059412456	23.7788210473984	NA
23.891605662718	23.5834731891313	NA
23.4434700303213	23.4569587894758	NA
23.0776773163062	22.997469125952	NA
23.214127264822	22.9418223086379	NA
23.5902214552211	23.2625446201496	NA
23.6285177761348	23.3653425635434	NA
24.233352503795	24.1142351717713	NA
24.2427702380553	24.1707035470848	NA
24.0806492343515	24.3917121041298	NA
23.7139020554215	23.7403513638811	NA
24.3942237943859	24.2260101457905	NA
24.7961855506458	24.133989159191	NA
25.7835399972346	24.8828123744012	NA
24.9179206969756	24.5475457636304	NA
25.2919499417773	24.4390436929172	NA
25.4677121359867	24.7340226623121	NA
24.9573518247011	24.2260101457905	NA
24.9896970175971	24.8692096822713	NA
25.0648349891228	24.6010266151234	NA
24.6431109955624	24.0905120057608	NA
24.8921143506472	24.4051724382032	NA
25.0648349891228	24.5638350891295	NA
25.0648349891228	24.6536456265596	NA
25.0594872990957	24.2702030399987	NA
25.1515818649366	25.1677584260186	NA
25.3929537855592	25.4043689090896	NA
24.9887727639052	25.0660219440412	NA
25.5272288871622	25.4528369791652	NA
24.4469271377823	24.4896255933182	NA
24.9900173998893	24.8692096822713	NA
24.8859449605838	24.6047881572029	NA
24.730941618075	24.403428929002	NA
24.4221486076727	24.4864116255057	NA
24.6531368092495	24.6710319297009	NA
24.7367262864738	24.3673003668006	NA
25.0648349891228	24.59026125146	NA
25.0648349891228	24.7375375428715	NA
25.0236199036442	24.8182061683784	NA
24.870042933886	25.1339229191534	NA
24.7435114840342	24.9551906123	NA
25.3607427220611	25.0205010760659	NA
25.2504539043587	24.9979495275444	NA
25.1588854408199	24.8692096822713	NA
25.0648349891228	24.9101759297503	NA
25.0648349891228	24.8692096822713	NA
25.0317490377561	24.8692096822713	NA
25.0168990796149	25.1909626250345	NA
25.0629656527386	25.1233365592544	NA
25.0885233494549	25.2202260328311	NA
24.7445288476407	25.3890472224358	NA
25.0648349891228	25.5127640830725	NA
25.2379287538297	25.8970843180649	NA
25.1907375460138	25.9204703057884	NA
25.5879131460675	26.4781461423106	NA
25.5889760945908	26.4915883776443	NA
25.319337451967	26.1563873353484	NA
25.3946736282058	26.0896544178102	NA
25.3546905840982	26.4781461423106	NA
25.8517974025225	26.4781461423106	NA
25.9893834406012	26.8042641821538	NA
25.7758808225774	26.4781461423106	NA
26.0239561976867	26.9156467918343	NA
26.0490873714205	27.4731018029407	NA
25.8984940912926	27.2709630523796	NA
25.7210442133609	27.0253088450937	NA
25.6679946408854	26.7998391382227	NA
26.0855190635568	27.2262350875283	NA
25.8199249334637	26.7044974172896	NA
25.9550487905417	26.6412522441693	NA
25.8506356440844	26.7998391382227	NA
25.9470217631557	26.6953437953853	NA
25.7006644228617	26.4581020649844	NA
25.7210442133609	26.7998391382227	NA
25.8507291748098	26.7998391382227	NA
25.8405669590014	27.20823402794	NA
26.3261686632422	27.2434999598823	NA
26.2057466879683	27.1214954678418	NA
26.1631435484169	27.1214954678418	NA
26.033376089971	26.7998391382227	NA
25.8068186109501	26.8081740615662	NA
25.946054141757	26.7195834410391	NA
25.7210442133609	26.0050248428092	NA
25.7210442133609	26.0489202174389	NA
25.3929537855592	25.5810564502424	NA
25.0772311986312	25.4222301364813	NA
25.3929537855592	26.1563873353484	NA
25.5617433008747	26.1563873353484	NA
25.540583850701	26.8075439703612	NA
25.7210442133609	26.895976609691	NA
25.8864363261132	26.4671188230333	NA
25.8545599635476	26.4781461423106	NA
26.0607344538997	26.8886012644964	NA
26.3770860927498	26.7341552583265	NA
26.3770860927498	26.4220563464626	NA
26.9782549016534	26.7998391382227	NA
26.3770860927498	26.4781461423106	NA
26.7051035434599	NA	NA
26.4331730226875	NA	NA
26.5895935946365	26.1563873353484	NA
26.5278881420064	26.0409187306462	NA
26.4891046991713	26.2489780931814	NA
27.2485598935184	26.1563873353484	NA
27.323490851195	26.2222679485212	NA
27.5580188756022	NA	NA
27.6225224087607	NA	NA
27.3610156094401	NA	NA
27.3610156094401	NA	NA
27.8148181671016	NA	NA
27.4817001322675	NA	NA
27.7149504080617	NA	NA
28.0169832080584	NA	NA
27.5557171755226	NA	NA
27.3610156094401	NA	NA
27.1118282334919	NA	NA
27.1996430995709	NA	NA
27.0925516702968	NA	NA
27.3610156094401	NA	NA
27.688996922044	NA	NA
27.5893373700081	NA	NA
27.3610156094401	NA	NA
27.688996922044	NA	NA
27.9897662113057	NA	NA
27.688996922044	NA	NA
27.8514688383811	NA	NA
27.6625353294315	NA	NA
27.4899285007124	NA	NA
27.5201628765043	NA	NA
27.4930797202687	NA	NA
27.688996922044	NA	NA
27.9240545618638	NA	NA
28.0169832080584	NA	NA
28.3449667036949	NA	NA
28.0403465392126	NA	NA
28.1692930856736	NA	NA
28.3449667036949	NA	NA
28.3449667036949	NA	NA
28.2854785880539	NA	NA
28.5082486387625	NA	NA
28.672959120503	NA	NA
28.3449667036949	NA	NA
28.3851737859707	NA	NA
28.9214819479098	NA	NA
28.2841774122058	NA	NA
28.5063610800907	NA	NA
28.9458045090195	NA	NA
28.9253908582014	NA	NA
28.3449667036949	NA	NA
28.5313567540303	NA	NA
28.6290718258629	NA	NA
28.0468758433237	NA	NA
28.9264197594913	NA	NA
28.4059806226663	NA	NA
28.5579847112097	NA	NA
28.2150540823381	NA	NA
28.2802693958939	NA	NA
28.3046489283335	NA	NA
28.3449667036949	NA	NA
28.3282024805056	NA	NA
28.8483790372208	NA	NA
28.5931704292963	NA	NA
28.4134032865515	NA	NA
28.8697463594297	NA	NA
28.9979463730323	NA	NA
30.0539839645182	NA	NA
29.7708942266966	NA	NA
29.5934197807532	NA	NA
29.9723232193501	NA	NA
29.3255700194528	NA	NA
29.372394330219	NA	NA
29.6341189660511	NA	NA
29.683850911595	NA	NA
29.9313266776496	NA	NA
29.5464226814288	NA	NA
30.1624178495095	NA	NA
30.5284847725294	NA	NA
30.4647050655601	NA	NA
29.6863870341043	NA	NA
29.2260061686425	NA	NA
30.2968262172624	NA	NA
30.1049909056908	NA	NA
30.0773032703135	NA	NA
30.7078548296138	NA	NA
30.2678828870709	NA	NA
31.3294209802837	NA	NA
30.5112942790572	NA	NA
30.4778657753527	NA	NA
30.7141264798602	NA	NA
30.9532603713974	NA	NA
30.7498865893295	NA	NA
31.0307485487196	NA	NA
31.4448899304662	NA	NA
31.1631949397015	NA	NA
30.6620467968731	NA	NA
30.8879197653275	NA	NA
30.9690743583239	NA	NA
30.9690743583239	NA	NA
31.1735506098287	NA	NA
31.2970808827686	NA	NA
31.4150873338078	NA	NA
31.6245844036211	NA	NA
31.591254211237	NA	NA
32.2812076193362	NA	NA
32.8405983407219	NA	NA
32.6062095025652	NA	NA
33.034635678907	NA	NA
33.2653101421934	NA	NA
33.346020935376	NA	NA
33.2076123584587	NA	NA
33.2653101421934	NA	NA
32.9711862070436	NA	NA
33.1238629325752	NA	NA
33.1275818304289	NA	NA
33.0817106949917	NA	NA
33.2605110195326	NA	NA
33.5441945961357	NA	NA
33.1644403778582	NA	NA
34.2463201397822	NA	NA
34.1308122901538	NA	NA
34.1380967464685	NA	NA
34.3889613481967	NA	NA
34.2492931722486	NA	NA
33.6945522416068	NA	NA
34.0115116989801	NA	NA
34.0870674607845	NA	NA
34.1222767615934	NA	NA
33.6637945031557	NA	NA
34.4774418706624	NA	NA
34.7447204486251	NA	NA
34.3205880870261	NA	NA
34.5773198064346	NA	NA
35.0057006906898	NA	NA
35.1913202372769	NA	NA
35.166977209202	NA	NA
35.5614338450771	NA	NA
35.819567793653	NA	NA
35.5720797782707	NA	NA
36.1285848493232	NA	NA
36.1138912865837	NA	NA
35.9739318658107	NA	NA
36.217522107727	NA	NA
36.8736182070466	NA	NA
36.8736182070466	NA	NA
36.8674648724956	NA	NA
37.4661879460607	NA	NA
37.3222125949107	NA	NA
37.3259537705518	NA	NA
37.8873264853429	NA	NA
37.6616713169806	NA	NA
38.1856706539405	NA	NA
37.9525420336598	NA	NA
37.8920547573834	NA	NA
38.1856706539405	NA	NA
38.7307447067524	NA	NA
37.9969062057879	NA	NA
38.3039889913167	NA	NA
38.1856706539405	NA	NA
37.2016691350322	NA	NA
37.504604228882	NA	NA
36.5455783962749	NA	NA
36.2920795488852	NA	NA
36.2762058982252	NA	NA
35.8134812773265	NA	NA
36.5455783962749	NA	NA
36.217522107727	NA	NA
36.5132771863009	NA	NA
36.5455783962749	NA	NA
36.8736182070466	NA	NA
36.8736182070466	NA	NA
36.0367261719416	NA	NA
36.2648276983871	NA	NA
36.0322852553298	NA	NA
35.8835483353594	NA	NA
34.9053674440547	NA	NA
35.1787137829581	NA	NA
36.4759423702073	NA	NA
35.8894546490516	NA	NA
36.2302154332229	NA	NA
36.1884850412452	NA	NA
36.4082466469203	NA	NA
36.4321804924527	NA	NA
37.0520150295019	NA	NA
36.5455783962749	NA	NA
37.0969482191746	NA	NA
36.4840413201162	NA	NA
37.0169978956881	NA	NA
36.8376600445857	NA	NA
37.2824388240998	NA	NA
37.3114540601899	NA	NA
37.7372169162024	NA	NA
37.9917237952721	NA	NA
38.2006813657766	NA	NA
37.8054887213288	NA	NA
37.6886686536283	NA	NA
37.8567860836173	NA	NA
37.8637660703331	NA	NA
38.0035757439656	NA	NA
38.5733654009055	NA	NA
38.2417248137438	NA	NA
38.1072276443284	NA	NA
38.6065233040663	NA	NA
38.85390295275	NA	NA
38.841795719939	NA	NA
38.7017972464091	NA	NA
38.5555211934482	NA	NA
38.3311997166628	NA	NA
38.7385147521365	NA	NA
38.8416427326434	NA	NA
38.9006543364434	NA	NA
39.0142605694129	NA	NA
38.6510648971558	NA	NA
39.1423403229998	NA	NA
39.6575234461096	NA	NA
40.0393247757061	NA	NA
39.8835828794164	NA	NA
40.8511077621122	NA	NA
40.2334404046256	NA	NA
40.8062317522623	NA	NA
40.6593997061697	NA	NA
40.1944032517364	NA	NA
40.1871096439867	NA	NA
40.4816369491248	NA	NA
40.2411329678453	NA	NA
41.1717398815811	NA	NA
41.4657939135085	NA	NA
41.1890126153427	NA	NA
41.9387285238984	NA	NA
41.7938636032165	NA	NA
41.3388235663304	NA	NA
41.6285880784531	NA	NA
41.7930488697283	NA	NA
42.1080732191925	NA	NA
41.6008097577968	NA	NA
42.1797695302582	NA	NA
42.4499958531415	NA	NA
42.2467290779319	NA	NA
42.2435998565249	NA	NA
42.4426931261323	NA	NA
42.727070562934	NA	NA
42.7780618898977	NA	NA
42.5616295178182	NA	NA
43.1779991556567	NA	NA
43.4265686472069	NA	NA
43.3618981625936	NA	NA
42.7732346607144	NA	NA
43.025772110032	NA	NA
43.3111895004222	NA	NA
43.4826745200848	NA	NA
43.8076284945158	NA	NA
43.9235012507049	NA	NA
43.1140596523615	NA	NA
42.7129287389516	NA	NA
43.4341979801342	NA	NA
43.1302474405182	NA	NA
43.1327013851818	NA	NA
43.3143238848112	NA	NA
43.5945337248803	NA	NA
43.7302823940932	NA	NA
43.7552028803946	NA	NA
43.9945225087903	NA	NA
43.7685683717563	NA	NA
44.5176751577282	NA	NA
45.0744909801993	NA	NA
45.1136210191429	NA	NA
44.9319093166447	NA	NA
45.2597471999108	NA	NA
45.3963183748843	NA	NA
45.7441245488676	NA	NA
45.7838188739086	NA	NA
45.8390838985177	NA	NA
45.4122859180267	NA	NA
45.8508272949545	NA	NA
45.0310572463787	NA	NA
45.1922666683461	NA	NA
45.9026353447234	NA	NA
46.4586081217838	NA	NA
46.6167710667928	NA	NA
47.6275533829325	NA	NA
47.7795358959366	NA	NA
46.5461537560554	NA	NA
47.0700113247146	NA	NA
46.4170655978604	NA	NA
46.5792617816161	NA	NA
46.8470195735571	NA	NA
47.0447405847961	NA	NA
46.9239363148095	NA	NA
46.6614880680456	NA	NA
46.5422507645635	NA	NA
46.6654638276714	NA	NA
47.0035138783207	NA	NA
48.0950034807564	NA	NA
47.8313046487027	NA	NA
47.5034052606291	NA	NA
47.8394886464318	NA	NA
47.8076992804265	NA	NA
48.3636201416009	NA	NA
47.6536904807046	NA	NA
47.7461070120804	NA	NA
47.149413920389	NA	NA
47.252629408944	NA	NA
46.6506676107384	NA	NA
46.7066258119241	NA	NA
46.6742754719425	NA	NA
46.9803169518366	NA	NA
47.0935011325663	NA	NA
47.3958710705533	NA	NA
47.1597031166917	NA	NA
48.6901081150894	NA	NA
48.2783701264083	NA	NA
48.1750556661154	NA	NA
48.2360431403859	NA	NA
47.6621344339462	NA	NA
47.9499411761958	NA	NA
48.3008274538662	NA	NA
47.8585642010054	NA	NA
48.1196121660531	NA	NA
48.1299013141678	NA	NA
48.2070308506176	NA	NA
47.8772826976043	NA	NA
46.7628395669473	NA	NA
25.3929537855592	26.1563873353484	NA
25.7210442133609	26.719796255024	NA
25.7210442133609	26.4781461423106	NA
26.0708512642734	27.5028047925069	NA
25.973901274483	26.9223770556862	NA
25.7210442133609	26.4781461423106	NA
25.5834016201618	26.8253560911235	NA
25.5250104893301	26.7658728080874	NA
25.7210442133609	27.1214954678418	NA
25.3560322363658	26.6283543603045	NA
25.3356403916417	26.4781461423106	NA
25.4021486566877	26.4781461423106	NA
24.7367262864738	26.0891450242613	NA
25.5228173193173	26.7035806962502	NA
25.0014250320648	25.834581023739	NA
25.5465472637496	26.5200610985783	NA
25.463002564863	26.4781461423106	NA
26.0490873714205	27.3458446287018	NA
25.9073407110278	27.4431356982863	NA
25.825070036563	27.3435390925229	NA
26.1545994252272	28.0585147970494	NA
NA	27.9776435836443	NA
25.6398583392043	27.7939878741003	NA
26.1492917190886	27.7647521901855	NA
NA	28.4079725195657	NA
NA	28.3895635201192	NA
NA	28.9589612848062	NA
NA	29.0417017537327	NA
NA	29.0510988304304	NA
NA	29.3318375737169	NA
NA	29.0510988304304	NA
NA	29.0510988304304	NA
NA	29.0510988304304	NA
NA	29.0804209153625	NA
NA	29.0510988304304	NA
NA	29.4913469054564	NA
NA	29.3283243501804	NA
NA	29.4790389639631	NA
NA	29.4939254924628	NA
NA	29.3492723882261	NA
NA	29.3202276570914	NA
NA	30.5198626741942	NA
NA	30.6593158700954	NA
NA	30.918489040588	NA
NA	30.829965594755	NA
NA	30.1794389921701	NA
NA	29.9174733536982	NA
NA	29.6979924946586	NA
NA	29.6227016259354	NA
NA	29.6943329754844	NA
NA	29.3727051799906	NA
NA	29.6541815932004	NA
NA	30.3376353820891	NA
NA	30.9810143881041	NA
NA	31.1642020091759	NA
NA	31.2950322020048	NA
NA	30.3376353820891	NA
NA	30.2139089394632	NA
NA	29.7986676145299	NA
NA	30.0196160328126	NA
NA	30.0159686065716	NA
NA	30.085699570026	NA
NA	30.3376353820891	NA
NA	29.8449193236842	NA
NA	30.0271777897059	NA
NA	29.9926548324934	NA
NA	30.2544655767464	NA
NA	30.3509582689668	NA
NA	30.3376353820891	NA
NA	30.1509134333283	NA
NA	30.7989071014424	NA
NA	31.1280330040083	NA
NA	30.9810143881041	NA
NA	30.9810143881041	NA
NA	30.9810143881041	NA
NA	31.6243697707941	NA
NA	31.3027059841765	NA
NA	31.3027059841765	NA
NA	31.4355092332163	NA
NA	31.3027059841765	NA
NA	32.024323062597	NA
NA	31.9460432020833	NA
NA	31.6663108092673	NA
NA	31.1158710956479	NA
NA	30.6593158700954	NA
NA	30.9810143881041	NA
NA	31.1623998452213	NA
NA	31.3845316143739	NA
NA	31.3027059841765	NA
NA	31.3027059841765	NA
NA	31.3027059841765	NA
NA	31.6284721732196	NA
NA	31.3027059841765	NA
NA	31.0306603818343	NA
NA	30.9623335554944	NA
NA	30.6593158700954	NA
NA	30.9810143881041	NA
NA	31.6243697707941	NA
NA	31.6243697707941	NA
NA	31.6243697707941	NA
NA	31.6935434263221	NA
NA	31.6243697707941	NA
NA	31.9460432020833	NA
NA	31.8183418946805	NA
NA	32.0389215351449	NA
NA	32.7055684051733	NA
NA	32.2111282217034	NA
NA	33.1518982667361	NA
NA	32.6431158914293	NA
NA	32.9109722996611	NA
NA	32.6356272999302	NA
NA	32.5893245522594	NA
NA	32.2676782673291	NA
NA	32.2812934824428	NA
NA	32.5893245522594	NA
NA	32.2844496813954	NA
NA	32.5893245522594	NA
NA	32.6082548598666	NA
NA	32.9109722996611	NA
NA	33.1326838983363	NA
NA	32.9109722996611	NA
NA	32.717171937453	NA
NA	32.5808584186422	NA
NA	32.5893245522594	NA
NA	32.9109722996611	NA
NA	32.9109722996611	NA
NA	33.31087533968	NA
NA	33.2581278163336	NA
NA	33.232545496712	NA
NA	33.5854947198268	NA
NA	33.232545496712	NA
NA	33.2254024668663	NA
NA	32.9109722996611	NA
NA	33.0416652645954	NA
NA	32.9109722996611	NA
NA	33.045006379726	NA
NA	33.4586097391884	NA
NA	33.4862237163914	NA
NA	33.6789634116925	NA
NA	33.6093881524047	NA
NA	33.4333704939327	NA
NA	33.5541670252034	NA
NA	33.8571184680797	NA
NA	34.9284411104712	NA
NA	34.9328259689396	NA
NA	34.8406595749505	NA
NA	34.8406595749505	NA
NA	35.2747238857546	NA
NA	35.1623384964898	NA
NA	35.167610614445	NA
NA	35.1623384964898	NA
NA	35.338904684618	NA
NA	35.3828208018468	NA
NA	35.5774456329762	NA
NA	35.1038098181461	NA
NA	35.6692572291827	NA
NA	35.4840183899254	NA
NA	35.0128826045629	NA
NA	34.8282444621298	NA
NA	35.0199631010754	NA
NA	35.1623384964898	NA
NA	35.7469843391572	NA
NA	35.8043504930421	NA
NA	35.7234978521372	NA
NA	35.4840183899254	NA
NA	35.8979357723071	NA
NA	35.9020987986466	NA
NA	36.127391726858	NA
NA	36.4401018288064	NA
NA	36.5187173756991	NA
NA	36.3590924361913	NA
NA	36.3705874337844	NA
NA	36.6056443697457	NA
NA	36.5855879975993	NA
NA	36.7364614062295	NA
NA	36.8372198906353	NA
NA	36.9410187147751	NA
NA	37.0776662703827	NA
NA	36.8178304744865	NA
NA	36.9201010494799	NA
NA	37.4141710781039	NA
NA	36.9718964430076	NA
NA	37.4343130935991	NA
NA	36.8347313624237	NA
NA	37.1793843155733	NA
NA	37.1365967543254	NA
NA	37.4141710781039	NA
NA	37.3184292340394	NA
NA	37.735867043332	NA
NA	37.4473545011938	NA
NA	37.2052347641812	NA
NA	37.7865486956152	NA
NA	37.7442184044032	NA
NA	38.3526507835862	NA
NA	37.8930826426601	NA
NA	38.1014393433771	NA
NA	37.7428137531271	NA
NA	37.2182637435696	NA
NA	36.8469725318376	NA
NA	37.0555521196495	NA
NA	36.3870454888306	NA
NA	36.9236103857988	NA
NA	37.3645532409361	NA
NA	37.412684619281	NA
NA	37.8010005109679	NA
NA	38.0501771111746	NA
NA	38.5554495539866	NA
NA	38.4049105609912	NA
NA	38.5686500013134	NA
NA	38.3678315891772	NA
NA	38.1191098432267	NA
NA	38.3747930927021	NA
NA	38.3792669641385	NA
NA	38.0546111709029	NA
NA	38.1878543095609	NA
NA	38.6899299399035	NA
NA	38.8324356948936	NA
NA	39.0973271580011	NA
NA	39.2066438102907	NA
NA	39.6488426051503	NA
NA	39.3864966345318	NA
NA	39.0226741064704	NA
NA	39.5827868168022	NA
NA	39.5304102887645	NA
NA	39.3686317436325	NA
NA	39.5050075190026	NA
NA	39.6660729282294	NA
NA	39.7223087720823	NA
NA	39.9274544340486	NA
NA	39.9877803032801	NA
NA	39.9877803032801	NA
NA	40.1130910440321	NA
NA	40.3582985877328	NA
NA	40.0152921144243	NA
NA	40.6312060027172	NA
NA	40.5075782981394	NA
NA	40.3793798443047	NA
NA	40.6036214541599	NA
NA	40.3094850717253	NA
NA	40.723590832175	NA
NA	40.8211092654393	NA
NA	41.1513184708252	NA
NA	41.5522159367467	NA
NA	41.9180467140075	NA
NA	41.6114248384983	NA
NA	41.5963268588674	NA
NA	41.9180467140075	NA
NA	42.0545466936276	NA
NA	42.2397692164686	NA
NA	42.05705708023	NA
NA	42.4953279292004	NA
NA	41.6781317459175	NA
NA	41.686811517299	NA
NA	41.6170526811397	NA
NA	41.2855806219596	NA
NA	41.3576326407319	NA
NA	41.1887280556491	NA
NA	41.4494466774415	NA
NA	41.5963268588674	NA
NA	41.5036821103504	NA
NA	41.5963268588674	NA
NA	41.8151365925951	NA
NA	41.436936728927	NA
NA	41.7861727453055	NA
NA	41.7707961836414	NA
NA	42.0700848132289	NA
NA	42.1674788902351	NA
NA	41.5963268588674	NA
NA	42.2397692164686	NA
NA	42.3450371854029	NA
NA	42.4111085669195	NA
NA	42.8832217136544	NA
NA	42.5496600076892	NA
NA	42.1778909197252	NA
NA	42.3650123844592	NA
NA	42.5939729578794	NA
NA	42.609108985837	NA
NA	42.9603136271694	NA
NA	43.5625711393794	NA
NA	43.03361165057	NA
NA	43.0725805166969	NA
NA	42.7574074351583	NA
NA	42.7701761366064	NA
NA	43.1910379097309	NA
NA	44.1117962733024	NA
NA	43.8320177812742	NA
NA	44.1175980061101	NA
NA	43.4803881615304	NA
NA	43.8964044083926	NA
NA	43.7694424705738	NA
NA	44.0958074243698	NA
NA	43.3089870643826	NA
NA	43.9218005136914	NA
NA	44.5557718169839	NA
NA	44.6260076271667	NA
NA	44.6949649057138	NA
NA	44.7958346520931	NA
NA	44.1701332098653	NA
NA	44.6471957215683	NA
NA	44.7786508321339	NA
NA	44.6127887871361	NA
NA	45.0408694657222	NA
NA	44.6757396821236	NA
NA	44.8403374571766	NA
NA	44.5515561613268	NA
NA	44.1141083602611	NA
NA	44.2512356011631	NA
NA	44.5633601153543	NA
NA	45.0365114096151	NA
NA	45.2718309271019	NA
NA	45.3569310680206	NA
NA	45.9160732214311	NA
NA	45.6767969600289	NA
NA	46.3410194082128	NA
NA	46.0521480752442	NA
NA	46.1638361978164	NA
NA	46.2751416909782	NA
NA	46.2462018697943	NA
NA	46.8400376021386	NA
NA	46.3203163539069	NA
NA	47.0257766037033	NA
NA	46.8522380655792	NA
NA	46.9631057988892	NA
NA	46.3050996148117	NA
NA	46.7756103214888	NA
NA	47.4118301844647	NA
NA	46.986371126919	NA
NA	46.8224724921663	NA
NA	47.0222511567052	NA
NA	47.7091883377195	NA
NA	47.2133552179888	NA
NA	47.6103941291426	NA
NA	46.6866956670134	NA
NA	46.0189668049884	NA
NA	46.3884984392028	NA
NA	46.265768310934	NA
NA	46.6262197964287	NA
NA	46.1595514701807	NA
NA	46.7684384260968	NA
NA	47.2627186249785	NA
NA	47.0684154095555	NA
NA	46.9660862826171	NA
NA	47.3968462943827	NA
NA	46.8988290502651	NA
NA	46.0215087259179	NA
NA	46.2513893295669	NA
NA	46.7836564354573	NA
NA	46.5529918450253	NA
NA	46.3513278050462	NA
17.163053134752	17.0929823487439	17.2015942749025
17.2385835439588	17.2085729390169	17.1174026591505
16.9302893874831	16.9363989771429	17.4189754701128
17.1607092114989	17.1872824244217	17.0728667612234
16.9153139285956	16.8915953655846	17.0732497177112
16.7066361061181	16.7843104542305	17.0732497177112
16.4640815037041	16.5419600175346	16.8780115616867
16.9153139285956	16.8915953655846	17.423091392654
16.8263716899036	16.8621427708822	17.3683245297234
17.2385835439588	17.2085729390169	17.8149171794428
17.2330611525908	17.2085729390169	17.9368845050553
17.1202177641752	17.1407433411776	17.3421329309792
17.8425314882283	17.8429248865323	18.2132472968627
17.975971805797	18.0310367545962	17.8132800167932
17.7019008487148	17.7543348034148	18.4536934570613
18.204019835366	18.086313777379	18.7976768535935
18.2536083645487	18.1602746221489	18.1092332489859
18.5338106093448	18.477749889425	18.2011542876469
18.0420281031467	17.9965381700003	18.3294842134942
18.1031641863053	17.9886200006496	18.1081581048166
18.0551270031941	17.9694373245185	17.7438531059815
18.1446231823101	18.1292175987997	18.0301618011621
17.9925570153773	18.1112850057407	17.5522618967732
17.81897449627	17.8397813381097	18.1092332489859
18.289837739257	18.2274619539755	18.4536934570613
18.2512843296359	18.1602746221489	18.3227664343497
18.3934346526101	18.2925049770867	18.4705651628385
18.2096429154637	18.1504806949277	18.7334081625893
18.0538466895873	18.0516052803328	18.643409239566
17.7553912854339	17.7331145878463	18.7586907087258
17.8857218853983	17.8429248865323	18.9008258220535
17.5318471166852	17.5127234081567	18.9479797553801
17.6373627942649	17.6040234257709	18.8511371615936
17.2879476191143	17.3233401642361	19.0354625149359
17.5620471328344	17.5256935566821	18.7976768535935
17.6745209045755	17.6815074549981	18.7802280634891
17.3275969394133	17.3121713164661	18.4331832603761
18.2096429154637	18.168429158857	18.5703029729749
17.8857218853983	17.8429248865323	18.3586870462208
17.6484564962987	17.5570251131016	18.4848259491762
17.8016520300017	17.6526645158905	18.742060561914
17.5620471328344	17.440995478519	18.6144942430787
17.6994787356314	17.5256935566821	18.6783701919346
18.1187161887776	17.9385603258385	18.7976768535935
17.9303264090809	17.8429248865323	18.367404554288
18.2096429154637	18.1602746221489	18.9242132099929
18.2096429154637	18.1602746221489	19.1638645403337
17.7645342026395	17.5581089563109	19.3856335234363
17.7108592428242	17.5555927492681	19.3111845072463
18.0875478705454	17.9100176094512	19.62409091021
17.5620471328344	17.5256935566821	19.4894033769813
18.019957612884	17.8429248865323	19.815830283279
17.5620471328344	17.5256935566821	19.4010716575416
18.3602433115264	18.2266094284613	19.7544647533708
17.8857218853983	17.8429248865323	19.3840328162892
18.2635350057034	18.1602746221489	20.1137384074199
18.1052284335607	17.9560099705075	19.2441101785308
18.2096429154637	18.1602746221489	19.4843162168326
18.0856604579201	17.8943889769803	19.9093444578016
18.2096429154637	18.1602746221489	19.8271645237776
17.8857218853983	17.7421959609345	20.1526175327585
18.2096429154637	18.1602746221489	19.8657767398886
18.5338106093448	18.477749889425	20.5126585210376
18.5338106093448	18.477749889425	20.1699152457032
18.4963330764717	18.477749889425	20.7823175715497
18.4044037176645	18.3586353060012	20.1709672555742
18.5091345271143	18.4251739037909	20.3768525995655
17.895812868017	17.8429248865323	20.1142561086916
18.2096429154637	18.1602746221489	20.2857500819032
18.3192214296357	18.1602746221489	19.8271645237776
18.4188044094037	18.2727631120674	20.3481364487245
18.628661717239	18.477749889425	20.1699152457032
18.7788022105148	18.5165982446805	20.1699152457032
18.4534715245582	18.2070314729595	19.9737187258689
18.5338106093448	18.4362851311467	20.3765349416396
18.3842874560626	18.1602746221489	20.5481837030286
18.4235933208506	18.2144777492255	20.0868633568647
18.3923846665214	18.1965912575288	20.0975832934146
18.2096429154637	18.1602746221489	20.052235218832
NA	18.3956496783011	20.2612500255735
18.5338106093448	18.477749889425	20.5953908621595
18.3173411355358	18.1602746221489	20.4407740846168
18.5668942619751	18.477749889425	20.5126585210376
18.7876858864883	18.6263512980923	20.5126585210376
NA	NA	20.8019146341969
NA	18.4093039932907	20.5206252725988
NA	NA	20.9651576985364
NA	NA	20.8338187278437
NA	NA	20.8553891103115
NA	NA	21.0180026109196
NA	NA	20.8553891103115
NA	NA	21.0259069439451
NA	NA	21.1981062189704
NA	NA	20.8818152343376
NA	NA	21.1981062189704
NA	NA	21.5024797917702
NA	NA	21.4107541087664
NA	NA	21.6387871226312
NA	NA	21.7590720816994
NA	NA	21.8605478585653
NA	NA	22.1910687001984
NA	NA	21.9373242156286
NA	NA	22.5688508520167
NA	NA	21.7408256525444
NA	NA	21.9855708946705
NA	NA	21.203301046297
NA	NA	21.3274503529766
NA	NA	21.8805913100995
NA	NA	21.2011907908365
NA	NA	21.6901800004596
NA	NA	22.1455058945384
NA	NA	21.747939349742
NA	NA	21.1981062189704
NA	NA	21.5408126105555
NA	NA	21.7618162521937
NA	NA	21.1981062189704
NA	NA	21.287263722482
NA	NA	21.5306272005304
NA	NA	20.8675685974175
NA	NA	20.8553891103115
NA	NA	21.467804728237
NA	NA	21.4351715526288
NA	NA	21.5427166301347
NA	NA	21.2736900315435
NA	NA	21.2413668286072
NA	NA	21.3458731062853
NA	NA	20.9574226720879
NA	NA	21.2530603412974
NA	NA	21.5408126105555
NA	NA	21.5433299853052
NA	NA	21.1981062189704
NA	NA	21.4576043516054
NA	NA	21.6991346849452
NA	NA	21.5408126105555
NA	NA	22.0130680271043
NA	NA	21.5408126105555
NA	NA	21.2568506686419
NA	NA	21.895762513641
NA	NA	22.3081710621244
NA	NA	22.1275754688857
NA	NA	22.731221731416
NA	NA	22.3424724366659
NA	NA	22.2541586267029
NA	NA	22.0866707438015
NA	NA	22.2550233678191
NA	NA	22.5469724754609
NA	NA	22.2605393264872
NA	NA	21.9869970264357
NA	NA	22.0996059835487
NA	NA	22.9115325993299
NA	NA	22.7374248397743
NA	NA	23.4448827466395
NA	NA	23.1858520126221
NA	NA	23.2647190545274
NA	NA	22.9715236831816
NA	NA	23.2542031557186
NA	NA	23.2542031557186
NA	NA	23.5289639246412
NA	NA	22.9465420303856
NA	NA	23.9046778933123
NA	NA	23.7612459380347
NA	NA	23.5864372898606
NA	NA	22.9936907454907
NA	NA	23.0678788823798
NA	NA	23.1916179757377
NA	NA	23.2641373172339
NA	NA	23.596883758004
NA	NA	23.5951828300935
NA	NA	22.9115325993299
NA	NA	23.2262658344102
NA	NA	23.4225663009451
NA	NA	23.46044995596
NA	NA	23.5337442166106
NA	NA	23.7628911522326
NA	NA	24.2526903369827
NA	NA	23.9260784411535
NA	NA	24.3636249990119
NA	NA	23.9461358059105
NA	NA	24.5648954759061
NA	NA	24.7606764272738
NA	NA	24.4769695615105
NA	NA	24.1592358531593
NA	NA	23.9072089436032
NA	NA	24.7725846921427
NA	NA	24.0140066161761
NA	NA	24.2038781482151
NA	NA	24.0827152996131
NA	NA	23.9395712775686
NA	NA	24.36353064253
NA	NA	24.0583454793066
NA	NA	24.0617741906173
NA	NA	24.2689148140802
NA	NA	23.596883758004
NA	NA	23.8830314708677
NA	NA	24.2822718799409
NA	NA	23.725876906936
NA	NA	23.6190002162133
NA	NA	24.4940352837682
NA	NA	24.4107476822328
NA	NA	24.7431560817079
NA	NA	24.6249912240125
NA	NA	38.9676454159386
NA	NA	38.8320539733685
NA	NA	38.741966807338
NA	NA	39.0020074575099
NA	NA	38.9761713323669
NA	NA	39.0930654083181
NA	NA	39.0020074575099
NA	NA	38.8384379201613
NA	NA	39.2987340895467
NA	NA	39.3794391244505
NA	NA	39.4034431304045
NA	NA	39.6623023238143
NA	NA	39.8122660534485
NA	NA	39.6873081012291
NA	NA	39.5749585570349
NA	NA	39.6389065878609
NA	NA	39.0020074575099
NA	NA	39.3446998341426
NA	NA	39.30869004429
NA	NA	39.5987002830478
NA	NA	39.6535230953402
NA	NA	39.6873081012291
NA	NA	39.9280971870284
NA	NA	39.5804709851806
NA	NA	39.6873081012291
NA	NA	39.6873081012291
NA	NA	39.6873081012291
NA	NA	39.6873081012291
NA	NA	39.6873081012291
NA	NA	39.6873081012291
NA	NA	39.8614358710761
NA	NA	39.7266019781503
NA	NA	39.9518430176698
NA	NA	39.6873081012291
NA	NA	39.6873081012291
NA	NA	39.3446998341426
NA	NA	39.5694062813
NA	NA	39.398279198541
NA	NA	39.8317026175655
NA	NA	39.6873081012291
NA	NA	39.6902696765906
NA	NA	39.9925488122286
NA	NA	39.8971986086421
NA	NA	40.3501165832994
NA	NA	40.4727645008807
NA	NA	40.0001252157154
NA	NA	40.3725380909234
NA	NA	40.7151493391319
NA	NA	40.5734571338932
NA	NA	40.3887964318246
NA	NA	40.4297556921155
NA	NA	40.7151493391319
NA	NA	40.7151493391319
NA	NA	40.6801669789272
NA	NA	40.9940751691697
NA	NA	40.8510237377695
NA	NA	41.0577494895588
NA	NA	41.0678153183816
NA	NA	41.0577494895588
NA	NA	41.5541591928875
NA	NA	41.4003403356524
NA	NA	41.320401888848
NA	NA	41.4003403356524
NA	NA	41.7429345914832
NA	NA	41.6270080821982
NA	NA	41.7429345914832
NA	NA	41.6783949394258
NA	NA	42.0789618256251
NA	NA	41.7429345914832
NA	NA	41.6754064577766
NA	NA	41.6444326125258
NA	NA	41.7429345914832
NA	NA	41.4003403356524
NA	NA	41.0577494895588
NA	NA	41.3960259033636
NA	NA	41.4365202660622
NA	NA	41.0864044162085
NA	NA	41.4003403356524
NA	NA	41.5555780275095
NA	NA	41.4003403356524
NA	NA	41.4003403356524
NA	NA	41.4003403356524
NA	NA	41.3292495545183
NA	NA	41.7429345914832
NA	NA	41.4003403356524
NA	NA	41.2478506648828
NA	NA	41.3733424490786
NA	NA	41.4778110801991
NA	NA	41.6776806218066
NA	NA	41.469341221693
NA	NA	41.7511974869335
NA	NA	41.7429345914832
NA	NA	42.3071923258025
NA	NA	41.9980179716942
NA	NA	41.7429345914832
NA	NA	41.7667805230304
NA	NA	41.7429345914832
NA	NA	41.6944240726406
NA	NA	42.0855249459548
NA	NA	42.0855249459548
NA	NA	41.9893820302032
NA	NA	41.7429345914832
NA	NA	41.7429345914832
NA	NA	41.7429345914832
NA	NA	42.0855249459548
NA	NA	42.0523460276938
NA	NA	42.088664547372
NA	NA	42.1825764464555
NA	NA	42.0855249459548
NA	NA	42.1979373551837
NA	NA	42.0855249459548
NA	NA	41.8524630491966
NA	NA	42.0855249459548
NA	NA	42.1015727190621
NA	NA	42.0099082797768
NA	NA	41.8687028760449
NA	NA	42.1874898698981
NA	NA	42.0855249459548
NA	NA	41.7429345914832
NA	NA	41.8115924091701
NA	NA	42.0855249459548
NA	NA	42.089820884778
NA	NA	42.0855249459548
NA	NA	42.0855249459548
NA	NA	42.1179703717428
NA	NA	42.3545073117645
NA	NA	42.0855249459548
NA	NA	42.1528264166789
NA	NA	41.9882492258071
NA	NA	41.97164268331
NA	NA	42.0672968595054
NA	NA	42.4459832830358
NA	NA	42.4281327937841
NA	NA	42.7707398664916
NA	NA	42.601529319752
NA	NA	42.5181649433239
NA	NA	42.7707398664916
NA	NA	43.1133659294161
NA	NA	42.4101150649896
NA	NA	42.4281327937841
NA	NA	42.4615525828857
NA	NA	42.3496959017726
NA	NA	42.0925673957803
NA	NA	42.0855249459548
NA	NA	42.2858075438127
NA	NA	42.6636096518838
NA	NA	42.7707398664916
NA	NA	42.3956783677213
NA	NA	42.4281327937841
NA	NA	42.4247290621426
NA	NA	42.7707398664916
NA	NA	42.745451984607
NA	NA	42.4281327937841
NA	NA	42.2630337058891
NA	NA	42.5143694531562
NA	NA	42.8653896703811
NA	NA	42.7707398664916
NA	NA	42.9467899026923
NA	NA	43.1133659294161
NA	NA	43.1133659294161
NA	NA	42.8006432346124
NA	NA	42.7707398664916
NA	NA	43.4767870990832
NA	NA	43.2303003360602
NA	NA	43.259062509254
NA	NA	43.4560020543325
NA	NA	43.4201484157692
NA	NA	43.1904604460214
NA	NA	43.493803963567
NA	NA	43.4560020543325
NA	NA	43.4560020543325
NA	NA	43.8176247655944
NA	NA	44.2003462579592
NA	NA	43.5450135585813
NA	NA	43.7986589666427
NA	NA	44.1413304045594
NA	NA	44.2149624755091
NA	NA	44.1413304045594
NA	NA	44.3634857960219
NA	NA	43.9804294423895
NA	NA	43.9727227098363
NA	NA	43.7986589666427
NA	NA	43.7986589666427
NA	NA	43.8588831573611
NA	NA	44.1456735018589
NA	NA	44.3938782811597
NA	NA	44.1112012326594
NA	NA	44.8108861539322
NA	NA	45.169441946881
NA	NA	45.0227224888773
NA	NA	45.3621938589534
NA	NA	45.169441946881
NA	NA	45.169441946881
NA	NA	45.6120321891591
NA	NA	45.4605034091538
NA	NA	45.7306199742538
NA	NA	45.8548773612005
NA	NA	45.701749905075
NA	NA	46.1721137523289
NA	NA	45.5763764832286
NA	NA	46.3604352132739
NA	NA	45.8288335084276
NA	NA	45.5121609837112
NA	NA	45.7945780888344
NA	NA	45.474736416257
NA	NA	45.5211809714734
NA	NA	45.7261142902419
NA	NA	44.4840087223685
NA	NA	45.0343489111283
NA	NA	45.1279804104774
NA	NA	45.5121609837112
NA	NA	45.8382481666912
NA	NA	45.8978613366339
NA	NA	46.0887401222219
NA	NA	46.5070336769949
NA	NA	46.3456237931995
NA	NA	46.2659382838071
NA	NA	46.5023575385856
NA	NA	46.4444369515489
NA	NA	46.9760855064841
NA	NA	46.9244194048134
NA	NA	46.3575660325407
NA	NA	47.2764285765739
NA	NA	46.5842740407844
NA	NA	46.6281146342572
NA	NA	46.6937634077296
NA	NA	46.7616691540955
NA	NA	47.1020320591818
NA	NA	47.6974803820896
NA	NA	47.2231942727914
NA	NA	47.3631268778308
NA	NA	47.0568446534629
NA	NA	47.2357477951271
NA	NA	46.94909866189
NA	NA	46.4850063561692
NA	NA	46.9780753125812
NA	NA	47.2181867124053
NA	NA	47.7216314476144
NA	NA	48.0451066872483
NA	NA	47.6024751374862
NA	NA	48.2535977741248
NA	NA	48.2540290373102
NA	NA	48.4453698723034
NA	NA	47.5902366250444
NA	NA	47.6213408559079
NA	NA	46.6926866293661
NA	NA	46.5453515940087
NA	NA	46.1976104431482
NA	NA	46.2345758711653
NA	NA	46.955748178813
NA	NA	47.1794249845072
NA	NA	47.1989591928163
NA	NA	47.9112852225127
NA	NA	47.6971470531786
NA	NA	48.2698318488821
NA	NA	48.2183387258135
NA	NA	48.2740528999411
NA	NA	48.2440832949264
NA	NA	48.98096748393
NA	NA	48.6854802405427
NA	NA	48.9135239985551
NA	NA	50.2162587323761
NA	NA	50.1712624083501
NA	NA	50.1276705760424
NA	NA	49.7592720066749
NA	NA	50.9193182976981
NA	NA	50.6873347032184
NA	NA	50.0933968090187
NA	NA	50.1938136110771
NA	NA	49.4536780212272
NA	NA	49.6446505507835
NA	NA	48.9289052599823
NA	NA	48.7505096564337
NA	NA	48.4096640378221
NA	NA	48.8673561113067
NA	NA	48.416026688844
NA	NA	48.1129626801093
NA	NA	48.6681098345324
NA	NA	48.9755368341919
NA	NA	48.0485860254965
NA	NA	48.3633874524275
NA	NA	48.0033903809283
NA	NA	47.0744867904474
NA	NA	47.5330672829378
NA	NA	46.3565797128225
NA	NA	47.0887065610866
NA	NA	47.4153464001756
NA	NA	47.5198087842429
NA	NA	48.5631322762231
NA	NA	49.4202329960346
NA	NA	48.9973124855092
NA	NA	49.1717016912339
NA	NA	49.9949592836033
NA	NA	49.9151780759746
NA	NA	49.4425648964342
NA	NA	49.4813486242851
NA	NA	50.262064944679
NA	NA	49.5726565400041
NA	NA	51.0043730485233
NA	NA	50.2092804186878
NA	NA	50.8544574914238
NA	NA	50.3948500688257
NA	NA	50.2574505335124
NA	NA	49.551486438714
NA	NA	50.2402313866393
NA	NA	50.5766555923056
NA	NA	50.6777013246932
NA	NA	50.9970156031049
NA	NA	51.0474003612997
NA	NA	51.0840518992099
NA	NA	50.906181858564
NA	NA	51.2499403858175
NA	NA	51.8585412582568
NA	NA	50.8252562671789
NA	NA	51.1853510854841
NA	NA	50.5296369291494
NA	NA	50.8073325348387
NA	NA	51.4950404578864
NA	NA	51.1340549475514
NA	NA	51.0697586908299
NA	NA	51.8787420461281
NA	NA	51.4532658622197
NA	NA	51.0799384121248
NA	NA	23.9803355643672
NA	NA	24.21795371169
NA	NA	24.6032036554011
NA	NA	24.6289322829689
NA	NA	25.1759963908563
NA	NA	25.3104825925592
NA	NA	25.0772133440428
NA	NA	25.2049249545352
NA	NA	25.3412161455007
NA	NA	25.6401182235698
NA	NA	25.4736204953464
NA	NA	25.3104825925592
NA	NA	25.1039755535656
NA	NA	24.967736457951
NA	NA	24.8418584414462
NA	NA	25.3104825925592
NA	NA	24.6249912240125
NA	NA	24.6675615148663
NA	NA	24.8085891136038
NA	NA	25.3104825925592
NA	NA	24.967736457951
NA	NA	25.1755454009523
NA	NA	24.6942784670178
NA	NA	25.453048054358
NA	NA	25.2424872213693
NA	NA	24.967736457951
NA	NA	25.2684181409058
NA	NA	25.1846482589536
NA	NA	24.2822718799409
NA	NA	24.6045635065303
NA	NA	24.4652309618133
NA	NA	24.7401224961534
NA	NA	24.6249912240125
NA	NA	24.5548426282352
NA	NA	24.9179530960316
NA	NA	24.7524108604838
NA	NA	24.7884560086122
NA	NA	24.3883163454
NA	NA	25.117198785207
NA	NA	24.4009065539059
NA	NA	24.6249912240125
NA	NA	24.6665763044355
NA	NA	24.6249912240125
NA	NA	23.9395712775686
NA	NA	24.6249912240125
NA	NA	24.2480281796035
NA	NA	24.3555800695636
NA	NA	24.9523847527281
NA	NA	24.6898408839555
NA	NA	24.967736457951
NA	NA	24.934209555061
NA	NA	25.200942090444
NA	NA	24.9966163848627
NA	NA	25.1259482610291
NA	NA	25.1998813661371
NA	NA	25.3104825925592
NA	NA	25.1724436282495
NA	NA	25.1872849657765
NA	NA	25.5110452568436
NA	NA	25.1171462864654
NA	NA	25.0216954992704
NA	NA	24.5303437518719
NA	NA	24.8592103491887
NA	NA	24.5645486515239
NA	NA	24.9048361194838
NA	NA	24.6249912240125
NA	NA	25.3104825925592
NA	NA	24.6614646660157
NA	NA	24.9498967343469
NA	NA	25.4997491384209
NA	NA	25.1298770411759
NA	NA	25.48467396385
NA	NA	25.3335239436897
NA	NA	26.3386196010783
NA	NA	26.2477620495678
NA	NA	26.4370771450775
NA	NA	25.9959274502929
NA	NA	26.1961763263121
NA	NA	26.3205120231741
NA	NA	26.2332745105297
NA	NA	26.3386196010783
NA	NA	26.4060096692861
NA	NA	26.3386196010783
NA	NA	26.5801881649933
NA	NA	26.152217878924
NA	NA	26.7906986030138
NA	NA	26.4365917007899
NA	NA	26.6357272907302
NA	NA	26.5872155164977
NA	NA	26.9225089107339
NA	NA	27.0239911779772
NA	NA	27.0239911779772
NA	NA	27.1897721864204
NA	NA	27.0239911779772
NA	NA	27.0768653338382
NA	NA	27.496934655999
NA	NA	27.3266535776217
NA	NA	27.7093690604461
NA	NA	27.5728302844895
NA	NA	28.0520826168649
NA	NA	27.7093690604461
NA	NA	27.7093690604461
NA	NA	27.5439862492371
NA	NA	27.7509872047477
NA	NA	27.0239911779772
NA	NA	27.6799939668359
NA	NA	27.3666670535853
NA	NA	27.5864219189364
NA	NA	27.3919180900436
NA	NA	27.601256378083
NA	NA	27.5676257552134
NA	NA	27.3666670535853
NA	NA	27.3666670535853
NA	NA	27.6942736574513
NA	NA	27.8527867485642
NA	NA	28.2994997610782
NA	NA	28.8434356614758
NA	NA	28.3696538573125
NA	NA	28.2326527812254
NA	NA	28.1457866550489
NA	NA	28.7013491494481
NA	NA	29.333856495195
NA	NA	28.5654650186403
NA	NA	29.0088828557742
NA	NA	29.2907046155562
NA	NA	29.2162069593708
NA	NA	29.6926435758475
NA	NA	29.3448874945584
NA	NA	29.1697237781137
NA	NA	30.3107648127343
NA	NA	30.1079287458363
NA	NA	30.4068068245286
NA	NA	30.8447305052891
NA	NA	30.7605144609866
NA	NA	30.5570926948987
NA	NA	30.7932022516295
NA	NA	30.4505743894902
NA	NA	30.4505743894902
NA	NA	31.1357215543192
NA	NA	30.895642953912
NA	NA	31.1503793273267
NA	NA	31.3182361799006
NA	NA	31.5151174348427
NA	NA	32.3519279946256
NA	NA	31.4779878199921
NA	NA	31.8353539984055
NA	NA	31.846981172944
NA	NA	32.1576022627979
NA	NA	32.1576022627979
NA	NA	32.1576022627979
NA	NA	32.1576022627979
NA	NA	32.0135843534725
NA	NA	32.1323290702439
NA	NA	32.1576022627979
NA	NA	32.0154659303622
NA	NA	31.8194853148814
NA	NA	32.1034597048811
NA	NA	31.8450999288792
NA	NA	32.1576022627979
NA	NA	32.1576022627979
NA	NA	32.1576022627979
NA	NA	32.1576022627979
NA	NA	32.1576022627979
NA	NA	32.1576022627979
NA	NA	32.1576022627979
NA	NA	32.1576022627979
NA	NA	32.1576022627979
NA	NA	32.1576022627979
NA	NA	32.1576022627979
NA	NA	32.1576022627979
NA	NA	32.1576022627979
NA	NA	32.1576022627979
NA	NA	32.1576022627979
NA	NA	32.1576022627979
NA	NA	32.1576022627979
NA	NA	32.1576022627979
NA	NA	32.1576022627979
NA	NA	31.8811722003666
NA	NA	32.1576022627979
NA	NA	32.1576022627979
NA	NA	32.1576022627979
NA	NA	31.9203130090428
NA	NA	32.1576022627979
NA	NA	32.1576022627979
NA	NA	32.1576022627979
NA	NA	32.0656325140881
NA	NA	32.1576022627979
NA	NA	32.0508011173109
NA	NA	31.8194853148814
NA	NA	31.9008403736177
NA	NA	32.0063399928935
NA	NA	31.8194853148814
NA	NA	31.8194853148814
NA	NA	31.9636601815099
NA	NA	31.8194853148814
NA	NA	31.8194853148814
NA	NA	31.8194853148814
NA	NA	31.8194853148814
NA	NA	31.8996154719125
NA	NA	32.1576022627979
NA	NA	32.1576022627979
NA	NA	32.1576022627979
NA	NA	32.1576022627979
NA	NA	32.1576022627979
NA	NA	32.1576022627979
NA	NA	32.1576022627979
NA	NA	32.1576022627979
NA	NA	32.1576022627979
NA	NA	32.1576022627979
NA	NA	32.1576022627979
NA	NA	31.9567295737259
NA	NA	32.1576022627979
NA	NA	32.1230668607647
NA	NA	32.1576022627979
NA	NA	32.1576022627979
NA	NA	31.9469239488768
NA	NA	32.1576022627979
NA	NA	32.1576022627979
NA	NA	32.1576022627979
NA	NA	32.1576022627979
NA	NA	32.1576022627979
NA	NA	32.1576022627979
NA	NA	32.1576022627979
NA	NA	32.1576022627979
NA	NA	32.1576022627979
NA	NA	32.1576022627979
NA	NA	32.1576022627979
NA	NA	32.1576022627979
NA	NA	32.1576022627979
NA	NA	32.0716744858083
NA	NA	32.1576022627979
NA	NA	32.1576022627979
NA	NA	31.9577651947057
NA	NA	31.9415799708059
NA	NA	32.0722962326957
NA	NA	32.1576022627979
NA	NA	32.1576022627979
NA	NA	32.1576022627979
NA	NA	32.1576022627979
NA	NA	32.1576022627979
NA	NA	31.8194853148814
NA	NA	31.8194853148814
NA	NA	31.8194853148814
NA	NA	31.8194853148814
NA	NA	31.7636822739254
NA	NA	31.8194853148814
NA	NA	31.8194853148814
NA	NA	31.8194853148814
NA	NA	31.8194853148814
NA	NA	31.8194853148814
NA	NA	31.8194853148814
NA	NA	31.8194853148814
NA	NA	32.0904070770935
NA	NA	31.8516699288202
NA	NA	31.8194853148814
NA	NA	32.1576022627979
NA	NA	32.1130624369419
NA	NA	32.0411529911559
NA	NA	31.8194853148814
NA	NA	32.1576022627979
NA	NA	32.1576022627979
NA	NA	32.1576022627979
NA	NA	32.1576022627979
NA	NA	32.1576022627979
NA	NA	32.1576022627979
NA	NA	32.1576022627979
NA	NA	32.1576022627979
NA	NA	32.1576022627979
NA	NA	32.1576022627979
NA	NA	32.1576022627979
NA	NA	32.1576022627979
NA	NA	32.1576022627979
NA	NA	32.1576022627979
NA	NA	32.1576022627979
NA	NA	32.1576022627979
NA	NA	32.1576022627979
NA	NA	32.1576022627979
NA	NA	32.1576022627979
NA	NA	32.1576022627979
NA	NA	32.1576022627979
NA	NA	32.1576022627979
NA	NA	32.1576022627979
NA	NA	32.1576022627979
NA	NA	32.1576022627979
NA	NA	32.1576022627979
NA	NA	32.1576022627979
NA	NA	32.1576022627979
NA	NA	32.1576022627979
NA	NA	32.1576022627979
NA	NA	32.1576022627979
NA	NA	32.1576022627979
NA	NA	32.1576022627979
NA	NA	32.1576022627979
NA	NA	32.1576022627979
NA	NA	32.1576022627979
NA	NA	32.1576022627979
NA	NA	32.1576022627979
NA	NA	32.1576022627979
NA	NA	32.1576022627979
NA	NA	32.1576022627979
NA	NA	32.1576022627979
NA	NA	32.1576022627979
NA	NA	32.1576022627979
NA	NA	32.1576022627979
NA	NA	32.1576022627979
NA	NA	32.1576022627979
NA	NA	32.1576022627979
NA	NA	32.1576022627979
NA	NA	32.1576022627979
NA	NA	32.1576022627979
NA	NA	32.1576022627979
NA	NA	32.1576022627979
NA	NA	32.1576022627979
NA	NA	32.1576022627979
NA	NA	32.1576022627979
NA	NA	32.1576022627979
NA	NA	32.1576022627979
NA	NA	32.1576022627979
NA	NA	32.1576022627979
NA	NA	32.1576022627979
NA	NA	32.1576022627979
NA	NA	32.1576022627979
NA	NA	32.1576022627979
NA	NA	32.1576022627979
NA	NA	32.1576022627979
NA	NA	32.1576022627979
NA	NA	32.1576022627979
NA	NA	32.1576022627979
NA	NA	32.1576022627979
NA	NA	32.1112643912441
NA	NA	32.1576022627979
NA	NA	32.1576022627979
NA	NA	32.1576022627979
NA	NA	31.8194853148814
NA	NA	31.9237213749809
NA	NA	31.8342146312584
NA	NA	32.1055687432585
NA	NA	31.9867274829132
NA	NA	32.1135309994908
NA	NA	32.1576022627979
NA	NA	32.1576022627979
